:020000041000EA
:1000000000B5324B212058609868022188439860DF
:10001000D860186158612E4B002199600221596106
:100020000121F02299502B49196001219960352056
:1000300000F044F80222904214D00621196600F024
:1000400034F8196E01211966002018661A6600F04E
:100050002CF8196E196E196E052000F02FF8012189
:100060000842F9D1002199601B49196000215960AB
:100070001A491B48016001219960EB211966A021F2
:10008000196600F012F800219960164914480160C1
:100090000121996001BC002800D000471248134993
:1000A000086003C880F30888084703B5996A0420EC
:1000B0000142FBD001200142F8D103BD02B5186610
:1000C0001866FFF7F2FF186E186E02BD00000240BE
:1000D000000000180000070000035F00212200005C
:1000E000F4000018222000A00001001008ED00E03C
:1000F00000000000000000000000000074B24E7A12
:1001000000000420E3010010C3010010E903001007
:10011000C1010010C1010010C1010010C101001097
:10012000C1010010C1010010C10100104503001001
:10013000C1010010C1010010C9030010D503001057
:10014000CD010010CD010010CD010010CD01001037
:10015000CD010010CD010010CD010010CD01001027
:10016000CD010010CD010010CD010010CD01001017
:10017000CD010010CD010010CD010010CD01001007
:10018000CD010010CD010010CD010010CD010010F7
:10019000CD010010CD010010CD010010CD010010E7
:1001A000CD010010CD010010CD010010CD010010D7
:1001B000CD010010CD010010CD010010CD010010C7
:1001C00000BE00BE00BE00BE00BE00BE00F03FF894
:1001D000103800BE00202049086006C881F3088856
:1001E00010471E48006800282DD10CA40ECC002911
:1001F00002D000F010F8F9E719491A4A002000E08F
:1002000001C19142FCD1184988471849884700BE6E
:10021000FDE701C901C29A42FBD370474466011051
:10022000C000002038110020C87601100000042012
:10023000D8000420A0770110001004200010042032
:100240000000000070470A480CF0D2FC0047EFF3B2
:100250000580C0B27047000008ED00E0000000D04B
:1002600048110020B0890220CD020010E9AC001036
:1002700057560000F8B5C046F8BC08BC9E4670470B
:10028000F8B5C04610B5064C2378002B07D1054BB6
:10029000002B02D0044800E000BF0123237010BDF2
:1002A000989600200000000084020010044B10B556
:1002B000002B03D00349044800E000BF10BDC04636
:1002C000000000009C96002084020010164B002BBA
:1002D00000D1144B9D46402292029A1A9246002168
:1002E0008B460F461348144A121A0EF04DFC0F4B62
:1002F000002B00D098470E4B002B00D098470020D1
:10030000002104000D000D48002802D00C480AF01E
:10031000EEFC0DF0BBFF2000290007F087F90AF082
:10032000E3FCC046000008000000042000000000BC
:100330008D75001048110020B0890220EFAC00102C
:10034000000000007046C0082CD3EFF309808169DB
:1003500002390978002929D101B50FC8B8470CBC6A
:1003600003C29E461E4B06CB91421ED0083B1A602C
:10037000002909D0EFF3098020388863F0C0444693
:100380004D4656465F46F0C0906B1030F0C8A04610
:10039000A946B246BB4680F309882038F0C802203F
:1003A000C0430047EFF30880D1E770470D4A136858
:1003B0009942FAD801B5890053589C460FC8E047C6
:1003C0000CBC10609E46704701B506F0DBFB03BC19
:1003D0008E46C7E701B506F093FB03BC8E46C1E726
:1003E00078050020E0420110102304E0202302E001
:1003F000302300E040239C46F0B404AE7546E80884
:1004000001D3EFF309860E4F0FCE0FC70FBC0FC7F6
:100410004046494652465B460FC71DCE3100A60AEC
:1004200000D304316E0900D248311FC7EFF30980B1
:100430006946EFF3148663C76046014909F0FCFF83
:10044000A4A6002001480421014B184760070020A2
:1004500001CC001002B47146490849000956490010
:100460008E4402BC7047C04602B471464908490038
:10047000095C49008E4402BC7047C0460022430814
:100480008B4274D303098B425FD3030A8B4244D35C
:10049000030B8B4228D3030C8B420DD3FF2209029E
:1004A00012BA030C8B4202D31212090265D0030B5D
:1004B0008B4219D300E0090AC30B8B4201D3CB0353
:1004C000C01A5241830B8B4201D38B03C01A524195
:1004D000430B8B4201D34B03C01A5241030B8B4297
:1004E00001D30B03C01A5241C30A8B4201D3CB0282
:1004F000C01A5241830A8B4201D38B02C01A524167
:10050000430A8B4201D34B02C01A5241030A8B4269
:1005100001D30B02C01A5241CDD2C3098B4201D381
:10052000CB01C01A524183098B4201D38B01C01AFF
:10053000524143098B4201D34B01C01A5241030976
:100540008B4201D30B01C01A5241C3088B4201D325
:10055000CB00C01A524183088B4201D38B00C01AD2
:10056000524143088B4201D34B00C01A5241411AF9
:1005700000D20146524110467047FFE701B5002006
:1005800000F0F0F802BDC0460029F7D076E77047CA
:1005900003460B437FD4002243088B4274D30309E4
:1005A0008B425FD3030A8B4244D3030B8B4228D385
:1005B000030C8B420DD3FF22090212BA030C8B42AB
:1005C00002D31212090265D0030B8B4219D300E04B
:1005D000090AC30B8B4201D3CB03C01A5241830BD0
:1005E0008B4201D38B03C01A5241430B8B4201D380
:1005F0004B03C01A5241030B8B4201D30B03C01AA9
:100600005241C30A8B4201D3CB02C01A5241830A22
:100610008B4201D38B02C01A5241430A8B4201D351
:100620004B02C01A5241030A8B4201D30B02C01A7B
:100630005241CDD2C3098B4201D3CB01C01A5241E2
:1006400083098B4201D38B01C01A524143098B426B
:1006500001D34B01C01A524103098B4201D30B0154
:10066000C01A5241C3088B4201D3CB00C01A524179
:1006700083088B4201D38B00C01A524143088B423E
:1006800001D34B00C01A5241411A00D201465241D7
:10069000104670475DE0CA0F00D04942031000D3F6
:1006A0004042534000229C4603098B422DD3030A4B
:1006B0008B4212D3FC22890112BA030A8B420CD35B
:1006C000890192118B4208D3890192118B4204D384
:1006D00089013AD0921100E08909C3098B4201D304
:1006E000CB01C01A524183098B4201D38B01C01A3E
:1006F000524143098B4201D34B01C01A52410309B5
:100700008B4201D30B01C01A5241C3088B4201D363
:10071000CB00C01A524183088B4201D38B00C01A10
:100720005241D9D243088B4201D34B00C01A5241E7
:10073000411A00D20146634652415B10104601D374
:100740004042002B00D54942704763465B1000D3FE
:10075000404201B5002000F005F802BD0029F8D0A4
:1007600016E770477047C046D0400B1CD1409C46EE
:10077000203AD3401843524263469340184370478F
:100780009140031C90409C46203A934019435242AA
:100790006346D340194370478446101C62468C461A
:1007A000191C634600E0C0461FB501F025FE002875
:1007B00001D40021C8421FBD10B501F07DFD4042AB
:1007C000013010BD10B501F017FE002801DB00203C
:1007D00010BD012010BDC04610B501F00DFE00286F
:1007E00001DD002010BD012010BDC04610B501F094
:1007F0009FFD002801DC002010BD012010BDC04677
:1008000010B501F095FD002801DA002010BD01208F
:1008100010BDC0468446081C6146FFE71FB500F0C6
:100820003DFB002801D40021C8421FBD10B500F0D7
:10083000BFFA4042013010BD10B500F02FFB002878
:1008400001DB002010BD012010BDC04610B500F036
:1008500025FB002801DD002010BD012010BDC04691
:1008600010B500F0CDFA002801DC002010BD0120F9
:1008700010BDC04610B500F0C3FA002801DA002010
:1008800010BD012010BDC0461C2101231B0498424D
:1008900001D3000C10391B0A984201D3000A083911
:1008A0001B09984201D30009043902A2105C4018C8
:1008B0007047C0460403020201010101000000006C
:1008C00000000000002B15D1002A13D1002906DBFF
:1008D00001DC002806D00020C043410802E080214E
:1008E0000906002007B4024801A14018029003BD88
:1008F00075FEFFFF03B4684601B5029800F02AF9BF
:10090000019B9E4602B00CBC7047C046002B11D123
:10091000002A0FD1002900D1002802D00021C943AC
:10092000081C07B4024802A14018029003BDC0464B
:1009300035FEFFFF03B4684601B5029800F048F8A1
:10094000019B9E4602B00CBC7047C046F0B5CE4637
:10095000474615042D0C2E0080B50704140C3F0CDF
:100960009946030C7E435D43674363437F19340C10
:10097000E4199C46A54203D980235B029846C444EF
:100980004B4643435143250C36046544360C24043E
:10099000A4195B19591820000CBC90469946F0BD6B
:1009A0009E2110B5C905041CFFF764FF002803D180
:1009B000201C00F0B9FD10BD9E21201CC90500F0CF
:1009C000EFFB00F0B1FD80231B069C466044F2E77C
:1009D000F0B54F464646D646C0B5040082B00D007D
:1009E000914698468B422FD82CD04146484602F07B
:1009F000E3FB29000600200002F0DEFB331A9C46D0
:100A0000203B9A4600D576E04B46524693401F0065
:100A10004B46624693401E00AF4228D825D053462D
:100A2000A41BBD41002B00DA7BE0002200230092D2
:100A30000193012352469340019301236246934060
:100A4000009318E08242D0D9002200230092019343
:100A50000A9B002B01D01C605D600098019902B0D8
:100A60001CBC90469946A246F0BDA342D7D90022AD
:100A70000023009201936346002BE9D0FB079846C0
:100A8000414672080A437B0866460EE0AB4201D13C
:100A9000A2420CD8A41A9D41012024196D410021C5
:100AA000013E24184D41002E06D0AB42EED9013E46
:100AB00024196D41002EF8D1009801995346001970
:100AC0006941002B23DB2B005246D3402A006446A9
:100AD000E2401C0053461500002B2DDB2600574634
:100AE000BE40330026006746BE403200801A99415E
:100AF00000900191ACE7624620239B1A4A46DA40F7
:100B00006146130042468A4017001F4380E7624651
:100B100020239B1A2A0066469A402300F340134381
:100B2000D4E76246202300219B1A00220091019203
:100B30000122DA40019280E72023624626009B1AB8
:100B4000DE402F00B0466646B74046463B00334382
:100B5000C8E7C046F0B583B016001F0000900191B1
:100B600002F036FB04000D0002000B0030003900DB
:100B7000FFF7ECFE009A019B121A8B4108992000A6
:100B80000A604B60290003B0F0BDC046F8B5574677
:100B90004E464546DE464402E0B546008846640AB5
:100BA000360EC70F002E63D0FF2E24D08023E40022
:100BB000DB041C43002399469B467F3E4346424646
:100BC0005D02D20F5B006D0A1B0E9046924665D007
:100BD000FF2B55D080220021ED00D2047F3B15432E
:100BE000F61A43464A467B400F2A00D98DE06D48ED
:100BF000920082589746002C54D108239946063B10
:100C0000FF269B46DAE70025534602291BD003291D
:100C100000D1BFE0012928D030007F30002820DD3E
:100C20006A0704D00F222A40042A00D004352A0182
:100C300003D530005C4A80301540FE2803DCAC014F
:100C4000640AC2B201E0FF2200246402D205600AF5
:100C5000DB07104318433CBC90469946A246AB467E
:100C6000F8BD0122101A1B287CDD00220024ECE7CD
:100C7000002C1DD104239946033B00269B469DE78B
:100C8000FF3E002D20D1022143464A467B400A43C5
:100C90000F2AD8D84548920082589746002D19D17E
:100CA0000121F1E70C239946093BFF269B4685E786
:100CB0002000FFF7E9FD7626431F9C400023764283
:100CC000361A99469B4679E74A4603231A439146CA
:100CD000032186E72800FFF7D7FD431F36189D4004
:100CE000763600217DE780240023E403FF22ACE771
:100CF00000258023DB031C4228D01D4226D12B4334
:100D00005C02640A4346FF229FE762016C01A24233
:100D100024D21B210025013E012710006D00520046
:100D2000002801DB944201D8121B3D430139002900
:100D3000F3D11400621E944125436DE7BA4659462B
:100D400025005346022900D061E77CE78023DB03BE
:100D50001C436402640A3B00FF2276E7121B1A213F
:100D60000125D9E79E362A00B5402C00C240651EF9
:100D7000AC411443620704D00F222240042A00D061
:100D80000434620103D4A401640A00225DE7012255
:100D900000245AE78024E4032C436402640AFF22FF
:100DA00053E7C046F43D0110FFFFFFF7343E01104A
:100DB00070B542004E024C0045026D0A120EC30F80
:100DC000760A240EC90FFF2A0FD0FF2C11D0012064
:100DD000A24200D070BDB542FCD18B420DD0002A9A
:100DE000F8D12800451EA841F4E70120002DF1D1DB
:100DF000EBE70120002EEDD1E9E70020EAE7C0464D
:100E000070B54A004E02450244006D0A240EC30F1D
:100E1000760A120EC90FFF2C15D0FF2A0ED0002C17
:100E200015D1002A01D1002E1CD0002D14D08B42E8
:100E300027D00220013B1840013870BD002EEED0B3
:100E400002204042F9E7002DFAD1FF2A0ED0002AF5
:100E50000ED1002EEDD00BE001230139994308009B
:100E60000130EAE70020002DE7D0E2E7002EE7D1CD
:100E70008B42DED1944205DD0221581E0840013824
:100E8000DBE70024A24204DCB542D2D80020B54200
:100E9000D3D2581E012398430130CEE730B542002B
:100EA00044024D02C30F4800640A120E6D0A000E80
:100EB000C90FFF2A12D0FF280CD0002A12D1002817
:100EC00019D1002D17D1002C2BD00220013B184046
:100ED000013826E0002DF0D0022022E0002CFBD1CA
:100EE000FF281FD000281FD1002D1DD10220013B5B
:100EF0001840013815E0002C0ED08B42E5D10022BD
:100F0000904204DCAC42E0D80020AC4209D2581E2A
:100F100001239843013004E001230139994308007B
:100F2000013030BD002DD7D18B42CED18242E7DDDA
:100F30000221581E08400138F3E7C046F0B54E467E
:100F400057464546DE46E0B543025B0A450083B09E
:100F50000F1C99462D0EC60F002D57D0FF2D24D003
:100F60008020DB00C0041843002381469A469B463C
:100F70007F3D7C027A00FB0F640A120E984623D054
:100F8000FF2A4BD0E30080240020E4047F3A1C4376
:100F9000AD186B1C47460193534677403A000F2B20
:100FA00048D87D499B00CB589F46002B00D085E058
:100FB00008339A46063B9B467C027A00FB0FFF25CE
:100FC000640A120E9846DBD1002C00D090E0524605
:100FD00001231A4392460120DBE74C46584617008E
:100FE000022824D0032800D1CFE0002200230128CA
:100FF0004DD15802D205400AFF071043384303B0D1
:101000003CBC90469946A246AB46F0BD002B5BD156
:1010100004239A46033B00259B46AAE7FF35002C94
:1010200060D1524602231A4392460220B1E7FF22C2
:101030000023DEE74B461B0C9C464B462604360C31
:10104000180461463300220C6446000C43434E43AF
:101050005043544380191A0C1218964203D9802128
:1010600049028C4664441B041B0C1004C018830105
:101070005E1EB341800E1843130C1B199B010343E2
:101080001C00230179D5012362081C401443019AF6
:101090007F32002A4DDD630704D00F232340042B49
:1010A00000D00434230103D53C4B019A1C4080320C
:1010B000FE2ABCDCA3015B0AD2B29AE70C239A4653
:1010C000093BFF259B4654E71800FFF7DDFB4A4626
:1010D000431F76259A4000236D4291462D1A9A4669
:1010E0009B4646E7524603231A439246032050E7A5
:1010F0002000FFF7C9FB431F2D1A9C40763D0020BE
:1011000047E780230027DB03FF2272E7424666E7BA
:101110004C463200584662E780234A46DB031A42B7
:1011200022D01C4220D123435B025B0A4746FF22A8
:101130005FE701239A1A1B2A21DC23000199D3407F
:101140009E318C401A0023005C1EA34113435A07B2
:1011500004D00F221A40042A00D004335A0111D4BB
:101160009B015B0A002244E780234A46DB031343CA
:101170005B025B0A3700FF223BE7019587E700220D
:10118000002336E70122002333E78023DB032343D8
:101190005B025B0AFF222CE7743E0110FFFFFFF7A2
:1011A000F8B54746CE464400C20F80B54702480214
:1011B000400A8446664648007F0A240EF600250051
:1011C0009046FB00000EC90FB146FF2800D185E014
:1011D00001267140261A914257D0002E43DD002887
:1011E00000D07FE04946002900D1AAE0013E002E50
:1011F00000D0F7E05B1A5A0100D48BE09B019C09F8
:101200002000FFF741FB05388440854200DDD3E034
:10121000451B230020200135EB40451BAC40621EDE
:1012200094412343072400251C40012241460A40E3
:10123000002C04D00F211940042900D00433590197
:1012400000D480E00135ECB2FF2D00D0A3E0FF24F4
:1012500000235B02E405580AD207204310430CBC6C
:1012600090469946F8BD002E74D1601CC0B201288A
:1012700000DCA7E04A469C1A620100D5B6E0002CCB
:10128000BED1002200240023E3E7002E00DC85E02D
:10129000002846D0FF2C49D080224846D204104373
:1012A000814601221B2E09DC20204C46801B8440F5
:1012B0004A462000F240441EA04102439B185A01B6
:1012C00028D50135FF2D00D1A8E00122072494493B
:1012D0001A405B080B4013431C40A6E7002E00D0C9
:1012E00078E775E7FF2C54D080224946D204114399
:1012F000894601221B2E09DC20214846891B884093
:101300004A460100F240481E81410A439B1A5A0195
:1013100000D573E7012241460A40590700D089E70A
:1013200011E04846002858D1FF2C0CD1DB08002BD7
:1013300000D18CE78020C00303435B025B0AFF24DB
:1013400087E7FF2C25D0DB08FF2DF0D05B025B0A7E
:10135000ECB27EE7002C4DD0FF2818D08024E404A6
:10136000724223431B2A00DDC4E01C002025D44028
:10137000AA1A93405A1E934123434A460500D31AA2
:10138000884638E7721CF8D0F243FF28EAD10A00F9
:101390004B46FF25D7E79B015B0A5AE7002E41D158
:1013A000651CE9B2012945DDFF2D00D14FE7072477
:1013B0004B445B081C4038E707225A4B2D1A234048
:1013C000144032E7002C1DD1002B7AD14B46002B64
:1013D00000D191E00A000025B5E7013E002E19D1A9
:1013E0004B446CE7FF2C84D1FF25ACE74A46884686
:1013F000D41A05E7002BC5D10A00FF28C8D0050084
:101400004B46A0E7002B49D14B46002B77D00A0072
:10141000FF2598E7FF2C00D043E787E70A00FF2469
:10142000002316E7002C15D1002B57D1FF28E6D159
:101430004B467BE7002C20D1002B57D04946002992
:1014400053D04B445A0168D50724364A1C40012525
:101450001340EAE6FF28EBD08022D2047642134301
:101460001B2E53DC2025AD1B1A00AB40F2405C1E46
:10147000A34113434B44050021E7002BD8D0494634
:10148000002900D152E78021C9030F4200D14DE766
:101490006046084200D049E74B4647E74846FF25EB
:1014A000002800D14FE78022D203174204D06046C3
:1014B000104201D14B46884601224146FF250A4091
:1014C00041E7484600281FD01A1A500120D54A4645
:1014D0000724D31A1C4088460025A6E6741CC9D0F0
:1014E000F643FF28BCD14B4620E799464B460025E2
:1014F000DB082BE7012340E700220023A9E6802335
:101500000022DB03FF24A4E600251CE70123B1E74A
:10151000002AF1D013000025FCE60025FAE6C046BB
:10152000FFFFFF7DFFFFFFFB41024200C30F490A9F
:10153000120E00207E2A0DD99D2A0CD8802000048E
:101540000143952A0ADC9620821AD1404842002B9A
:1015500000D108007047034A9818FBE7963A91407B
:10156000F4E7C046FFFFFF7F70B500283DD0C317EA
:10157000C5185D40C40F2800FFF786F99E22121A95
:10158000962A07DCD2B2082833DD08388540680285
:10159000400A23E0992A0BDD052329001B1AD940B4
:1015A00003001B339D402B005D1EAB4119430D0012
:1015B000052801DD431F9D402B000F490B406E079E
:1015C00009D00F263540042D05D004335D0102D526
:1015D0009F220B40121A9B01580AD2B24002D20538
:1015E000400AE4071043204370BD0024002200207D
:1015F000F4E76802400AF1E7FFFFFFFB70B5041E45
:1016000034D0FFF741F99E22121A962A07DCD2B293
:1016100008282EDD083884406002400A21E0992A1B
:1016200009DD030021001B3399404B1E994105231E
:101630001B1ADC400C43052801DD431F9C4023009E
:101640000D490B40650709D00F252C40042C05D00F
:1016500004335C0102D59F220B40121A9B01580AE9
:10166000D2B24002D205400A104370BD00220020D1
:10167000F7E76002400AF4E7FFFFFFFBF0B54F46D3
:101680004646D6460C000903C0B5490A470F5E001E
:1016900039431F03DB0F9C4665007B0A570F1F432E
:1016A0006D0DE40F760DA146C000B846D200AB1B0D
:1016B00064457BD0002B5FDD002E00D0A4E03E000F
:1016C000164300D112E15E1E002E00D09EE1871A63
:1016D0004346B84280410125C91A4042091A0B020B
:1016E00000D431E149024E0A002E00D16EE13000F3
:1016F000FFF7CAF80300083B1F2B00DD61E1202241
:101700003900D21A9E40D1409F400E439D4200DDD9
:1017100051E15D1B6B1C1F2B00DD7CE12021C91AF0
:101720003D0030008F408840DD40791E8F41310000
:1017300007222843D940002507433A40002A09D010
:101740000F233B40042B05D03B1DBB42BF417F42D2
:10175000C9191F000B0200D426E26A1CC64B5505AE
:101760006D0D9A4200D106E1C44AFF080A405307B2
:1017700052023B43120B8EE0002B00D0B8E06B1CF2
:101780005B055B0D012B00DC30E1871A4346B84254
:10179000B641CB1A76429E1B330200D54CE13B008A
:1017A0003343A1D100220024002570E0002B00DC8F
:1017B000E5E0002E00D183E0AF4EB54260D0802638
:1017C00036043743B846382B00DC3EE1434613432A
:1017D0001F007A1E97413F188742804140420918F6
:1017E0000B0200D4B0E0A44B01359D4200D1C3E010
:1017F000A24A7B080A4001210F401F435108D3072A
:1018000007221F433A4099E79B4EB54238D08026C5
:1018100036043743B846382B00DDDCE01F2B00DCF4
:1018200030E11E004746203EF740BC46202B04D046
:101830004026F31A46469E403243170063467A1EFE
:1018400097411F43CCE0002B00D104E243461343F1
:1018500000D159E14B07C00818438023C9081B0376
:10186000194208D04546ED081D4204D14346D00830
:10187000590708432900420FC9007F4D1143C0009A
:101880004B07CA087C49C00803438D4268D0120345
:101890006D05120B6D0D002112031800130B0A0DBC
:1018A00012051A43764B2D0513402B435B00E407CA
:1018B0005B08234319001CBC90469946A246F0BD24
:1018C0003E00164312D05E1E002E00D000E18718A5
:1018D0008742804141444042091801250B0233D51B
:1018E000022585E764463300414610001D00C7E726
:1018F000002D00D0DAE00C000443F3D05C1C00D1D2
:101900009FE15D4CA64200D12FE1DB43382B00DD87
:1019100066E11F2B00DD83E120240500E41A0F009F
:10192000DD40D940A0404346A7405B1A441EA04179
:1019300098462F433843171ABA42924143465242BF
:10194000991A64463500CAE607223A40002A00D0B8
:10195000F6E64B07CA084849FF083B438D4296D13B
:101960001900114300D19EE1802109030A431203AB
:10197000120B414D8FE71500002200238BE7002B4F
:1019800000D0C7E06B1C5F057F0D012F00DCF1E08C
:10199000394DAB4200D1B9E085180A008542894132
:1019A0004244494251180722CF076D082F43490886
:1019B0003A401D00C2E607223049ED1A31403A4054
:1019C000BCE63E002838864000279FE63800FEF738
:1019D0005BFF20308EE6434613431F007A1E97417B
:1019E000C71BB84280414042091A78E60E003B000E
:1019F00006431343002D61D1002E00D0F4E0002BEC
:101A000000D11BE164463900100039E71A4FBB4290
:101A10007AD03300FFE630001F3DE840202B03D092
:101A20004021CB1A9E4037437B1E9F41072207432C
:101A30003A400021002589E7171A4346BA42B641C9
:101A4000591A76428E1B64464EE61F2B00DDADE030
:101A500020264746F61AB740B9461700B246DF407F
:101A60004E463E4337005646B240561EB2411743DB
:101A70004246DA408918AEE6FF070000FFFF7FFF0D
:101A8000FFFF0F8020264746F61AB740B9461700D9
:101A9000B246DF404E463E4337005646B240561EE1
:101AA000B24117434246DA40891A99E77F4CA64271
:101AB0005BD0802424045B42214327E7002E0CD115
:101AC000002B00D1CBE0644639001000774DD7E6FB
:101AD000764FBB4218D0330075E6002B14D04B076D
:101AE000C00818438023C9081B03194207D0FC080B
:101AF0001C4204D17907D0080843E14621004C4636
:101B0000420FC9001143C000684DB9E61D00002214
:101B10000023C0E6002D5BD10D00054300D1E2E6B5
:101B20005D1C00D1B0E0614DAE421FD0DB43382BCD
:101B300071DC1F2B00DD96E020250F00ED1AAF4071
:101B4000B9460700AA46DF404D463D432F005546A3
:101B5000A840D940451EA84188440743BF18974272
:101B600092415142414435003AE6644635004146CF
:101B7000100085E60B000343002D00D063E6002B28
:101B8000F5D04346134300D17AE687188742804157
:101B900007224144404209183A400B0200D4D5E6DE
:101BA000434B01351940C9E5380069E61E00474638
:101BB000203EF740BC46202B04D04026F31A464670
:101BC0009E403243170063467A1E97411F4302E648
:101BD000364DAE42CAD080252D045B422943A6E78C
:101BE0000843411E8841A6E6002B00D148E6871A2B
:101BF0004346B842B641CB1A76429E1B33024BD5C0
:101C0000171A4346BA429241591A5242891A072278
:101C100064463A4092E501430F00791E8F419DE7EB
:101C20001C000F00203CE740202B03D04024E31A87
:101C300099400843411E884138437CE60022002435
:101C400025E6171A4346BA429241591A5242891A56
:101C50006446350043E541461000144D10E68022ED
:101C60000024120380E61D000F00203DEF40BC461B
:101C7000202B03D04025EB1A994008430700634608
:101C8000781E87411F4369E7871897429B4141446B
:101C90005B42C9183500A3E53B003343CED0072291
:101CA00031003A4052E600231A00F4E5FF07000035
:101CB000FFFF7FFFF0B55746DE464E464546E0B58E
:101CC000834607000E03480085B092461C00360B81
:101CD000400DCD0F002800D19DE0954B984239D0A2
:101CE0008023F6001B041E43924A7B0F3343994620
:101CF000944603006344009300230026FF000293F0
:101D000023031B0B98466300E40F52465B0D0194BE
:101D100000D1B3E086498B4200D19EE04246D1001B
:101D2000802212040A435146490F11438B468149D0
:101D300052468C4600996344CB1A0021D20000938E
:101D40002B0063409A460F2E00D905E17A4BB6006E
:101D50009B599F465B463343994600D0B8E0022327
:101D60000826002700900293CAE7CB463A00029962
:101D70000195019B9A46022927D0032900D180E2D0
:101D8000012944D06D49009B8C4663441C00002C03
:101D900038DD530700D013E2D2085B46DB0109D5DA
:101DA0005946674B19408B468021C9008C46009BE1
:101DB00063441C00634B9C4207DC5B4664055F0781
:101DC0005B0217431B0B620D02E000230027584AF9
:101DD00000211B031C0B0B0D1B05234314055A4A42
:101DE000380013401C4353466400DB0764081C435F
:101DF000210005B03CBC90469946A246AB46F0BDDA
:101E00000122524201231B1B382B00DCADE10022D2
:101E100000230027DCE75B46334399465ED0002E63
:101E200000D18AE13000FEF72FFD03000B3B1C2B95
:101E300000DD7BE11D22D31A5A460100DA40083941
:101E40008E4013005F46334399468F403F4B002638
:101E50001B1A00930023029352E7414653460B435B
:101E60003B499B468C46009B634400935B46002B9A
:101E70003BD1022300221E43022161E74346134364
:101E80009B4637D04346002B00D162E14046FEF727
:101E9000FBFC03000B3B1C2B00DD53E10200414621
:101EA000083A914088461D21CB1A5146D9400B0073
:101EB00041460B439B46534693401A00009B2549DD
:101EC0009C46604403008C4663440093002137E73E
:101ED0000323B14600900C26029311E700230093E0
:101EE00001330426002702930AE70323C3461E4357
:101EF000032125E701331E430022012120E70023AF
:101F00009A46802300271B03094A61E7802349463C
:101F10001B03194200D1E2E05946194200D0DEE02D
:101F20000B431B0317001B0BA246014A50E7C04698
:101F3000FF07000001FCFFFFB43E0110FF0300009B
:101F4000FFFFFFFEFE070000FFFF0F800DFCFFFFFD
:101F500001F8FFFFF3030000D94500D9CBE000D121
:101F6000C6E03C0048460027009B013B00935B46CF
:101F7000160E1B021E431302984633041B0C99468F
:101F8000310C0191FEF700FB4A4642430B04210C41
:101F9000050019438A4207D98919013D8E4203D8A9
:101FA0008A4201D9851E8919881A0199FEF7ECFA2F
:101FB00009048C464A46210464464243090C030046
:101FC00021438A4204D98919013B8E4200D8F1E0AD
:101FD0002D041D43AB464346891A4246280C120481
:101FE0001D0C5B46140C22001B041B0C5A4303946B
:101FF0006B434443029568431B19150CEB189C4234
:1020000003D980246402A44660441C0C15041B04FC
:102010002D0C20185D19814277D373D00C1AA24A77
:102020007D1BAF42BF419446009B7F426344E01B4F
:102030001C00864200D1DBE00199FEF7A5FA4A4672
:1020400042430B04290C070019438A4207D9891916
:10205000013F8E4203D88A4201D9871E8919881A06
:102060000199FEF791FA09044A46894629044D462A
:102070004243090C030029438A4207D98919013BCD
:102080008E4203D88A4201D9831E89193F04891AD6
:102090003A00039F1A43380013041B0C584381462F
:1020A0000298150C6F43434345434846000C844651
:1020B000DB1963449F4203D9802040028446654473
:1020C00048461F0C00041B04000C7D191818A94277
:1020D00000D284E000D17FE001231A4357E6802339
:1020E0004A461B0313431B031B0BAA466F4A6FE6AA
:1020F000BA4200D935E74B46DC0758087B081C4339
:10210000FF0734E70024AF4289D247444745A44142
:102110005B466442A4196418013BA6421ED2A04249
:102120006DD800D1B6E0241A9B4678E703005A46E2
:10213000283B9A400027914688E65846FEF7A4FBC4
:10214000203072E603005246283B9A409346002214
:10215000B4E65046FEF798FB20309AE6A642E2D15C
:10216000B845DCD9341A9B4659E71F2B65DC504C27
:102170000099A4465C46614408008C4011008240EE
:10218000D940501E82410C4314435A46DA40130092
:10219000620709D00F222240042A05D02200141D14
:1021A0009442894149425B181A0262D501220023F8
:1021B00000270DE68A4200D80AE7831E891907E73F
:1021C0000F231340042B00D1E6E5171D97429241DF
:1021D00053429B44FA08E0E5002800D1D7E5711886
:1021E000531EB14227D3A94215D358D01A0073E722
:1021F000002B00DC04E6012300229B44CDE50223F2
:102200004744474589415B429C46494289190C191C
:10221000E344241A03E743465F0047459B41B84621
:102220005B429E19023A8919A94200D054E7404501
:1022300000D051E7ABE51A00F6E71F215F4649429F
:102240000C1BE740202B07D01A49009B8C466344A7
:1022500018005B4683401A43501E82413A430727C9
:102260000023174009D00F21002311401400042936
:1022700095D122005F075B021B0BD2081743002297
:10228000A6E5802359461B030B431B0317001B0BBA
:10229000064A9DE5BD42B2D89B460024BFE6804574
:1022A000B9D31A00C3E7C046FF030000FF070000D0
:1022B0001E0400003E040000F0B54F464646D646D8
:1022C0008446C0B58046194E18030F034D00000B1D
:1022D0005C0082463F0B6D0DC90F9146640DDB0F0C
:1022E0000120B5420AD0B44203D0A54201D15745DE
:1022F0000CD01CBC90469946A246F0BD66463E43B3
:10230000F7D1AC42F5D154461443F2D10120C8456F
:10231000EFD1994207D0002DEBD163461F4338001F
:10232000471EB841E5E70020E3E7C046FF0700008D
:10233000F0B54F464646D6464D00C0B50E03C90F10
:102340008A462C491F035C008046360B6D0D914672
:102350003F0B640DDB0F8D421ED08C4216D0002D3A
:102360001ED130438446002C01D13A4323D062462B
:10237000002A1AD09A4529D0514602200139084036
:1023800001381CBC90469946A246F0BD3900114365
:10239000E5D002204042F4E73043FAD1AC420FD0FE
:1023A000002C0FD13A43E7D00CE00122013B9343CC
:1023B00018000130E5E763460020002BE1D0DBE7A1
:1023C0003A43E6D19A45D7D1A542D5DCA54205DBF3
:1023D000BE42D1D808D00020BE42D2D250460123FE
:1023E000013898430130CCE7C845C5D80020C8451E
:1023F000F4D3C6E7FF070000F0B54F464646D64681
:102400004D00C0B50E03C90F8A462E491F035C005C
:102410008046360B6D0D91463F0B640DDB0F8D42F0
:1024200018D08C4211D0002D18D130438446002C96
:102430001ED13A431CD163460020002B30D05146B8
:1024400002200139084001382AE039001143EAD05E
:10245000022025E03043FBD1AC4226D0002C26D10F
:102460003A4324D15146022001390840013817E08F
:102470006246002A0FD09A45E1D1A54205DBBE4253
:10248000DDD819D00020BE420AD2504601230138BF
:102490009843013004E00122013B934318000130CE
:1024A0001CBC90469946A246F0BD3A43D0D19A450D
:1024B000C5D1A542C3DCE0E7C845C0D80020C84567
:1024C000E3D3EDE7FF070000F0B55746DE464E4682
:1024D0004546E0B5834606000F03480087B09246A4
:1024E0001D003F0B400DCC0F002800D16FE0DE4BEC
:1024F000984238D08023FF001B041F43730F3B43D7
:102500000193DA4B0027994600239B46F60081444D
:102510002B0369001B0B52469846490DED0F00290D
:1025200000D185E0D04B994200D173E04346DA00F8
:1025300080231B0413435246CC48520F8446134356
:10254000524600206144D200894421006940009134
:102550008C46012149448A460F2F00D990E0C44996
:10256000BF00CF59BF465B463B43019300D06AE1B1
:1025700002230827002681469B46C9E732005846B9
:10258000019B61460091022800D175E0032800D12B
:10259000FEE1012800D02CE10023002700260025C1
:1025A0003F032A0D3F0BB34812053A4302401B0577
:1025B0001343009A5B00D1075B080B4330001900FE
:1025C00007B03CBC90469946A246AB46F0BD5B4680
:1025D0003B43019300D12FE1002F00D1A5E138004A
:1025E000FEF752F903000B3B1C2B00DD96E11D2288
:1025F000D31A5A460100DA405E4608398F4013006C
:102600008E403B4301939C4B00271B1A99460023A5
:102610009B467DE7414653460B4393498C46E14434
:10262000002B00D01AE102220220174300228CE77F
:10263000134300D10DE14346002B00D181E1404618
:10264000FEF722F902000B3A1C2A00DD72E10100BC
:10265000434608398B4098461D239A1A5346D34067
:102660001A004346134352468A404946081A824993
:1026700089468144002068E77B4B002700268EE7CF
:10268000140C1204120C1100370C3604350C79436B
:1026900028008C462E006043604483465643210048
:1026A000300C80465846794340440291844506D90F
:1026B0008846802149028C46E04441460291360416
:1026C000010C360C00048B4681191E0C1B041B0CDC
:1026D0000391190079438C46280075436544A84648
:1026E0005843050C45447743A94203D98021490248
:1026F0008C466744290C8C4639000004000C2D04DC
:102700002D186144AB4405915946049101990F0479
:102710003F0C080C390051434243904602008C465E
:10272000090C8B4662437C4344445C44A04503D976
:102730008021490288464244210C884661460904AA
:10274000090C8C4639005943434370437E430F0CB8
:10275000F6182404BE19644442448C46B34203D99B
:1027600080235B0298464044029B61469846049B46
:10277000370443449B46AB45AD416B420D0405997C
:102780002D0C8C467F196744FD18A8465D462D190F
:10279000A542A44193466442A446C344DC448F420C
:1027A000BF4198459B4193459241A445A4415B425A
:1027B0007F421F43360C52426442BF192243BF1866
:1027C000624638184302D20D039913436A020A4342
:1027D000501E82416146ED0D2A434E023243D9011B
:1027E00000D4B3E00126500832400243DE073243F2
:1027F0005B08224C5444002C62DD510709D00F20A5
:102800001040042805D0101D9042924152429B185E
:102810000200D90104D580241948E400034054443F
:102820001848844200DD27E75E075B02D2081F0BD1
:10283000630516435B0DB2E6002399460133042776
:1028400000269B4664E60323019781460C279B469E
:102850005EE6012201201743002276E603230320CF
:102860001F43434671E6C046FF07000001FCFFFF1F
:10287000F43E0110FFFF0F800DFCFFFFFF0300007F
:10288000FFFFFFFEFE0700000023802700933F03A9
:102890000026434B83E6019B3200A446584670E66F
:1028A000AC466EE6802701993F0339422DD03B426A
:1028B0002BD11F433F033F0B00951600384B6EE6AC
:1028C00001252D1B382D00DD66E61F2D40DC354827
:1028D0001C005044160082408440EE40501E82414D
:1028E00034431443EB40620709D00F222240042AEC
:1028F00005D02200141D9442804140421B181A0248
:102900003ED501230027002649E68027019B3F038F
:102910001F433F033F0B0094214B40E603005A4600
:10292000283B9A40002601926DE65846FDF7ACFF21
:10293000203057E603005246283B9A4013000022FD
:1029400093E65046FDF7A0FF20307BE6CA4650E7ED
:102950001F201E004042041BE640202D03D0124CD5
:102960005444A3401A43501E824132430726002795
:10297000164009D00F200023104014000428B9D1BC
:1029800022005E075B021F0BD2081643002306E6F7
:1029900080273F031F433F033F0B1600004BFEE51C
:1029A000FF0700001E0400003E040000F8B5574673
:1029B0004E464546DE460C000903E0B5490A460F7F
:1029C0005F0031431E03DB0F760A9B46530F3343F0
:1029D000C84E6500C000E40FD2006D0DA2468146CE
:1029E0007F0D9C469046B74200D1B9E05B46012678
:1029F00073409B46EE1BA34500D183E0002E63DDB0
:102A0000002F00D0B1E06346134300D123E1731ED1
:102A1000002B00D0BAE1861A6346B04280410125FE
:102A2000C91A4042091A0B0200D447E149024B0A75
:102A300098464346002B00D189E14046FDF724FF2C
:102A40000300083B1F2B00DD7CE120223000D21A5E
:102A50004146D040994002009E400A439D4200DD1D
:102A60006AE15D1B6B1C1F2B00DD94E1202110002F
:102A70003500C91A8E40DA408840DD40711E8E4113
:102A8000110007222843002506433240002A09D0BE
:102A90000F233340042B05D0331DB342B641764299
:102AA00089191E000B0200D43DE26A1C914B5505AA
:102AB0006D0D9A4200D119E18F4AF6080A40570776
:102AC00052023743120B9BE0002E00D0C5E06E1C73
:102AD0007605760D012E00DC48E16746861ACB1B91
:102AE000B042BF417F42B8461F004346FF1A3B0039
:102AF000B8461B0200D55FE137439AD1002200247B
:102B0000002579E0002E00DCFAE0002F00D18DE0F6
:102B1000784B9D4267D0802367461B041F43BC4609
:102B2000382E00DC52E1634613435A1E93411E18AF
:102B300086428041404209180B0200D4BEE06D4B32
:102B400001359D4200D1D2E06B4A73080A40012151
:102B50000E401E435108D30707221E43324095E71B
:102B60001E00164300D045E740E7624B9D423AD035
:102B7000802367461B041F43BC46382E00DDEBE074
:102B80001F2E00DC3AE133006746203BDF403B006C
:102B9000202E05D04027BF1B6646BE4032439046DC
:102BA0004646721E96413343DAE0002B00D114E210
:102BB0006346134300D168E180234E07C008C9086B
:102BC0001B030643194208D06046C008184204D1CE
:102BD00063460100D2085E071643F3009946C90018
:102BE000720F444D11434B46DE08424B4F073743AB
:102BF000CA089D4200D16EE012036D05120B6D0DE7
:102C000000211203130B0A0D12051A433B4B2D052D
:102C100013402B435B00E4075B0823433800190093
:102C20003CBC90469946A246AB46F8BD634613436A
:102C300011D0731E002B00D007E186188642804118
:102C400061444042091801250B0237D502257BE774
:102C50003E00614691463500C5E75C46002D00D038
:102C6000E1E00B000343F3D0731C00D1ACE1214B36
:102C70009F4200D13AE1F343382B00DD6FE11F2B77
:102C800000DD8CE120250E00ED1AAE40B0460600B6
:102C9000AA46DE40454635432E005546D940A84059
:102CA0006346451EA8415B1A9C463043161AB24241
:102CB000924163465242991A3D00B4E607223240DF
:102CC000002A00D0E4E60B4BF6084F073743CA084A
:102CD0009D4200D090E73B00134300D1A6E1802342
:102CE0001B031A431203120B024D89E71500002241
:102CF000002785E7FF070000FFFF7FFFFFFF0F8032
:102D0000002E00D0C7E06B1C5E05760D012E00DCA6
:102D1000F0E0C84DAB4200D1B9E085180A00854209
:102D200089416244494251180722CE076D082E435B
:102D3000490832401D00A9E6BF49ED1A114007229B
:102D40003240A3E6320028388240002686E6300072
:102D5000FDF79AFD203073E6634613435A1E9341F4
:102D6000C61AB04280414042091A5CE60E0067462E
:102D700006431743002D5ED1002E00D0F3E0002F54
:102D800000D11EE15C46614691462CE7A94FBE4248
:102D90007BD01E00F1E610001F3DE840202B03D041
:102DA0004021CB1A9A401643731E9E4107220643C8
:102DB00032400021002583E7161A6346B242804163
:102DC000591A40420B1A98465C4632E61F2E00DD27
:102DD000ABE02027BB1B9A4663465746BB4099464B
:102DE00013004F46F3401F433B005746BA40571E5F
:102DF000BA4113436246F240891898E62027BB1B6C
:102E00009A4663465746BB40994613004F46F340E7
:102E10001F433B005746BA40571EBA411343624610
:102E2000F240891A9CE7834B9F425FD080252D0496
:102E30007342294320E7002E0CD1002F00D1D0E0AF
:102E40005C46614691467B4DCDE67A4FBE421CD032
:102E50001E0065E6002F18D0C0084E0706438020EC
:102E6000C9080003014208D06346DC08044204D1CB
:102E70002100DA46D2085E071643F3009946012482
:102E80005346C900720F11431C406A4DABE61D004A
:102E900000220027B4E6002D59D10B00034300D1D6
:102EA000D6E6731C00D1B2E0624B9F421ED0F343C2
:102EB000382B6FDC1F2B00DD97E020250E00ED1A6C
:102EC000AE40B0460600AA46DE40454635432E00D9
:102ED0005546A840D940451EA8418C440643B61823
:102EE00096429241514261443D0025E63D006146D3
:102EF000914678E60B000343002D00D055E6002BE9
:102F0000F5D06346134300D16DE6861886428041B2
:102F100061444042091800220B0200D4D0E6464B1F
:102F200001351940B2E5B1465DE633006746203B06
:102F3000DF403B00202E05D04027BF1B6646BE4029
:102F4000324390464646721E96413343EFE5394B75
:102F50009F42CBD080252D0473422943A8E7084324
:102F6000411E8841A2E6002F00D13CE66346861A46
:102F7000CF1AB0429B415B42FB1A98461B024ED5CA
:102F8000161A6346B2429241591A5242891A5C4655
:102F900000227BE501430E00711E8E419FE71D005C
:102FA0000E00203DEE40B046202B04D04025EB1A09
:102FB00099400843814648464346411E884118438C
:102FC00074E60022002417E6161A6346B2429241C4
:102FD000591A5242891A3D0025E561469146154D20
:102FE00001E680220024120379E61D000E00203D38
:102FF000EE40B046202B04D04025EB1A9940084300
:1030000081464E464346711E8E411E4367E7861831
:1030100096429B4161445B42C9183D008CE547469E
:103020003743CED007224146324049E600273A00D6
:10303000E6E5C046FF070000FFFF7FFF70B50C4EBE
:103040000D031C0349005B002D0B490D240B5B0D88
:10305000B14208D0064900208B4203D1144320001E
:10306000441EA04170BD05430120002DFAD1F1E7B7
:10307000FF07000030B5144D0A034B00120B5B0D27
:10308000C90F0024AB4211DD104CA34210DC802498
:10309000640322430E4CE41A1F2C0CDD0D48C31AA6
:1030A000DA4013005C42002900D11C00200030BD32
:1030B000094BCC18FAE7094DE040AC4663449A400E
:1030C00013000343EEE7C046FE0300001D040000AA
:1030D0003304000013040000FFFFFF7FEDFBFFFF40
:1030E00070B500282DD0C317C5185D40C40F280047
:1030F000FDF7CAFB154B1B1A5B055B0D0A2815DD96
:103100000B38854000222D032D0B002110002D03CC
:103110000A0D2D0B12052A430D4D1B052A401343A2
:103120005B00E4075B082343190070BD020029001F
:10313000153291400A000B21081AC5402D032D0BB2
:10314000E3E70024002300250022DEE71E04000040
:10315000FFFF0F8010B5041E25D0FDF795FB144B23
:103160001B1A5B055B0D0A2812DD0B388440002218
:103170002403240B0021100024030A0D240B120544
:1031800022430C4C1B05224013435B00590810BD21
:1031900002002100153291400A000B21081AC44098
:1031A0002403240BE6E7002300240022E2E7C046C4
:1031B0001E040000FFFF0F8010B5002903D1FDF7AA
:1031C00063FB203002E0081CFDF75EFB10BDC0462B
:1031D000F0B54E465746DE464546E0B50F000021A5
:1031E00083B006008946002F06DA390000274642E0
:1031F0008F41012149428946002B07DA4946C943DC
:10320000100089461900002342428B4134003D00E2
:1032100092469846BB4269D866D041465046FFF771
:10322000CBFF834639003000FFF7C6FF5B461B1A11
:103230009C46203B9B4600D575E051465846814050
:103240000B005146604681400A00BB4261D85ED007
:1032500034003D005946A41A9D41002900DA7AE065
:103260000021002001260090019159468E400196D0
:10327000614601268E4061460096002950D0D9074C
:1032800056085F080E4363460EE0AF4201D1A642E6
:103290000CD8A41BBD41012124196D410022013B22
:1032A00064185541002B06D0AF42EED9013B2419DA
:1032B0006D41002BF8D1009801995B4600196941D6
:1032C000002B3DDB2E00DE4063462C00DC405B46DD
:1032D000002B4BDB34005D46AC4023006446A64027
:1032E0003200801A994103E0B24296D900200021B1
:1032F0004B46002B04D003000C0000215842A14192
:1033000003B03CBC90469946A246AB46F0BDB142E4
:103310009ED9002100200090019161460029AED184
:1033200000980199E4E72023624651469B1AD94050
:103330004046009161468840030000990B4380E7B6
:10334000624620239B1A2A009A40260013006246F8
:10335000D6401E43B8E7614620260127761A002092
:103360000021F74000900191019781E767462023F3
:1033700062463500BC409B1ADD4023002B43ADE77D
:10338000024670B50A4392072AD11E4DEE0104C8C9
:1033900008C9541B9443344017D0D0B2D9B2401A54
:1033A0002106014310D190B299B2401A2104014381
:1033B0000AD110021902000A090A401A2102014327
:1033C00002D1100E190E401A70BD9A42DFD010BA09
:1033D00019BA884201D9012070BD0020C04370BDD8
:1033E00002780B7801300131002A09D09A4207D1C6
:1033F00002780B7801300131002A01D09A42EFD0D7
:08340000D01A70BD01010101A9
:1034080010B502F067F8064C2368002B07D08342FA
:1034180005D800210A2002F08FF80023236010BD90
:04342800A89C00203C
:10342C0070B505000C0002F053F80A235C43044A03
:10343C00241829001800146002F07CF870BDC046F6
:04344C00A89C002018
:1034500070B5062002F020F9444244410720E4B24E
:1034600002F01AF9002801D102231C43082002F0BF
:1034700013F9002801D104231C43092002F00CF9A0
:10348000002801D108231C43022002F005F900287E
:1034900001D110231C43032002F0FEF8002801D1C3
:1034A00020231C43042002F0F7F8002801D1402318
:1034B0001C43052002F0F0F8002801D180231C43B2
:1034C000094B0A4D1A78A24203D01C7002F006F88C
:1034D000286002F003F82B68C01A054B072800D9B2
:1034E0001C70187870BDC0467A8902200C9C0020A0
:0434F00079A9002096
:1034F40070B50E2002F0CEF844424441094BE4B2C8
:103504001A78094DA24203D01C7001F0E5FF28602F
:1035140001F0E2FF2B68C01A044B312800D91C705B
:10352400187870BDF2A80020149C00207B8902202A
:10353800F0B50024674B684A1C70684BC7B01C7014
:103548001378557891781A006A40914207D1222B56
:1035580007D8202B44D2012B34D0022B3DD047B0C2
:10356800F0BD232B51D0F02BF9D15D4E0422311D33
:1035780006A80BF073FA5B4D042206A9280000F098
:103588004DFB280000F01EFA5749280001F05BFFA8
:10359800042204A92800049401F057FF049F534B08
:1035A8007A1E31009A4235D90831042206A80BF058
:1035B80055FA042206A9280000F030FB280000F084
:1035C80001FACCE70422464906A80BF047FA042280
:1035D80006A9444800F022FBC1E7454B0693F6E7ED
:1035E800002D06D129000A2001F0A6FF414B1D60DD
:1035F800B5E711202B115843C0B20028AFD00F21D6
:103608002940ACD0FFF70EFFA9E7691E8D413A4B60
:103618001D70A4E70C31042206A80BF01FFA04223F
:1036280006A9280000F0FAFA280000F0CBF93B00C0
:10363800FF331B0A01932B4D3049280001F003FF8B
:10364800802206A95200280001F0FFFE80235B00BB
:10365800984200D083E7002303AE33800222310072
:10366800280001F0F2FE022800D078E706A800F052
:1036780053F8727833781202134305AE834208D0A8
:1036880017490422103130000BF0E8F90422310008
:1036980091E780221A4B2002C018520006A90BF0AD
:1036A800DDF9184BE2B233800D235B425340B27010
:1036B800310004222800F37000F0B0FA280000F06E
:1036C80081F9019B0134A342B5D139000C4800F0BF
:1036D8001BF8C04674A9002075A9002078A900200D
:1036E800043D01106C99002030750000FFDF0100D7
:1036F800AA5601FFA89C00207C0300208813000024
:103708007AA90020AAF3FFFF01B40248844601BC4D
:10371800604700BF0100042001B40248844601BC90
:08372800604700BFC100002052
:103730000B4A10B51378002B06D1AA2803D101211A
:103740001170084A137010BD06490A78531CDBB289
:103750000B7005498854022BF5D9FFF7EDFEF2E70F
:0C37600074A9002078A9002075A90020A1
:10376C00E12130B58BB04902134801AC00F086F969
:10377C002200124B143323CB23C223CB23C223CBE3
:10378C0023C2002563590221D8B2043501F01EFF73
:10379C00242DF7D101210A2001F018FF00210A2065
:1037AC0001F0C8FE0121192001F010FF0821FF20B3
:1037BC00FFF736FE0BB030BD6C990020043D0110B4
:1037CC00F7B5294E300000F0A7FA002806D03000DB
:1037DC0000F02AFBC0B2FFF7A5FFF2E7FFF70EFEE1
:1037EC0001F076FE214F3B68C01A0F283BD9FFF73A
:1037FC0029FE1F4B04001B781E4D002B09D0020024
:10380C002B789A4353B2002B03D00321FF20FFF7F0
:10381C0007FE6A46184B94701380E3436946D370D5
:10382C00300004222C7000F0F7F9FFF75DFE134B0B
:10383C0005001B7883420BD0114B01A90B80C343AD
:10384C00887004223000CB7000F0E6F90B4B1D7031
:10385C002C4301F03DFEE1B24C1EA1413860C9B2CF
:10386C00192001F0EDFEF7BD6C9900202CA400206E
:10387C007C0300207C890220AA4200007D030020EA
:04388C00AA4300004B
:1038900070B5104C10492068104A114B88420FD166
:1038A000606890420CD1A068984209D100250D486B
:1038B000256009F09DF903008020290080049847C5
:1038C000216009480021A360626008F0F5FF002331
:1038D000236070BD38110020DE8116F0299B72BD77
:0C38E0007ABE59D355420000A0860100BA
:1038EC000B00F0B50F2700260E33023902003A40C8
:1038FC00D5B22C0000093034092A00DD07341C70C5
:0A390C005E70023B9942F1D1F0BD5C
:043916001E207047B8
:02391A007047F4
:10391C0013B50400684608F045FC21000098FFF739
:10392C00DFFF210001981031FFF7DAFF202016BDD0
:10393C0010B5192001F0B6FD0400044809F052F945
:10394C00030001200021A0409847C04655420000CA
:02395C007047B2
:0A395E0010B50C220BF07FF810BD2D
:0E396800C36810B5002B01D09B68984710BDB6
:043976000020704776
:10397C009C2370B55B00C35C05001400002B1CD1AC
:10398C000368DB699847F0210C4B09012140C918E9
:10399C004B1E9941F0232340303B5A4253410F2296
:1039AC000731144001330D3A012C02D0023C624223
:1039BC006241A869006804F04AF970BD00FDFFFF80
:1039CC009C2310B55B00C35C0400002B05D1A369DC
:0C39DC00186804F06CF90028F9D010BD48
:1039E8009C2370B55B00C55C0400002D14D183696D
:1039F800002B0CD01868002809D00368DB689847AA
:103A0800A36904211D60A06907F0B2FBA56100232A
:0A3A1800FC34E3622363636370BDB6
:103A22009C23F7B55B00C35C0400002B2AD18025E0
:103A3200FF276D00A369186804F022F9002821D03D
:103A420006F0E5FEA369012218686B46DE1D0368D5
:103A520031005B6998472300FC335A6BAA420ED0AF
:103A62005A6BAA420BD02200D96A307828325054BD
:103A7200DA6A01323A40DA625A6B01325A6306F06C
:063A8200DCFED7E7F7BDF2
:103A88007FB59C235B00C35C04000D00002B37D17D
:103A98008669002E04D1042007F03AFBA061066075
:103AA800A369186800282CD1783007F031FB06008C
:103AB8002223E25E2023E15E2B0004F093FBA3693E
:103AC8001E602423E25E531C06D0A0692621635E93
:103AD8000068032104F094FBA369186800280FD03C
:103AE80000220A4B69460393094B00940193029202
:103AF80004F0FAF8039B002B02D09B6868469847AD
:103B08007FBD290004F094F8DBE7C046343F01107C
:043B1800233A00103C
:103B1C0010B582684368006851104018D20701D56F
:083B2C000268D358984710BD50
:103B34009C2210B552000300805C002806D00120AE
:103B440001F0DAFC054801F0FDFA10BD9B69002B79
:103B5400FBD01868431E9841C0B2F6E7B496002023
:103B640070B504000D0001F0EDFA0300002083425B
:103B740004D0236829001B6C2000984770BD08B44A
:103B8400024B9C46024BC01A08BC6047653B0010C0
:043B940040010000EC
:103B980037B56B46DC1D9C2321705B00C35C0500B8
:103BA800002B04D0C9B20A48FFF7D8FF3EBDAB6965
:103BB800186804F07EF80028F9D0AB69012218686B
:103BC800210003681B6998470130431E9841EDE7BF
:043BD800B49600207F
:103BDC00F7B5060001911700002401F0AFFAA042DE
:103BEC000DD0A7420BD93D1B402D00D94025019B80
:103BFC002A001919300000F007FF6419F1E72000C2
:103C0C00FEBD08B4024B9C46024BC01A08BC604770
:083C1C00DD3B00104001000037
:103C24009C2370B55B00C35C05000E001400002BE0
:103C340005D00F48FFF7D0FF0400200070BDAB692A
:103C4400186804F038F80028F9D0AB6901211B6822
:103C540018005B6F74301B6B9847AB6922001868BF
:103C6400310003681B699847431CE6D10024E4E74C
:043C7400B4960020E2
:103C7800F0B5C3B0050001F0CBF9932380229B0077
:103C8800E918CB6852000400D31A984201DDCC68C9
:103C9800141B01AB220002A92800A82600F0B3FFDC
:103CA8000021019802AB241A76001C199323802264
:103CB8009B00EB18DF685200974211D081420FD069
:103CC800DF6897420AD05A68675CAA1897555A68FD
:103CD8000132D2B25A60DA680132DA600131E5E7BE
:043CE80043B0F0BD38
:103CEC0070B5040000F01EFB2000FFF7BFFF93230C
:103CFC009B00E318DD68200000F01BFB280070BD62
:103D0C0008B4034B9C46034BC01A08BC6047C04622
:083D1C00ED3C00104001000025
:103D24009C2310B55B00C35C0400002B05D006483F
:103D3400FFF7DAFF0400200010BDFC3406F066FD36
:0C3D4400646B06F079FDF6E7B4960020F1
:103D500070B5040000F0ECFA2000FFF78DFF93230C
:103D60009B00E318DA68002A09D0A8229B68520059
:103D7000E3189D5C200000F0E2FA280070BD0125E8
:103D80006D42F7E708B4034B9C46034BC01A08BCCE
:0C3D90006047C046513D0010400100009B
:103D9C009C2310B55B00C35C0400002B05D00B48C2
:103DAC00FFF7D0FF0400200010BD06F02BFD230010
:103DBC00FC335A6B002A05D01B6B2834E45C06F0EC
:103DCC0037FDF0E701246442F9E7C046B4960020C1
:103DDC0070B5040000F0A6FA2000FFF747FF93230C
:103DEC009B00E318DA68002A10D0A8219A684900D1
:103DFC00A218555C9A680132D2B29A60DA68013A1C
:103E0C00DA60200000F095FA280070BD01256D42A3
:103E1C00F7E708B4024B9C46024BC01A08BC60473B
:083E2C00DD3D00104001000023
:103E34009C2310B55B00C35C0400002B05D00E4826
:103E4400FFF7CAFF0400200010BD06F0DFFC2300CA
:103E5400FC335A6B002A0CD01A6B2834A45C1A6BFE
:103E64000132D2B21A635A6B013A5A6306F0E4FC87
:0C3E7400E9E701246442F9E7B49600205D
:103E8000802210B50400520000210AF07DFE2300BC
:0E3E90000022FC335A6020009A60DA6010BDF8
:103EA000F7B51A4B1A4DFA260024083300932B60FD
:103EB0002023B600AE606C6016486B61AC61EC61AB
:103EC000FFF7DEFF9C22012752002000AF5401F0D3
:103ED000EFFA0190380001F0EBFA20230E4D009923
:103EE0006B616B469B88AE602B84012368845B42C8
:103EF0006C600A482960AC61EC61AB84EB84FFF72D
:103F0000BFFF9C225200AC54F7BDC046403F011099
:103F1000A89A0020D09A00206C9900209499002043
:043F200000207047C6
:023F24007047E4
:023F26007047E2
:103F280010B5054BC458002C05D0236820005B68E9
:0C3F38009847A468F7E710BD8C05000056
:103F440070B50D00054BC458002C06D02368200022
:103F54009B6829009847A468F6E770BD8C050000AB
:083F64000048704710400110F5
:103F6C0010B50400044B036005F02EFD200005F095
:0C3F7C0045FD200010BDC046903F011024
:103F880010B50400FFF7EEFFB2212000C90007F0CA
:063F9800EFF8200010BD4F
:103FA000F0B50F4B0500C458002385B0019102AA5B
:103FB000D61C002C12D023680199DF68320003ABB5
:103FC0002000B84731780300042905D0039A28005F
:103FD00004F0E6FE05B0F0BDA468E8E73178F5E747
:043FE0008C0500004C
:103FE40070B50E0005000021002A0CD10A4BC458FC
:103FF400002C0ED0236800221B6931002000984752
:10400400002804D00121280004F088FC70BDA468B5
:0C401400EEE72100F7E7C0468C05000035
:1040200070B50E0005000021074BC458002C07D0C6
:104030002368310020005B699847A4680100F5E718
:0C404000280004F07DFD70BD8C05000020
:10404C00F8B505000E001700084BC458002C07D01B
:10405C00236820009B693A0031009847A468F5E773
:10406C002800012104F0D4FDF8BDC0468C050000E9
:10407C00F0B5002187B0040005F0C8F86B460022AB
:10408C00DA80238901A9A588E28889260B731B0A8B
:10409C004B730F4BEF27CB81042376000E80113E20
:1040AC00FF3ECE704E710D728A72FF330A34013EA0
:1040BC002D0A120AC871CA720F718E714D720B8261
:1040CC00122220000AF0C8FC200007B0F0BDC04648
:0440DC0001020000DD
:1040E000F8B506000C000500002730000BF040F882
:1040F000AB1B984205D92B786770237001350234C9
:08410000F3E74000C0B2F8BD76
:1041080070B504000C4BC558002D07D02B6828004B
:104118001B6A9847002802D1AD68F5E72800A92551
:10412800064BED006353064BE118FFF7D5FF635DBF
:10413800C0186055601970BD8C05000002030000AE
:044148004A05000024
:10414C0070B5A125064BED004353064B0400C11876
:10415C000548FFF7BFFF635DC0186055601970BD5F
:0C416C00020300000A050000743F01106F
:1041780070B59925064BED004353064B0400C01853
:10418800FFF7C8FB635DC0186055601970BDC04675
:0841980002030000CA0400004C
:1041A0000023F0B587B003A98B71B123DB00C35C9A
:1041B00005000B7101234B71BF33CB713A330B7286
:1041C000CE2309249B00154AC71803923800092200
:1041D0000AF048FC124BEE58002E17D0336800212D
:1041E0001B6830009847C37882781B021343093B51
:1041F0000193CE2301009B00E01828180931019A91
:104200000AF030FC019BB668E418E5E73800054B7E
:10421000EC54054B2412EC5407B0F0BD0902FFFF2B
:0C4220008C0500003A0300003B03000086
:10422C0073B504000D00160007F0BAFD80235B0087
:10423C00010000932A003300200004F0A1FF024B80
:0C424C002000236076BDC046903F0110AA
:1042580010B50E4A04008358002B12D18150B123A7
:10426800DB00E25C48790A71E25C1218E2540B68E0
:1042780008005B6A9847238918182081012010BD1F
:1042880013009A68002AFBD19960E8E78C050000C2
:104298001FB5040004F06EFF0100684604F07CF8C6
:1042A8004021684604F0F9F8074BE458002C06D082
:1042B80023682000DB6969469847A468F6E76846E2
:0C42C80004F071F81FBDC0468C0500001A
:1042D40010B50400FFF7DEFF200004F0B1FE10BDAE
:1042E40070B50D4D2B78BFF35B8F0C4CDB0711D4ED
:1042F400280006F009FD00280CD0C022084920003F
:10430400FFF792FF280006F021FD064A0649200027
:1043140006F0E6FC200070BDE89B00209C9E002077
:0C4324008A2E0000780300206D3F00107E
:0E43300010B5FFF7D7FF03685B6F984710BD0D
:0E433E0010B5FFF7D0FF03689B6F984710BDC6
:0E434C0010B5FFF7C9FF0368DB6F984710BD7F
:08435A0010B504F0DEF910BDFE
:0843620010B504F090F910BD44
:08436A0010B504F0C4F910BD08
:02437200704792
:02437400704790
:0243760070478E
:08437800436A7833187870479E
:06438000FC30806A70476A
:04438600012070475B
:08438C00004870477441011064
:10439400F0B505009BB007AC4B220F0020000021B4
:1043A4000AF0F0FB2B00FC339B6A05215A1E934153
:1043B40000202E795B421940731CDBB20193AB7B66
:1043C40002932B7B03936B7B0493874200D0A5E07D
:1043D4006176534906A86183102161770B39E1772F
:1043E4002421471D0922F9772527627406A8053A76
:1043F400C019A274033A027006A8C71D0320494BD2
:10440400F8772380BF3BFF3BA370812308AFFA7783
:1044140004275B00A380823BE37162754E3B2276E6
:10442400A27706A80832121823722A3BD777637240
:104434000A220333A3723C4B06A8A3810223121859
:10444400D1770591073706A97F18FB770627052141
:1044540009A8C77711A801702D2006A940182421A6
:10446400E672A373E674A375E37501702E2006A9A2
:10447400401807702F204018694606700E7912A85C
:1044840006703126072006A9761830703226761871
:1044940005213170332606A9761869460F7A06A9D4
:1044A4003770224E1027268637267618377009274C
:1044B40014AE377039260427761837703A267618E2
:1044C40069460F7906A93770194E1D35268741268E
:1044D400761830703B30401805210170432106A83E
:1044E400091868464426007B0870124906A88019FA
:1044F400018011492800D1874A2206A95218694629
:10450400097C11704B2206A952181370402219AB72
:104514001A7021000B320AF0A3FA28001BB0F0BD78
:10452400052400000902000002020000034000000C
:0C453400020A0000024000000705000021
:1045400010B504000A4B08330360FFF7CBFE05F0FB
:1045500041FA2000D03004F03DF820007C3004F017
:1045600039F82000703004F035F8200010BDC04646
:044570002C410110C9
:1045740010B50400FFF7E2FF94212000490006F083
:06458400F9FD200010BD4E
:08458A0010B5FFF7DEFE10BDC5
:1045940010B50400024B036003F07CFE200010BD44
:0445A400584001106A
:1045A80010B50400FFF7F2FF2000282106F0E0FD17
:0445B800200010BD12
:1045BC0010B50400024B036003F068FE200010BD30
:0445CC002840011072
:1045D00010B50400FFF7F2FF2000342106F0CCFDF7
:0445E000200010BDEA
:1045E40010B50400024B036003F054FE200010BD1C
:0445F4004040011032
:1045F80010B50400FFF7F2FF2000382106F0B8FDDF
:04460800200010BDC1
:10460C0070B50D000400072217490F300AF024FA88
:10461C0040220221280003F030FF402220730221A7
:10462C00280003F031FF402260730321280003F0BF
:10463C0024FFA073280003F0B5FE002804D1AF229C
:10464C000A490B4806F030F822002100002378328A
:10465C0085311165536513701373D934503213744B
:10466C005465936570BDC046744001100E41011035
:04467C0019410110CF
:10468000F0B504000E0087B01500FFF75FFEF2885A
:1046900023799A4236D1002D34D173780593012BBA
:1046A0002DD1F378202B26D13789072F23D1230052
:1046B0000F33039307333A001900039804930AF069
:1046C000ABF9059D002816D03A00049903980AF02A
:1046D000C9F9217CE07B09020918607CE77C0004B1
:1046E0000918A07C0097000609182068237D476BF5
:1046F000627D2000B847F378212B00D101252800E6
:0847000007B0F0BD0025FAE747
:1047080070B50400FFF71EFEFFF7E8FD217B04F0FB
:10471800E7FF23002200C833853225001A602000F5
:1047280000234732843513607C302B7003F006FF7A
:104738002B78002B03D123682000DB6B984770BDD2
:1047480070B504002500FC35FFF7FCFD6E6A002EED
:1047580005D0DE220E49FF320E4805F0A7FF2300E0
:10476800D9332B62FFF7BAFD617B04F00BFF686257
:1047780025002000D8352E70D03003F0DFFE2B78CE
:10478800002B03D1236820009B6B984770BDC0465F
:084798000E41011080400110E8
:1047A00010B582684368006851104018D20701D5DF
:0847B0000268D358984710BDC0
:1047B800F0B50400002687B002ADFFF7C3FDFFF790
:1047C8008DFDA17B032340220095059604F052FC41
:1047D8002800FFF7C5F8FFF781FD164F164B217B20
:1047E8004022EF600393009502230294049604F09C
:1047F80041FC2800FFF7B4F8FFF770FD0F4B617B11
:104808004022EF600393009502230294049604F07B
:1048180031FC2800FFF7A4F8FFF760FD2200FC3206
:10482800617B4023126A04F04BFE0120D8342070CB
:1048380007B0F0BD68400110094700104947001053
:10484800022370B543710023040083600C4B1500EC
:1048580008330360703003F064FE20007C3003F0FE
:1048680060FE2000D03003F05CFE2300FC339D6224
:10487800FFF734FD2100FFF7EBFC200070BDC046B8
:044888002C410110AE
:10488C0070B504000D00FFF75BFD230078331D703D
:10489C00002D42D1260084363378002B05D0FFF74B
:1048AC001BFD217B04F0CEFC35702300220025007B
:1048BC000026C83385327C3528001A605E6003F010
:1048CC003BFE280003F031FEB04205D1A22215496F
:1048DC001548520005F0E8FE2500D8352B78002B42
:1048EC0005D0FFF7F9FC217B04F0ACFC2E70230003
:1048FC002200FC33D93225001A620022D035280060
:10490C005A6203F019FE280003F00FFE002804D1B0
:10491C00A722044952000548DCE72000703003F060
:10492C000BFE70BD0E4101108E4001109F40011016
:10493C0010B50400FFF704FD00212000FFF7A0FFD5
:02494C0010BD9C
:10494E0070B50D000400FFF7FAFC042D03D0002112
:08495E002000FFF794FF70BD7B
:10496600F8B5040016000D001F00FFF7ECFC042349
:104976003370EA88237900209A4210D16A78012A96
:104986000DD1EB78212B06D0222B09D0202B19D163
:104996003070163401E032700F3407203C60F8BDE9
:1049A600A988114000D011002000FFF76CFF0122FA
:1049B600AB8800201340E366AB8892181340A366C9
:0A49C6003270ECE703233370E9E7D9
:1049D00010B504008AB0FFF7ABFC684603F050FC4A
:1049E00020000A4B694670300093099403F0C1FD22
:1049F0002000FFF7A4FC064B00211A68684603F06C
:104A000095FC6846FFF7C6FD0AB010BD584001107E
:044A10007C400110D5
:104A140070B504000E008EB01500FFF787FC01A8E6
:104A240003F02CFC20000B9600260D4B01A90C95DD
:104A34007C300DAD01930A942E7003F098FD200094
:104A4400FFF77BFC074B31001A6801A803F06CFCEC
:104A54002C7801A8FFF7B0FD20000EB070BDC04651
:084A6400284001107C40011004
:104A6C0070B5040025008435FFF76AFC2B78002B09
:104A7C0010D12600CC363368002B0BD0FFF72CFC62
:104A8C002200217B8532336804F0BCFD002801D064
:064A9C0001232B7070BD28
:104AA200F0B585B01F000AAB1B7804000393029196
:104AB2000192FFF73CFC00233B60230078331B7814
:104AC200002B21D0230084331B78002B1CD126001D
:104AD2004025CC363368ED1A019B9D4200D91D005A
:104AE200019B002B06D02300C83318682A000299C4
:104AF20009F0B7FF33685B193360039B3D60002BFD
:104B020002D02000FFF7B1FF2000FFF717FC05B02D
:024B1200F0BDF4
:104B1400F0B50400406A85B0030078331D7801269F
:104B2400002D05D1303425703500280005B0F0BDC6
:104B34000027009603ABE26AA16A0397FFF7AFFF71
:104B4400039AE36AA16A9B1A8A18E362A262BB42CF
:104B540002D130342670E8E7606AFFF785FF3D0034
:024B6400E3E785
:104B6800F0B51C0093B0019205000F00FFF7DCFBC5
:104B780063426341DBB20093002C00D103AC0026F2
:104B880004A8266003F078FB6A46109428003D24A8
:104B98000F4B12780493019B04A90F9311AB1A7061
:104BA80002ABE418D03026700D950E9703F0DDFCAB
:104BB8002800FFF7C0FB074B31001A6804A803F070
:104BC800B1FB247804A8FFF709FD200013B0F0BD5D
:084BD800404001107C40011077
:104BE000030070B5FC335B6A0400002B0ED1050096
:104BF000D8352B78002B09D1FFF774FB2200402316
:0E4C0000D932617B04F060FC01232B7070BD83
:104C0E00F8B506001F0000233B60330078331B7895
:104C1E000800002B19D03300D8331B78002B14D189
:104C2E003400FC34656A954200D915002A00216AC9
:104C3E0009F011FF3D60236A5B192362636A5D1BF5
:0C4C4E00656202D13000FFF7C4FFF8BD22
:104C5A0037B50400406A030078331D78002D04D16B
:104C6A0035342570013528003EBD0023E26A0193E0
:104C7A00A16A01ABFFF7C6FF019BA26AD218A26222
:104C8A00226B1168CB181360E36A01995B1A210041
:104C9A00E36234310978002902D11268002A01D16D
:104CAA00002B03D1012335342370DCE7606AFFF758
:064CBA0092FF0025D7E780
:064CC0001620404270477F
:0A4CC6000020814200D11938704728
:044CD0000120704708
:064CD4001620404270476B
:064CDA0016204042704765
:044CE00011207047E8
:024CE400704717
:024CE600704715
:024CE800704713
:104CEC0010B503689B6C984710BD08B4024B9C46EA
:104CFC00024BC01A08BC6047ED4C0010400100008C
:044D0C007047704735
:044D10007047704731
:084D140010B50368984710BDBB
:104D1C0010B504000120783400F0EAFB207810BDB7
:104D2C0008B4034B9C46034BC01A08BC6047C046F2
:084D3C001D4D001040010000B4
:104D4400012270B501235242FF210B4806F0ACFB4F
:104D540000F0C2FB0500094C78342378002B03D003
:104D6400012000F0C9FBF8E700F0B6FB401BC728A0
:104D7400F6D9FEF7E1FD70BD909C0020B4960020AA
:104D840007B50122019101A9FFF742FE002801D0D5
:0A4D940001980EBD01204042FBE72C
:104DA00008B4034B9C46034BC01A08BC6047C0467E
:084DB000854D001028010000F0
:104DB80013B56B46DC1D0023012221002370FFF789
:104DC800CFFE002801D0207816BD01204042FBE725
:104DD80008B4034B9C46034BC01A08BC6047C04646
:084DE800B94D00102801000084
:104DF000F7B5040001930E001500FFF7A7FA9C23F6
:104E00009B00E758002F04D0089B019A290030002E
:104E1000B84798239B00E650019A0433E5500433C9
:0A4E2000E250089A0433E250F7BD97
:104E2A00F8B50600FFF78DFA9D23AD2700259B00F4
:104E3A00F418BF00F359AB4209D920001034231FDC
:104E4A001B68002B03D01B6898470135F2E7F8BDB1
:104E5C00962310B5DB00984203D10121014806F0DE
:084E6C0001FB10BD909C002029
:104E740010B582684368006851104018D20701D504
:084E84000268D358984710BDE5
:104E8C00104B70B5036003000F4AFC33DA620F4A13
:104E9C0004001A630E4A5A649D239B00C6184033C3
:104EAC00C518AE4204D0103D2800FEF757FDF8E7B8
:104EBC0020002930FF3005F051FA2000FFF73AFBB3
:104ECC00200070BDB44101102C4201108C42011025
:044EDC009C420110E3
:104EE00008B4034B9C46034BC01A08BC6047C0463D
:084EF0008D4E001028010000A6
:104EF80008B4034B9C46034BC01A08BC6047C04625
:084F08008D4E00102C01000089
:104F100010B50400FFF7BAFFAE212000890006F0AB
:064F20002BF9200010BD7A
:104F280008B4034B9C46034BC01A08BC6047C046F4
:084F3800114F00102C010000D4
:104F400008B4034B9C46034BC01A08BC6047C046DC
:084F5000114F001028010000C0
:104F5800F0B585B003930AAB1E880BAB04001F881D
:104F68000D00029206F01EFF039B0100029A0096B4
:104F780001972000FFF764FC200029300021FF3052
:104F880005F0C2F92300FA2200264133FF339200CC
:104F98009A605E601A4B1B4A23602300FC33DA6276
:104FA800194A20001A63194A51305A648022FF3086
:104FB8005200310009F0E4FD93239B00E3185E6082
:104FC8009E60DE609D239B00E318DE60A1239B00AA
:104FD800E318DE60A5239B00E318DE60A9239B008D
:104FE800E318DE60AD239B00E650443BE650B54233
:104FF80002D02000FFF7E8FC200005B0F0BDC04655
:10500800B44101102C4201108C4201109C42011045
:1050180070B50500FFF788F92B000024D8331B78FA
:10502800A34205D12B00FC335C6A402C00D94024F4
:0A5038002800FFF780F9200070BD8A
:1050440070B586B00400FFF771F99C23304A9B00C9
:10505400E2502000FFF771F92E4B200005932E4BF0
:105064000294039300230493FFF760F9AD239B009C
:10507400E558032D15D86A1CE2502E01403BF61862
:10508400A6193000FEF76EFCA0222D01059B6519C0
:105094009200AD182B60002B03D05B6802A930008E
:1050A40098472000FFF749F902A8FEF75BFCBC20F3
:1050B40006F030F800260500184B31000360066145
:1050C400403006F07DFA2800543006F015FA8022AC
:1050D400134B2800009352003300182106F00CFBF8
:1050E40097239B00E5500F4B082205930E4B31008C
:1050F40003A8029309F046FD02A9280006F006FB66
:1051040002A8FEF72FFC2000FEF7B4FD06B070BD28
:105114005D4E00108C410110793C0010885601103E
:0C512400A441011098410110454D0010FD
:1051300008B4034B9C46034BC01A08BC6047C046EA
:08514000455000104001000081
:065148007830007870478A
:1051500037B50E4C200006F081F90D4D0D492A009F
:10516000200005F0BFFD012201920B4AF8230092B6
:1051700000220A4C5B0111002000FFF7EDFE2A001F
:105180000749200005F0AEFD37BDC046909C0020C9
:10519000780300207BB4001012200000B496002099
:0451A0008D4E001020
:0651A40010B508F013F93C
:1051AA00F0B589B00191037D0400012B00D08AE09B
:1051BA00021D0292100001220493002352421C0095
:1051CA001500049E03920178002900D06EE0417810
:1051DA00002900D06AE0511C65D001335BB2049902
:1051EA008B4201DD049303920134E1B202304CB2E6
:1051FA000829E8D100263700039BBB4204DC049B44
:10520A00039A9B18BB4253DC0F22029B1D782B1179
:10521A001540029ADCB25278111107916946097F4A
:10522A0005910F2111400691002B08D0210057311A
:10523A00092B00DC2739019800F0B6F836182C4300
:10524A0008D029005731092D00D82739019800F0D4
:10525A00ABF83618059B1C430AD01900079B573137
:10526A00092B01DC05993031019800F09DF83618B8
:10527A000699069B5731092B01D81900303101983C
:10528A0000F092F83618072F04D03A21019800F05E
:10529A008BF83618029B013702330293082FABD1E1
:1052AA00300009B0F0BD2200330098E72A009BE7DE
:1052BA00039BBB42EED1002BE7D13A21019800F0C3
:1052CA0073F83618E1E7030005000026133310359A
:1052DA00029329780A22019800F09BF82E210700F0
:1052EA00019800F061F8029B3F180135F6199D42BA
:1052FA00EFD1E17C0A22019800F08BF83618CFE74B
:10530C0010B50400054B0175083303601022002111
:10531C00043009F033FC200010BDC046C842011017
:10532C00F7B50F0000211D0008AB1B78040001939A
:10533C00084B16000833036001750C22043009F089
:10534C001DFC6B461B7927746674A5742000E374EE
:08535C00FEBDC046C84201106D
:1053640007B501210548FFF7CFFF0021044800914C
:105374000B000A00FFF7D8FF07BDC046DC9C0020E5
:04538400F49C002075
:1053880070B5040008000D0009F0EEFE2368020065
:0A53980029005B682000984770BDF3
:1053A20010B50B1E02D0FFF7EEFF0300180010BD70
:0A53B20010B503681B68984710BD92
:1053BC00F0B58BB06B461500002205330600DA778A
:1053CC000800012D00D80A2509AC2900FBF7D6F8F6
:1053DC00CAB2130037330700DBB2092902D8130015
:1053EC003033DBB2013C2370002FEED121003000B2
:0853FC00FFF7D1FF0BB0F0BD7B
:1054040010B5002A04D10368C9B21B68984710BDBF
:08541400D2B2FFF7D1FFFAE765
:08541C0010B5FFF7F1FF10BD10
:1054240010B5040000F058F8E060236820005B69C0
:105434009847002808DA00F04FF8E368C01AA36818
:0A5444009842F2D30120404210BD4F
:04544E0081607047C2
:10545200F7B50E000C0001908D18A71BAC4207D0C7
:105462000198FFF7DEFF002802DB20700134F4E729
:045472003800FEBD43
:1054780010B500F043F8FEF74CFAFEF72FFFFEF7E1
:1054880025FFE12106484902FFF7D8FDFEF76AF932
:10549800FEF798F9034B002BFAD000E000BFF7E7BE
:0854A800B49600200000000092
:1054B00010B50400FEF72FFA844203D2034B2401F7
:1054C000E05E10BD01204042FBE7C04680030020A3
:0C54D00010B5040002F046FD200010BDE5
:1054DC0007B50649684602F07EFD00980199FA224C
:1054EC0000239200FBF7E8F90EBDC04648110020DE
:0854FC0010B506F095F810BD93
:1055040010B5044C200002F037FD200002F034FDF9
:0855140010BDC0464811002043
:10551C0010B5054C200002F09BFD044A0449200004
:10552C0005F0DAFB10BDC0464811002078030020BE
:04553C00D154001036
:10554000F7B505000C00FEF7E6F985423AD22000D7
:10555000FCF70AF8041C01201D4B1B689840013819
:10556000FCF702F8011C201CFBF710FB2B01019338
:10557000184B2A019F18BC68061C002C0FD128006C
:10558000FFF796FF0500242005F0C6FD0400290062
:1055900002F04EFABC600221200002F015FA002150
:1055A000301CFBF749F900280DD0200002F05EFA0C
:1055B0002421200005F0E0FD064A019B94460022CC
:1055C00063449A60F7BD311C200002F0F1F9F9E75D
:0855D0006005002080030020AB
:1055D800F7B51B4E0701F3190400D8680D00002821
:1055E80002D0042105F0C4FD2000FFF75DFF019003
:1055F800042005F08DFD00230400038083700199C9
:10560800F61904F0DCFAF460012D10D0002D06D054
:10561800022D10D0200002F0B0F9022103E0200092
:1056280002F0ABF92900200002F0B2F902E02000F4
:1056380002F098F9F7BD200002F09FF90121F2E786
:0456480080030020BB
:10564C00F7B507000E00FEF760F987421AD20E4D2F
:10565C003B01ED18EC68002C10D13800FFF722FF4D
:10566C000700042005F052FD002304000380837022
:10567C0001220096390004F0B0FAEC6031002000F1
:0C568C0006F0AEFBF7BDC0468003002016
:10569800F7B50500FEF73BF9002485421AD20E4FF4
:1056A8002B01FF18FE68A64210D12800FFF7FCFE68
:1056B8000500042005F02CFD0600048084702300FA
:1056C80000942200290004F08AFAFE60300006F0F7
:0C56D80095FBC4B22000FEBD8003002042
:1056E400010010B5002807D10420404200F0D3F98E
:1056F40004235B42180010BD132001F0DBFD0023DE
:105704009842F7D10120404200F0C5F90123F0E7A7
:1057140080B5EFF30583002B03D1EFF31083002B47
:1057240006D00620404200F0B6F90620404280BD73
:0C573400014F00DFFBE7C046E556001007
:10574000030010B500282BD00468806800280FD013
:10575000032102000A40084203D1D96813000F292F
:1057600013D809210020494202F04CF8002016E02D
:10577000DB68002BF5D1104A104B1068002811D0BF
:1057800000F04CFB002814D00123F3228370002387
:1057900002708360C3600A4A084B44605A6610BDB9
:1057A0000400E8E7043301221021D86F00F0BBFAAF
:1057B000E8E705214942D7E7F40500206405002009
:0457C00091580010EC
:1057C40070B5041E02D00378F32B07D00421200007
:1057D400494202F015F80420404270BD8368002B52
:1057E4000DD003256D42200001F020FB002229008A
:1057F40001F0BEFCA0680028F5D101F08BFB00236A
:105804002370A378DB0701D40020E6E7074A084B9E
:105814001068002803D0210000F011FBF4E70433E2
:105824002100D86F00F0B1FAEEE7C046F40500207D
:0458340064050020E7
:1058380070B50300022510000124284014402A42B4
:1058480014D1EFF3108672B6DA6815000D40002CFB
:1058580006D0A94206D110008843D860100001E0A4
:10586800281EF8D1002E00D162B670BDD8680B0092
:105878000340002C03D09942F7D00020F5E75A1EC8
:0858880093415B421840F0E778
:10589000F8B505008468002C00D1F8BD231D280050
:1058A000DA7F616AA768FFF7C7FF061E07D02000EE
:1058B00001F0C8FA00223100200001F05BFC3C003E
:0258C000E9E716
:1058C400F8B504000D0016001F00002804D003786A
:1058D400F32B01D1002907DA04212000494201F009
:1058E4008FFF04204042F8BDFFF7A4FF0028FAD13F
:1058F400002F10D03900433001F0DCFC002808D020
:10590400064B20005F69390001F07AFA04373D62E2
:10591400FE770220E6E70320E4E7C04664050020A2
:10592400F7B506000C00002804D00378F32B01D14E
:10593400002908DA042130000424494201F060FF00
:1059440064422000FEBDEFF3108372B6C2681443B4
:10595400C460002B00D162B6B568002D03D12800C5
:1059640001F0D8FAEDE7AB68300000932B1D0193EA
:10597400DA7F696AFFF75EFF071E0FD002222B1D34
:10598400DB7F0400134201D16B6A9C43280001F0C1
:1059940057FA00223900280001F0EAFB009DDCE7F9
:1059A40080B5EFF30583002B03D1EFF31083002BB5
:1059B40006D006210020494201F022FF002080BDCC
:0C59C400014F00DFFBE7C0464157001018
:1059D000B0B5EFF30583002B03D1EFF31083002B59
:1059E0001AD0002804D00378F32B01D1002907DA5C
:1059F00004210424494201F005FF64422000B0BDA7
:105A0000EFF3108372B6C4680C43C460002B00D15E
:105A100062B601F0F5F8F1E7014F00DF0400EDE7B1
:045A200025590010F4
:105A2400B0B5EFF30584002C03D1EFF31084002C00
:105A340015D0002806D00478F32C03D1002B01D113
:105A4400002906DA0421494201F0DAFE042040422A
:105A5400B0BDFFF7EFFE0028FAD10338F8E7014F95
:085A640000DFF5E7C558001052
:105A6C0080B5EFF30583002B03D1EFF31083002BEC
:105A7C0006D00621494201F0BFFE0620404280BDFF
:0C5A8C00014F00DFFBE7C046C5570010CB
:025A9800704755
:025A9A00704753
:105A9C0070B5514C237A012B00D19AE0002B06D023
:105AAC000120404201F098FE0120404270BD4B4D58
:105ABC00EB682A8AE3652300EE6A54331A80AB68DC
:105ACC003000296B236400F00DF9002801D0231D50
:105ADC00DE676E69A969300000F004F9002801D175
:105AEC00231DDE6F6667EE69296A300000F0FAF854
:105AFC00002801D1231DDE6FA6676E6AA96A3000EB
:105B0C0000F0F0F8002801D1231DDE6FE6676E6B04
:105B1C00002E08D0F3683000B268316800F051F9FB
:105B2C0023000833DE67AE6B002E08D0F36830001C
:105B3C00B268316800F045F9230088331E60EE6BC3
:105B4C00002E08D0F3683000B268316800F039F9E3
:105B5C0023008C331E602E6C002E08D0F3683000AE
:105B6C00B268316800F02DF9230090331E606E6C22
:105B7C00002E08D0F3683000B268316800F021F9CB
:105B8C00230094331E60AE6C002E08D0F3683000F6
:105B9C00B268316800F015F9230098331E60EE6C82
:105BAC00002E08D0F3683000B268316800F009F9B3
:105BBC0023009C331E602D6D002D08D0EB6828004F
:105BCC00AA68296800F0FDF82300A0331D600123AA
:105BDC00237200206AE7C04664050020743D011062
:105BEC00F8B51E4C0720257A012D04D101F0A2FB3B
:105BFC00002807D101200126404201F0EDFD76423C
:105C0C003000F8BDFF23164A1B04116A154F0B43D5
:105C1C001362136AD1695B029B0E9B060B43786877
:105C2C001149D36101F064FC061EE3D101F0A4FC20
:105C3C00206101F085FC0D4801F0F4F801F05EF9EB
:105C4C003B682B4207D0022383F31488BFF36F8F7A
:105C5C0002232372D4E70323F6E7C0466405002031
:105C6C0000ED00E0743D0110D5030010800500200C
:025C7C0070476F
:105C7E0070B50D000400FFF708FF2900200001F0A9
:045C8E0064FD70BD84
:105C940080B5FFF7F1FFEFF30583002B03D1EFF39A
:105CA4001083002B06D00620404201F099FD062007
:105CB400404280BD014F00DFFBE7C0469D5A001003
:105CC40080B5EFF30583002B03D1EFF31083002B92
:105CD40006D00620404201F083FD0620404280BDEC
:0C5CE400014F00DFFBE7C046ED5B001045
:105CF000030010B5002813D002000A430724100047
:105D0000204022420DD117290AD9102219600839E2
:105D1000C91899605A60086099684A60D860012083
:065D200010BD0020FCE7AD
:105D26000300F0B5002815D0081E13D00020032A62
:105D360010D81D0003260F310730814308352C008B
:105D46002D686768281BB743C01B814203D92868A2
:105D56000028F4D1F0BD58681E68081858609B19D1
:105D6600083B5E68B04200D9586060680A43002864
:105D760003D1200062600830ECE703239843201823
:085D8600056042602060F6E7B1
:105D8E00020010B5002811D0081E0FD013000024F9
:105D9E00083908338B420AD1032158688843516869
:105DAE00091A5160002C08D15C60012010BD1868E2
:105DBE001C000028FAD00300ECE71B682360F4E710
:105DCE0030B504000800002C1BD0002914D0002A86
:105DDE0019D0002B19D021600021616011004143C0
:105DEE005D18A260E360636125611C000138002824
:105DFE0003D1891A5850013030BDA51825602C00EA
:0E5E0E00F4E72000F8E71000F6E71800F4E7CC
:105E1C00EFF3108100280BD072B64369002B04D02D
:105E2C001A684261426801324260002901D01800B0
:065E3C00704762B6FBE7AF
:105E4200EFF31082002811D0C3688B420ED8036989
:105E52008B420BD972B643690B6043684161013BC7
:105E62004360002A00D162B60020704704204042FD
:025E7200FBE74C
:105E740070B5EFF31085036B002B1DD00024CE7892
:105E8400DA78B24210D31A004A608C60002A11D02A
:105E94009160002C13D0616072B6836A013383620F
:105EA400002D00D162B670BD5A681C00002AEBD0E8
:105EB4001300E5E7C162ECE74B608B60C1620163EC
:025EC400EAE70B
:105EC600EFF3108272B6836A002B04D1002A00D148
:105ED60062B600207047013B8362002A00D162B699
:105EE6000123C06A0028F4D072B681788370002A34
:0C5EF60000D162B60029EDD08068F3E70F
:105F02004B688A68002B05D09A608A68002A03D001
:0C5F120053607047C262F8E70363FAE7CF
:105F1E00F8B587780400002F31D0C56800262F0011
:105F2E0001000C372800FFF7E5FF2100380026702E
:105F3E00FFF780FFAB68B34246D03800FFF767FF2C
:105F4E000400B04240D0280000F06BFF0700320082
:105F5E00310001F008F9380000F0CBFF07002000F7
:105F6E00B9686A6A0C3008F076FDF923A6702370C2
:105F7E00FB68E37021002800FFF775FF24E08568B9
:105F8E00AB68002BF6D05B78832BF3D1280000F0A2
:105F9E0048FF06003A00390001F0E5F8300000F045
:105FAE00A8FF210006006A6A80680C3108F053FDD4
:105FBE00F368002B01D0E2781A700023280021002C
:0A5FCE0023700C30FFF736FFF8BD1A
:105FD800F0B587B017000290039100280AD0002975
:105FE80008D0FAF74DFC04000398FAF749FC0019A9
:105FF8001F2808DC04210020494201F019FC002474
:10600800200007B0F0BD0322039B033393430C33F6
:1060180005930599029B4B430193002F5FD03B6882
:10602800BC683D697E690493002C06D0144202D1F5
:10603800FB68332B0DD80921DDE7FB68002BFAD16B
:10604800002D3CD0154202D1019BB34239D90A2117
:10605800D1E7002D15D1002EF9D12C4F002201993E
:10606800F86FFFF75CFE051E49D1002E07D03B00F4
:10607800A033186800283CD02100FFF7DEFE052178
:10608800B9E72B0013401542E1D1019AB242DED89C
:10609800FA22A370049B2000636000232270039AF5
:1060A800A3606262A362059AE362236302992B00EC
:1060B8000C30FFF788FE154B154A1A67A0E7002E2B
:1060C800C5D1144A114B106800280BD0FFF7A2FE67
:1060D800041ED4D00123002DDAD11E00BDE73D00F7
:1060E8000497EEE7043301223421D86FFFF717FE37
:1060F800EEE704372100F86FFFF745FEBFE7002100
:10610800019A08F03DFD02233343C1E764050020EE
:086118001F5F001004060020C7
:10612000F7B504000E0017000193002804D003788F
:10613000FA2B01D1002907D104212000494201F0A6
:106140007BFB042040421AE08368002B18D05B7868
:10615000832B15D100F06CFE05000122002101F017
:1061600009F8280000F0CCFE050031008068626A62
:1061700008F078FCEB68002B00D01F700020FEBDFB
:106180000C30FFF74BFE051E0ED03100626A0C305A
:1061900008F068FCF9232B70002329002000AB7065
:1061A000EF70FFF767FEE9E7019B0320002BC9D0E2
:1061B0001900932001F080F8002801D10220C1E7E6
:1061C000044B2000596900F01DFEEFF309839E6027
:0861D000DF60F3E76405002025
:1061D800F7B504000F0016000193002804D00378D7
:1061E800FA2B01D1002907D104212000494201F0EE
:1061F8001FFB042040421DE0FFF761FE051E3BD057
:1062080001002000FFF779FE29003800626A0C318E
:1062180008F024FC002E01D0EB783370270000260C
:106228000C37290038002E70FFF707FEA368B34229
:1062380001D10020FEBD3800FFF7ECFD051EF8D0A7
:10624800200000F0F1FD07003100012200F08EFF70
:10625800380000F051FE07002800B968626A0C3067
:1062680008F0FCFBF923AE702B70FB6829002000B6
:10627800EB70FFF7FBFDDCE7019B0320002BB9D097
:106288001900832001F014F8002801D10220B1E799
:10629800044B2000596900F0B1FDEFF309839F60BA
:0862A800DE60F3E7640500204D
:1062B000064B10B59A6ED86E0821FFF78DFE044B81
:1062C000D86443425841404210BDC046743D01105D
:0462D0006405002041
:1062D400F7B506001C0000910192EFF30583002B33
:1062E40003D1EFF31083002B29D0002E07D033788D
:1062F400FA2B04D1009B002B01D0002C07D00421E1
:106304003000494201F096FA0420404216E0300081
:106314000C30FFF781FD051E17D0726A00990C300E
:1063240008F09EFBF9232B70019B2800EB70009B67
:10633400AC706B60AE6000F061FC2000FEBD230019
:106344000099019A024F00DFF8E70320DDE7C04619
:0463540021610010B3
:10635800F7B5040016000191EFF30582002A03D176
:10636800EFF31082002A26D0002C07D02278FA2AD0
:1063780004D1019A002A01D0002B07D00421200063
:10638800494201F055FA0420404213E02000FFF78B
:1063980096FD051E14D00100626A01980C3108F0C0
:1063A8005DFB002E01D0EB7833702800EC6000F024
:1063B80023FC0020FEBD32000199024F00DFF9E7FF
:0863C8000320E1E7D961001098
:1063D00070B5041E2ED002684568806800280FD072
:1063E000032103000B40084203D1E16814001B297C
:1063F00014D809210020494201F00CFA002018E0CD
:10640000E3681400002BF4D1104A114B10680028E7
:1064100012D0FFF703FD002815D00123F522837069
:1064200000230270C57044608360C36003614361F0
:10643000037670BD0500E7E7043301221C21D86F05
:10644000FFF771FCE7E705214942D5E7F805002091
:0464500064050020BF
:106454002A4B70B55D6904000E00002D06D1082199
:10646400494201F0D5F90120404219E0002802D048
:106474000378F52B06D004212000494201F0C8F925
:106484000420F1E7037E002B0BD10361EB6AC560A6
:106494004361002B00D018610122EC6200202276B7
:1064A40070BDC278D1070CD5C168A94209D15A1C64
:1064B400D2B2FF2BF2D11021494201F0A9F90320F5
:1064C400D2E7002EFBD092070BD51F221F21E068D4
:1064D4006B1C9A56431C5956914202DADA7700F043
:1064E400BAFC3100532000F0E5FE002801D102205F
:1064F400BAE72900200000F083FCF8E764050020D7
:10650400354B70B55B690400002B06D10821494264
:1065140001F07EF9012040421FE0002802D00278F9
:10652400F52A06D004212000494201F071F9042023
:10653400F1E7027E0F21002A03D0C168994206D0F8
:106544000E212000494201F063F90320E3E7013AF8
:10655400D2B20276002A01D0002070BD4269002A1E
:1065640001D0016911612169002922D04A61022008
:106574009A1CD27FDD6A52B2002D1CD10133DA7726
:10658400A368002B11D0200000F050FC06002A0064
:10659400290000F0EDFDF36AE66025616361002BDC
:1065A40000D01C610123F4622376002000F0B2FCC9
:1065B400D2E7DA62DBE7E97801420AD0A968002968
:1065C40007D00131C97F0E1C49B2914200DA161C72
:0C65D40072B26D69D0E7C046640500207B
:1065E00070B5041E02D00378F52B07D004212000DB
:1065F000494201F00FF90420404270BD037E002B98
:106600001FD06369C068002B01D022691A6122691A
:10661000002A1DD053610225831CDB7FC26A5BB256
:10662000002A17D11F21421C5156994202D0D3771C
:1066300000F013FC03256D42A06800281AD100F079
:106640006BFC00232370A378DB071BD40020D4E766
:10665000C362E0E7D17829420AD09168002907D0C7
:106660000131C97F0E1C49B2994200DA1E1C73B277
:106670005269D5E7200000F0DBFB0022290000F082
:1066800079FDD9E7074A084B1068002803D021009C
:10669000FFF7D7FBDAE704332100D86FFFF777FB6A
:0C66A000D4E7C046F80500206405002087
:1066AC00F8B50400002C00D1F8BD0822E378676926
:1066BC00134216D00026A3682676B34211D02000D0
:1066CC0000F0B0FB05003200310000F04DFDEB6A2C
:1066DC00E56026616361B34200D01C610123EC626A
:0666EC0023763C00DEE70E
:1066F20070B50225C3782B4220D01F22C0684319EF
:106702009A56C46AE3782B420DD0A3688B4200D11B
:106712008B68002B07D00133DB7F1E1C5BB29342D8
:1067220000DA161C72B26469002CEBD11F21431CE3
:0E6732005956914202D0DA7700F08EFB70BD0E
:1067400080B5EFF30583002B03D1EFF31083002B0B
:1067500006D006210020494201F05CF8002080BDEF
:0C676000014F00DFFBE7C046D1630010D2
:10676C0080B5EFF30583002B03D1EFF31083002BDF
:10677C0006D00621494201F047F80620404280BD70
:0C678C00014F00DFFBE7C0465564001021
:1067980080B5EFF30583002B03D1EFF31083002BB3
:1067A80006D00621494201F031F80620404280BD5A
:0C67B800014F00DFFBE7C0460565001044
:1067C40080B5EFF30583002B03D1EFF31083002B87
:1067D40006D00621494201F01BF80620404280BD44
:0C67E400014F00DFFBE7C046E16500103C
:1067F0000300EFF3108172B682890020824202D03A
:0E680000013A9A810130002900D162B670473A
:10681000224B70B50D00411E0400994201D8A842D8
:1068200006D204210020494200F0FCFF002070BD88
:10683000002A26D090681668002809D0032103009A
:106840000B40084202D1D2680F2A0ED80921E9E78D
:10685000D368002BFAD1124A124B1068002812D0CC
:10686000FFF7DCFA002815D00123F62283700023FD
:10687000027083600C4A0B4B46608581C4819A6626
:10688000D5E71600E7E7043301221021D86FFFF7A0
:106890004AFAE7E705214942C6E7C046FEFF000085
:0C68A000FC050020640500207D6900104C
:1068AC0010B5002802D00378F62B06D004214942FB
:1068BC0000F0B2FF0420404209E08368002B07D0AF
:1068CC0000F0B0FA0122002100F04EFC002010BDB7
:1068DC00EFF3108272B68389C189994208D8002AD5
:1068EC0000D162B61121494200F096FF0320E2E785
:0C68FC0001338381002AE9D162B6E7E78E
:1069080070B5041E02D00378F62B07D004212000AE
:10691800494200F083FF0420404270BD8368002B89
:106928000DD003256D42200000F07EFA00222900D8
:1069380000F01CFCA0680028F5D100F0E9FA00235B
:106948002370A378DB0701D40020E6E7074A084B49
:106958001068002803D02100FFF76FFAF4E704332A
:106968002100D86FFFF70FFAEEE7C046FC050020BC
:046978006405002092
:10697C00836810B50400002B0AD0FFF733FF002802
:10698C0006D0200000F04EFA0022110000F0ECFBC3
:02699C0010BD2C
:1069A00070B504000D00002802D00378F62B08D043
:1069B00004212000494200F035FF04235B42180007
:1069C00070BDFFF715FF00239842F8D19D420CD00F
:1069D0002900632000F070FC002804D0044B200044
:1069E000596900F00FFA0223E8E70323E6E7C046FF
:0469F000640500201A
:1069F40080B5EFF30583002B03D1EFF31083002B55
:106A040006D006210020494200F00AFF002080BD84
:0C6A1400014F00DFFBE7C04611680010D6
:106A2000B0B50C00EFF30583002B03D1EFF3108317
:106A3000002B13D0002804D00378F62B01D1002CB2
:106A400006D00421494200F0EDFE0420404204E05B
:106A5000FFF7CEFE002804D02000B0BD024F00DFBB
:0C6A6000FBE70320F2E7C046A16900102C
:106A6C0080B5EFF30583002B03D1EFF31083002BDC
:106A7C0024D0002802D00378F62B06D004214942FA
:106A8C0000F0CAFE0420404217E0EFF3108272B609
:106A9C008389C189994208D8002A00D162B6112194
:106AAC00494200F0B9FE0320EDE701338381002A4F
:106ABC0000D162B600F09EF8002080BD014F00DFCF
:086ACC00FBE7C046AD680010B5
:106AD40080B5EFF30583002B03D1EFF31083002B74
:106AE40006D00621494200F09BFE0620404280BDAC
:0C6AF400014F00DFFBE7C04609690010FD
:106B000070B500F039FD1E4CE3680133E36000F01E
:106B1000C1F9002000F000FA236D002B00D0984747
:106B2000226C002A2BD0A369E06BD969984203D06C
:106B3000E363002900D1DA61DA69002A1BD1237AE4
:106B4000022B1CD1656A002D19D0E36B6A1C01333E
:106B5000D27FDB7F52B25BB29A4210D1280000F0A4
:106B600071F9E06B00F08CF9280000F0CDF9236C8E
:106B7000E563EB6103E0013ADA61002ADFD070BD22
:046B80006405002088
:106B840070B51C4B1C4D1C005634288872B62288E4
:106B9400002A04D162B6002000F0BCF970BD013AAD
:106BA40022801A005A321288D96D9600013292B2AC
:106BB4007158904200D1002218005A30028062B607
:106BC4000029E8D00878F1380828DED8F9F740FC25
:106BD40005DD09DDDD0B0DDD0F001B6E0800984798
:106BE400CFE75B6EFAE79B6EF8E7DB6EF6E71B6FA9
:0C6BF400F4E7C04664050020B80500204E
:106C00000100F8B5EFF31080174B184A1C8872B6D4
:106C1000150056352B889C4206D8002800D162B654
:106C20000220FFF72CF81BE001332B8015005835AC
:106C30002B88D66D9F0001339BB2B9512B809C42AB
:106C400003D0002805D162B603E000232B809842D0
:106C5000F9D0537A002B04D18022054B52055A609B
:106C6000F8BD01239372FBE7B805002064050020FE
:046C700000ED00E053
:0C6C74000378F12B00D07047C068F9E7EE
:106C800010B5C46903694169621C0ED1002B00D0A4
:106C900059614269002A03D013610023436101E076
:106CA000084A13630023C36110BD002B03D0DA69C7
:106CB00059611219DA614269002AEDD1014AD362A1
:086CC000F0E7C0466405002066
:106CC80001231F2110B54370C3185956094B0A4AAE
:106CD8005B6A002B04D05C1CE47F64B28C4206DC47
:106CE800C26083609060002B00D0D86010BD1A008D
:0C6CF8009B68EEE764050020800500208A
:0C6D0400014B58697047C0466405002030
:106D1000002310B5827804000380930707D5016B28
:106D20000E4BD2060FD50833D86FFFF78AF8A37839
:106D3000DB0707D50A4A094B1068002807D0210055
:106D4000FFF77FF810BD586FFFF721F8EFE7043326
:106D50002100D86FFFF71BF8F4E7C0466405002058
:046D6000EC0500201E
:106D640080B500F06FFD044F00DF0121002049428F
:0C6D740000F03EFDFEE7C046D9710010A3
:106D800070B50300022510000124284014402A4257
:106D900014D1EFF3108672B69A6A15000D40002CDC
:106DA00006D0A94206D1100088439862100001E085
:106DB000281EF8D1002E00D162B670BD986A0B0073
:106DC0000340002C03D09942F7D00020F5E75A1E6B
:086DD00093415B421840F0E71B
:106DD800C37810B5DB0702D4FFF796FF10BD042374
:106DE80043700023044AC360536B8360002B00D0B8
:0C6DF800D8605063F2E7C046640500203C
:106E04001F2210B54B1C9A568368002B04D05C1CBF
:106E1400E47F64B2944206DAC8608B608160002B20
:0C6E240000D0D96010BD18009B68EEE79C
:106E30000300806882689A60002A00D0D360002333
:046E4000C360704774
:106E4400C268002A06D083689360002B00D0DA6001
:066E54000023C36070473B
:106E5A0070B505000400002C09D02378F12B07D067
:106E6A002800FFF7EAFF29002000FFF7C6FF70BDE0
:046E7A00E468F0E7F1
:106E8000012310B5010043700148FFF7BBFF10BD9F
:046E90008005002059
:106E9400F8B5194DEC6A002C1ED0E369013BE3619F
:106EA400002B19D1102620276378732B18D014D8FF
:106EB400532B19D0BB43432B12D02000FFF7C0FF44
:106EC4002000FFF7DBFF2469002C04D0E369002BCA
:106ED400EAD000236361EC62F8BDB343832BECD1A9
:106EE4002000FFF7C5FEE8E72000FFF7C1FE210000
:0C6EF400FFF7FDFBE1E7C046640500204D
:066F0000806B2030704799
:106F080002234370014B98617047C0466405002016
:106F1800F8B5154D04002E7A6F69002815D1022E98
:106F280012D16C6A002C0FD0621C7B1CD27FDB7FD5
:106F380052B25BB29A4207DD2000FFF77FFF3800AC
:106F4800FFF7BEFE6670AC61F8BD022E07D1421C89
:106F58007B1CD27FDB7F52B25BB29A42EFDC20000F
:0C6F6800FFF78AFFF0E7C0466405002038
:106F7400F0B587B0059103900421002812D0002AAF
:106F840000D1C7E013689468029353681569566981
:106F940097690493002C0DD0A30702D1D368432B27
:106FA40061D809210020494200F022FC002420007D
:106FB40007B0F0BDD368002BF3D1002D6FD1002FA3
:106FC4007AD11837002E00D180E018270722330029
:106FD4001340164267D132005D49483A8A4262D86A
:106FE400002C73D0002D00D1A1E0A370049BF222E9
:106FF400E370029BFF326360002322807FB2621C35
:10700400A360E36023616361A361E361D777A21C9A
:10701400D7776362A362E3623300FD22403BEB183F
:10702400A363039B6284E3634A4B256366632B601B
:10703400494B1B685B0700D581E0A56B3422002116
:10704400280007F09FFD454B454A6B63039B2000D6
:10705400AB6380235B04EB63059B2B62414B1A6695
:10706400FFF758FFA3E7002D19D1002F24D1002EDC
:10707400ABD1019718373C4A374BD26F5E6D394B11
:10708400002A34D01000FEF7C7FE051E35D01023A9
:10709400019A1A4301920223019A1343A5E76B074D
:1070A40001D1002E01D10B217CE7002F8DD07B1E56
:1070B400372B8BD90C2175E77B1E372BFAD800258B
:1070C400002E83D135000196002CD4D1274A254BBC
:1070D4001068002824D0FEF79FFE041E18D0012358
:1070E400002D82D10193002EC5D000221D4B31000A
:1070F400586FFEF716FE051ECDD1019B002B07D05D
:107104001A4A184B1068002813D02100FEF797FE86
:10711400052147E715001827160002920492D5E7C7
:10712400043301224421D86FFEF7FBFDD5E7019516
:10713400DBE704332100D86FFEF727FEE8E7B20847
:10714400113ACC219200281D07F01CFD75E7C046BA
:10715400B7FFFF7FA52E5AE2743D0110656D001044
:1071640095710010640500206C050020EC050020DA
:1071740070B50400836B15001962FFF77FFD2000D2
:10718400002D02D0FFF7C6FE70BDFFF777FEFBE7C8
:1071940010B543780400332B0AD1031D416ADA7F0A
:1071A400FFF7ECFD011E03D000222000FFF7E0FFF3
:0271B40010BD0C
:1071B60010B504008069002803D000221100FFF7F3
:1071C600D6FF6378232B02D10022A3689A6110BDF3
:1071D80070B50E4C267A022E16D1636A002B13D096
:1071E8006569E86AFFF75EFA2800FFF7E0FF0848DC
:1071F800FFF71AFE4670A061EFF30983AB63002323
:1072080028006361FFF7E4FD70BDC04664050020F7
:0472180080050020CD
:10721C0070B5041E02D00378F12B07D00421200096
:10722C00494200F0E1FA0420404270BD0F2243783D
:10723C001340022B1ED0032B2AD0012B21D1FFF798
:10724C00FBFDE06AFFF72CFA2000FFF7AEFF657834
:10725C00022D23D11348FFF7E5FD134B45709861C0
:10726C00EFF30982A26300225A612000FFF7AEFD02
:10727C000020DAE70C4B1A7A022A02D15B6A002B47
:10728C00DFD103212000494200F0AEFA0320CBE706
:10729C00FFF7D2FD2000FFF7EDFCD2E70020FFF74F
:0C72AC0035FEE2E78005002064050020AC
:1072B80070B51F4C0300227A0020022A18D1626A96
:1072C800824215D0626953704B1C17D1236B002B77
:1072D8000FD101214942D1615061136100280BD0BF
:1072E80002611448FFF7A0FD02234370A06101204A
:1072F80070BD18001B69EAE72263F2E7E36A002B16
:1073080002D0DD69A9420CD2D16150611361002815
:107318000BD00261002BE4D0D8695A61411AD961B7
:10732800DFE71800491B1B69E9E7E262F2E7C0469C
:0873380064050020800500201F
:1073400070B50D4D00210D48AA6DFFF713FE0C4CD2
:107350006B6EA0620120002B0DD098470300002027
:10736000834208D1EA6DE16C286EFFF703FEA0644A
:10737000431E9841C0B270BD743D0110517700109A
:047380006405002080
:1073840080B5EFF30583002B03D1EFF31083002BBB
:1073940006D006210020494200F02AFA002080BDD0
:0C73A400014F00DFFBE7C046756F0010D2
:1073B00080B5EFF30583002B03D1EFF31083002B8F
:1073C00002D0034B586980BD024F00DFFBE7C04687
:0873D00064050020056D0010AA
:1073D800B0B5040000F040FAEFF30583002B03D1A9
:1073E800EFF31083002B07D006212000494200F05C
:1073F800FDF906204042B0BD2000014F00DFFAE74A
:047408001D720010E1
:10740C00002230B50C4D6B6C002B02D01C698C42E9
:10741C000CD901618260C360002B03D01C69986099
:10742C00611A1961002A05D0D06030BD1A00091B01
:0C743C00DB68E9E76864F8E764050020FD
:10744800F8B51B4D6C6C002C2DD023696E69013B7F
:1074580023612369002B25D1E368002B01D0A268A2
:107468009A6021006B640023E86C1A001831FEF75B
:107478002DFF00280CD0AB69210003206F696B61D8
:10748800FEF7F9FB6B69002B02D1B74200D11E0051
:10749800E378012B08D120006169FFF7B3FF6C6C1A
:1074A800002CD6D16E61F8BD01236370F7E7C046A2
:0474B8006405002047
:1074BC0010B5FEF7F7FE002803D1034B034A1A65FB
:1074CC0010BD01204042FBE7640500204974001008
:1074DC0037B5012504006D422B00002269462000BF
:1074EC00FEF734FF0028F7D1009B01989847F3E78B
:1074FC00010010B5002817D00D4B1868F8F7B8FF2D
:10750C00802301385B0498420ED2FF23094A1B06E4
:10751C00116A0B4313620622074B1A605860002055
:10752C009860064B187010BD01204042FBE7C04626
:10753C001007002000ED00E010E000E0848902203C
:10754C00074B1A78002A05D000221A708022054BAE
:10755C00D2045A600123044A11680B43136070472C
:0C756C008489022000ED00E010E000E047
:0C757800014B1B687047C04610E000E0AB
:06758400012040427047A7
:10758C00094A0A4B10B51A60094B0A499B1A0B6041
:10759C00094A0A4B0A491A600A4B9B1A0B6000F005
:1075AC0055F800F06DF8C04600FC032008A7002039
:1075BC000000042004A70020B0890220FCA60020B3
:0875CC00F8A6002000FC0320DA
:1075D40070B50B251C240C480C4B456003600C4B08
:1075E400C4608360FFF7AAF80A4B18600A480B4B83
:1075F400456003600A4BC4608360FFF79FF8094B42
:10760400186006F041FE70BD74A600207C45011090
:1076140088A6002084A60020C8A500208945011062
:08762400DCA50020D8A5002020
:08762C0010B5FDF723FF10BDAE
:10763400012110B5024B49421868FFF795F810BDB7
:0476440084A60020F8
:1076480010B5024B1868FFF7A3F810BD84A60020F8
:0C76580010B504F01DFC00F011F810BD8E
:0276640070476D
:0276660070476B
:1076680010B500F043F8FFF7F9FFFFF7AFFFFFF79A
:0C767800F6FF03F025FAFFF7D5FF10BD68
:0876840010B5FEF705FB10BD77
:10768C0013B5114B114C0021236180231B02636144
:10769C004423E3600E4B2200A3601823A3610D4B1F
:1076AC000D482360FFF768FE031E05D122000B492D
:1076BC0000900B4803F00AFAFEF7FEFA0022094983
:1076CC0013000092F5E7C0466011002068A400206A
:1076DC0058A80020934501106976001098450110B8
:0876EC001D010180B4450110ED
:1076F40030B585B068460200054B32CB32C21B68F8
:107704001360FFF71BF8034B186005B030BDC0468B
:08771400E43D0110A8A80020CB
:10771C0073B506000C00150003F0D2F900280CD14B
:10772C000649A21D063402D3054B9200D158002302
:10773C0032002800009303F0C9F973BDC94501104C
:04774C00E4460110FE
:0677500010B500F099F8ED
:1077580007B5020001380023042823D8F8F780FE73
:10776800030A10161C000093012200230F49104839
:1077780003F0AEF90093022200230E490E48F7E702
:107788000093032200230D490D48F1E700930422DA
:1077980000230C490C48EBE70093052200230B4912
:1077A8000B48E5E70B490C480093E1E7D145011088
:1077B80025010280F24501102601028017460110BA
:1077C800270102804C4601102801028087460110DB
:0C77D8002A010280C74601100001028057
:1077E40010B50100014AFFF797FF10BD3101018078
:1077F40010B5024AFFF790FF10BDC0463201018068
:1078040010B5024AFFF788FF10BDC046370101805A
:1078140010B5024AFFF780FF10BDC0463301018056
:107824000B0010B5113302D0014AFFF775FF10BDEC
:04783400340101809A
:1078380010B5024AFFF76EFF10BDC046380101803F
:1078480010B5FFF7B1FD034B1B68002B00D098471C
:0878580010BDC046ECA80020A1
:10786000034B10B51B68002B00D0984710BDC046D5
:04787000ECA8002060
:1078740010B502F0CBFF03F0BFF903F0BEF902F03C
:04788400DBFF10BD59
:1078880010B5024B1B689847FBE7C0460806002066
:10789800CB6810B5C360002B01D05B68984710BD5A
:1078A800C36810B5002B05D1FD22044904485200D5
:1078B80002F0FCFE1B68984710BDC0462047011027
:0478C8002B47011039
:1078CC00044B10B51868002803D001214942FEF77B
:1078DC0047FF10BDA8A80020044B10B5186800285D
:1078EC0003D001214942FEF73BFF10BDA8A80020A0
:1078FC00F8B50500060010CD002C16D1FFF7E0FFFF
:10790C0034680D4F002C0BD1280003F0F1FD3560CD
:10791C003868002801D0FEF739FF2C002000F8BD94
:10792C003868002801D0FEF731FFAC42F6D08B222C
:10793C000249034802F0B8FEA8A800205B470110DA
:04794C006A47011075
:0E79500010B50368012200211B69984710BD85
:0E795E00002210B5036811001B69984710BD88
:10796C0010B5040002F04EFF0121200004F070FA63
:06797C0002F05EFF10BDE9
:1079820010B5040002F043FF0021200004F065FA64
:0679920002F053FF10BDDE
:1079980070B50D00040002F037FF2900200004F044
:0879A8003FFA02F047FF70BD39
:1079B00070B504000D1C02F02BFF291C200005F0FF
:0879C000F7FA02F03BFF70BD75
:1079C80070B50D00040002F01FFF2900200005F02B
:0879D80045FB02F02FFF70BD1A
:1079E000837E10B50400002B03D103F007F90123B7
:0479F000A37610BDAD
:1079F400837E10B50400002B03D003F0FEF80023AF
:047A0400A37610BD98
:107A080010B5040002F000FFE37E002B09D1182313
:107A1800E15E200005F082FA2000FFF7DDFF012378
:087A2800E37602F007FF10BD38
:107A30000023002210B5040001834383C261036266
:087A4000FFF7E2FF200010BD7A
:107A480010B5040002F0E0FEE37E002B07D0200012
:107A580005F08EFA2000FFF7C9FF0023E37602F055
:047A6800E9FE10BD66
:0C7A6C0010B50400FFF7EAFF200010BD79
:027A7800704755
:107A7C0070B506000400831D3E229A5E0C36031D71
:107A8C003E21595E300005F007FBE56C236D002D9F
:107A9C0001D1DA0711D558102018DB0701D503687E
:107AAC005D592300583300229B5E22005632002180
:107ABC00525E210054310978A8473000E16B05F083
:107ACC0050FB30002200024905F08AFB70BDC04615
:047ADC000D7E00100B
:107AE000F7B50093836C04000E001500002B05D041
:107AF00036222B492B48FF3202F0DCFD2A4A03656F
:107B00000368C2641B6898472300270054331E7023
:107B100002331D800193009B58373B80042E0DD803
:107B20003000F8F7A1FC15031015190001232A00F5
:107B300001215B4220000C3005F0C1FB23682000CE
:107B40005B689847F7BD01222B0002215242F1E702
:107B50002A003100009BEDE72300012270331A70E8
:107B600001350CD0042003F0D7FA019B0500002159
:107B7000595E00230380837002F025F8E56500223A
:107B8000BB5E0133DAD0042003F0C6FA0022050000
:107B90000023F95E0280827002F01AF82566CDE7B4
:0C7BA000A6470110B5470110E17A001063
:107BAC0070B504000D00884209D0FBF7D7FEEB68D6
:107BBC00E360002B03D0290020005B68984770BD60
:107BCC00F7B500251F00174B04000360164B0E0081
:107BDC00856029000192436010220C3006F0CEFF24
:107BEC000222A31CFF32A562A563E763DA87019A20
:107BFC00231DDE87A31DDA874E33A564E564256556
:107C0C0022001D70012356325B42138053802300E7
:107C1C0070336566A566E56620001D70FFF728FFCA
:0C7C2C002000FEBDD44701107D7A00103E
:107C380070B5040003680D001B68984720002900F0
:107C48000C3005F090FA2368E56320005B689847DC
:027C580070BDFD
:107C5A00F8B504001F0003680D001B68160098475A
:107C6A0020003B00320029000C3005F08CFA236812
:087C7A0020005B689847F8BD8B
:107C820070B5040003681B68984720000C3005F0AB
:107C92000AFB230070331B780500002B06D0206EF0
:107CA200002803D06942694104F09FF8236820004C
:087CB2005B689847280070BDD3
:107CBA0070B5040003681B68984720000C3005F073
:107CCA00F4FA230070331B780500002B05D0E06D11
:107CDA0004F093F8434258410540236820005B684A
:067CEA009847280070BD60
:107CF000F7B50500036816001B680F0098472B00B6
:107D000040331B783401002B01D0002E10D02B0003
:107D100041331B78002B01D0012E09D01C343900CF
:107D20002819FFF743FF2B6828005B689847F7BDC9
:107D300002F06EFD29001C34FA682C190C31E3683E
:107D40000191002A0FD0002B01D102F057FF39001A
:107D50002000FFF72BFF01223100019805F058FAAF
:107D600002F06CFDDFE7002B01D002F048FF20009D
:0A7D7000FBF7FAFD0022E260EEE7E7
:107D7C0030B500250400164B85B003602A00694617
:107D8C000395FFF7AFFF6846FBF7E8FD0122694654
:107D9C0020000395FFF7A6FF6846FBF7DFFD2300E5
:107DAC0040331B78AB4204D1230041331B78AB42E8
:107DBC0003D020000C3005F0CFF920002C30FBF75D
:107DCC00CDFD20001C30FBF7C9FD200005B030BDF7
:047DDC00D447011077
:107DE00010B50400FFF7CAFF2000742103F0C4F9A6
:047DF000200010BDA2
:0A7DF40010B50C3005F046FA10BD82
:0E7DFE0010B50C000C3005F048FA200010BD46
:107E0C0009011C314018C36810B5002B01D0FFF7D5
:047E1C0045FD10BD53
:107E2000F7B504002600036840361B680D0098472C
:107E30003378AB4230D027004137002D17D102F004
:107E4000E7FC23000C3318002A002900019305F0F9
:107E5000DFF9A36A002B31D102F0F0FC002333706C
:107E60003B78002B18D1019805F07CF914E03B78A1
:107E7000002B08D1A268636850102018D20701D5E2
:107E80000268D358984702F0C3FCA36A002B08D1BC
:107E900002F0D4FC01233370236820005B6898470C
:107EA000F7BD20001C30FFF7FFFC02F0A7FE20000A
:107EB000012200210C3005F0ABF9E9E702F09FFE4A
:027EC000CAE70F
:107EC200F7B504002600036841361B680D00984789
:107ED2003378AB4230D027004037002D17D102F063
:107EE20096FC23000C3318002A000121019305F0AF
:107EF2008EF9A36B002B31D102F09FFC002333706B
:107F02003B78002B18D1019805F02BF914E03B784F
:107F1200002B08D1A268636850102018D20701D53F
:107F22000268D358984702F072FCA36B002B08D169
:107F320002F083FC01233370236820005B689847BA
:107F4200F7BD20002C30FFF7AEFC02F056FE0122F6
:107F5200200011000C3005F05AF9E9E702F04EFE5C
:027F6200CAE76C
:107F640010B5437D0400002B04D0037D002B01D009
:087F740002F043FE200010BDE5
:107F7C0013B5040001A802F061F8637D002B0BD14E
:107F8C00237D002B01D002F033FE206902F014F89F
:107F9C00012320606160637501A802F055F813BDE0
:107FAC0037B5040001A80D0002F048F800230022A8
:107FBC00226063606B7D002B08D0286901F0FCFF08
:107FCC002A686B68801A99412060616001A802F0F0
:067FDC003BF820003EBD51
:107FE20030B50D0085B0040003A802F02CF829007A
:107FF2006846FFF7DAFF009A019BA868E968121841
:108002004B4103A82260636002F023F8200005B010
:0280120030BD7F
:1080140013B5040001A802F015F8206901F0D0FF9F
:108024000022002320606160A260E36001A802F0E6
:048034000FF813BD71
:1080380010B50B00040000210020236100232060FC
:108048006160A060E160227520006375FFF7DEFFC4
:04805800200010BD37
:10805C0010B5040001F0DAFF012201002000FFF747
:06806C00E5FF200010BD3D
:048072000020704733
:0C8076001D20404270471D204042704712
:0C80820016204042704716204042704714
:08808E0001207047012070473A
:08809600002070470020704734
:10809E00F8B501230C0006000D001C40194204D057
:1080AE00FFF7E8FD431E984104B210273D4205D06C
:1080BE003000FFF7FBFD002800D03C432000F8BD48
:1080D00008B4024B9C46743808BC60479F8000106F
:0A80E00010B5FFF79DFE002010BD53
:1080EC0008B4024B9C46743808BC6047E180001011
:0A80FC0010B5FFF7E0FE002010BDF4
:1081080008B4024B9C46743808BC6047FD800010D8
:1081180010B50400024B0360FFF72CFE200010BDD1
:10812800EC47011008B4024B9C46743808BC604701
:048138001981001099
:10813C0010B50400FFF7EAFF2000782103F016F8D1
:10814C00200010BD08B4024B9C46743808BC604734
:04815C003D81001051
:10816000F7B505000C00161E1AD002F04DFB0123D6
:108170004340DFB2002F03D02B6828001B689847CC
:10818000A319019321782800FFF739FE019B0134E0
:10819000A342F7D1002F03D02B6828005B689847D3
:0481A0003000FEBDF0
:1081A40008B4024B9C46743808BC604761810010D7
:1081B40070B504000D00101E0CD0236820001B684D
:1081C40098472000FFF714FE2870236820005B689E
:0681D4009847012070BD78
:1081DC0008B4024B9C46743808BC6047B58100104B
:1081EC0010B50400FFF7ECFC024B20002360024B9F
:0C81FC00636710BDEC470110284801101B
:10820800F8B504000D0016001F0003681B689847A6
:108218003B00320029002000FFF75EFC23682000A5
:068228005B689847F8BDF9
:10822E0030B50400250085B002F0EBFA08351022B7
:10823E000021684606F0A1FC29006846FFF725FBE1
:10824E002800FBF78AFB0023E0696361A361984273
:10825E0001D003F0D8F902F0EAFA039B002B02D00A
:10826E0068461B6898476846FBF777FB05B030BD3C
:108280000023044A4360026043618361C361038445
:088290007047C046C048011010
:10829800084B10B5036083690400002B04D0262224
:1082A8000549064802F002FA0830FBF759FB20009E
:1082B80010BDC046C04801108D48011099480110F2
:1082C80070B504000D0002F09FFAA669002E02D1D5
:1082D80002F0B0FA70BD20000830FBF741FB002324
:1082E8000121621C6361D177A21CE361D577A36188
:0E82F80002F0A0FA2100300000F048F9EAE799
:1083060010B5002802D003F0FEF810BD02F07DFA89
:02831600FBE783
:1083180010B5002802D003F011F910BD02F08AFA56
:02832800FBE771
:10832C00F0B5040089B00E00019202F06BFAA56959
:10833C0002F07EFA002D27D003AD0021280003F0B7
:10834C003BF902F05FFAE369A769002B04D03922EC
:10835C000E490F4802F0A8F9E56102F069FA002F06
:10836C000FD02800019903F031F9002809D1300011
:10837C00FFF7C3FF20000121FFF7A0FF3000FFF73C
:10838C00C5FF280003F045F909B0F0BD8D48011078
:04839C00A7480110DD
:0E83A000002343608360013301600373704764
:0283AE00704716
:1083B0000300007B002805D00CCB002012689A42F5
:0683C0004041C0B270470D
:1083C600F0B50124230085B05340050001930368EE
:1083D6002000884002900020043303930300002A03
:1083E60001D003002043039E5900715C029E0E4299
:1083F60020D030263140002A08D010290DD1981CF3
:108406001E2BEED10120404205B0F0BD002904D15B
:10841600981C1E2BF6D00300E5E727008740AE68C0
:108426003E4207D12029EFD12700019919438F40F9
:0C8436003E42E9D0981C1E2BD0D1E3E799
:1084420070B5040008001100020020001D00FFF7B3
:10845200B9FF021E02DA0020207370BD46082068B0
:10846200B300C018C388616859184379D0015D43CD
:108472004919616001219140A36830430B43A36015
:04848200C0B2EAE7B3
:0E84860010B513000A000121FFF7D8FF10BD4A
:0E84940010B513000A000021FFF7D1FF10BD44
:1084A20070B50D0004000A000021FFF7EBFF2A005F
:0A84B20000212000FFF7EDFF70BD70
:0884BC000023036043607047D8
:0284C4007047FF
:0484C6000068704793
:1084CA0000230B604368002B02D1016041607047B2
:0484DA001960FBE743
:1084DE0003000068002806D00268002A00D15A6006
:0884EE001A60002303607047CF
:1084F60010B50468002223008B420ED1002A01D059
:108506000B6813608C4201D10B68036043688B4291
:1085160000D1426000230B6010BD002BFCD01A0076
:048526001B68E9E7FE
:0C852A0010B50400FFF7C5FF200010BDD5
:0E85360010B5FFF7C5FF43425841C0B210BD5B
:1085440070B505002800FFF7BCFF041E0ED0043CE4
:10855400236820009B689847002807D02800FFF76D
:0E856400BCFF23682000DB689847EBE770BD82
:1085720070B504000D00FFF7A5FFAC610600291DD0
:108582002000FFF7A1FF002E02D12000FFF7D9FF44
:0285920070BDBA
:1085940070B505000C00FFF794FF0600002C00D016
:1085A400043421002800FFF7A4FFA64202D12800CA
:0685B400FFF7C6FF70BDD9
:1085BA0010B504002000FFF781FF002804D004381A
:0A85CA000368DB689847F5E710BD71
:1085D40010B50400FFF7EFFF2000FFF771FF200044
:0285E40010BDC8
:0285E6007047DC
:0285E8007047DA
:0A85EA0010B503689B6D984710BDA3
:1085F400C82330B59B00C5580C4B87B001930023AA
:1086040001A98B808B710A4B44680289CB810A30A3
:108614000423039404008A81FF331222CD710B8258
:1086240006F01EFA200007B030BDC0461201000259
:04863400010200003F
:0886380000487047F44B0110EB
:0886400000487047E24B0110F5
:0886480000487047CC4B011003
:0886500000487047C64B011001
:0886580000487047BE4B011001
:0886600000487047A84B01100F
:10866800036810B55B6F04009847BB239B00E05874
:1086780003681B6F9847236820009B6F984710BDBD
:10868800CD239B00C35870B50400012B1AD1C9260D
:10869800CA25B600AD0001226059A3590240002B3B
:1086A80008D1002A0ED04010635120180268D35810
:1086B8009847F0E700214010A151201861518A42E3
:1086C800F6D0F3E7CD229200A358002B04D1054938
:1086D8000548064A01F0EAFF013BA35002F0AAF858
:1086E80070BDC046ED480110FB480110C6060000E9
:1086F800CD239B00C35810B5002B04D10249034871
:10870800034A01F0D3FF10BDED480110FB480110EA
:04871800CD0600008A
:10871C0010B5040002F076F8CD229200A358013374
:10872C00A350002B05D1D72202490348D20001F0F7
:0C873C00BBFF10BDED480110FB48011010
:1087480037B50D0003680400DB6F98478F232A00B4
:108758009A4301D12B0706D1002210491300104873
:10876800009202F0B5F91E23182269001940ED099C
:1087780029438B1E5343E3183133187800280BD054
:1087880001381870130001394B430433E018C368EB
:10879800002B01D01B68984737BDC0460749011018
:0487A8000401158033
:1087AC00036870B5DB6F04009847BE239B00E55A45
:1087BC002B0A022B21D0032B54D0012B05D123687B
:1087CC0020001B6B9847002801D1002070BD236846
:1087DC0020001B6B98470578122DF6D123682000DA
:1087EC001B6B98474378012BEFD1C1239B00E550BD
:1087FC0023681B6B200098472DE02368EDB22900FD
:10880C0020005B6B98470028DFD0236829005B6B46
:10881C00200098470378092BD7D1236829005B6B7C
:10882C00200098474378022BCFD1236829005B6B3B
:10883C00200098472368867829005B6B20009847B6
:10884C00C122C37892001B023343A3502368290032
:10885C0020005B6B9847C0239B00E050012008333D
:10886C00E054B3E7E8B20528AFD8C1252368AD00C2
:10887C00F7F7F4FD030B131B232B9B6B200098477E
:10888C000378635123689B6BB4E7DB6B200098473C
:10889C00037863512368DB6BACE71B6C20009847B3
:1088AC000378635123681B6CA4E75B6C200098472A
:1088BC000378635123685B6C9CE79B6C20009847A2
:1088CC000378635123689B6C94E7DB6C200098471A
:0A88DC00037863512368DB6C8CE71E
:1088E6001F200B78DB0913700B785B069B0F537008
:1088F6000B78034093704B78D370CB7888781B0243
:10890600034393804B7908791B020343D380CB79C9
:0A89160088791B02034313817047A8
:10892000036870B55B6F04000D009847C3239B007C
:10893000E35C022B05D03E220A490B48FF3201F0CE
:10894000B9FEC423C9229B00E554084B9200A350F2
:10895000CA2300229B00E250236820009B6F9847A7
:1089600070BDC046ED48011026490110E18E00108F
:10897000036870B5DB6F04009847C2239B00E35C7B
:10898000002B01D0002070BDBB25AD0060590368ED
:108990005B6C9847C1239B00E2588242F2D3C02609
:1089A000B600A159121A0918A151E250002A14D197
:1089B00002210833E1540F4BE15C002908D0E25456
:1089C000163BE118236820009B6E98470120DAE7E8
:1089D00001212000FFF7A4FFF8E7C8239B00E3581C
:1089E0006059934200D913000268146C1A00A04722
:0889F000ECE7C0460A03000099
:1089F800036813B5DB6F04009847C7239B00E35C4B
:108A08000F49012B05D9C3239B00E35C002B06D03B
:108A18000C4900220C481300009202F059F80B4B45
:108A2800E35C032B0AD02000FFF79EFF002805D146
:108A3800BB239B00E0580368DB6C984713BDC04616
:108A480051490110794901100E0115800B030000EE
:108A5800036870B5DB6F04009847C2239B00E35C92
:108A68000020012B35D1C1239B00E358834204D158
:108A78001B4AA15C81422BD0A354C8229200A5585E
:108A88009D4200D91D00BB23C0269B00E058B600BC
:108A980003682A009B6CA1599847C122A3599200E8
:108AA8005B19A351A3585B1BA35011D10C4BE25C7B
:108AB800002A0DD102210333E1540A4BE15C00295D
:108AC80008D0E254163BE118236820009B6E9847B3
:108AD800012070BD01212000FFF71EFFF8E7C04606
:088AE800090300000A0300006D
:108AF000036813B5DB6F04009847C7239B00E35C52
:108B0000012B06D800220B4913000B48009201F0FC
:108B1000E3FF0A4BE35C032B0AD02000FFF79CFF26
:108B2000002805D1BB239B00E0580368DB6C984705
:108B300013BDC046514901100E0115800B03000002
:108B4000036870B55B6F04000D009847C3239B005A
:108B5000E35C032B05D0C3220A490B48520001F005
:108B6000A9FDC423C9229B00E554084B9200A350E1
:108B7000CA2300229B00E250236820009B6F984785
:108B800070BDC046ED480110C3490110799A00102C
:108B9000036810B50400DB6F98470120044BE2180E
:108BA0001D3BE2500433E0500433E05410BDC04696
:048BB0001D030000A1
:108BB400036810B5DB6F04009847C7239B00E35C90
:108BC4000020042B0CD1074B0130E25A064BE25231
:108BD4003633E218303BE2500433E0500433E054BF
:0C8BE40010BDC0462E030000FA02000085
:108BF000036810B5DB6F04009847C32304229B0071
:108C0000E254143BE25C044B2000E15A23681B6FE2
:0C8C10009847012010BDC046FA02000089
:108C1C00036870B55B6F04000D009847C3239B007D
:108C2C00E35C042B05D0EB220A490B48520001F0FF
:108C3C003BFDC423C9229B00E554084B9200A35072
:108C4C00CA2300229B00E250236820009B6F9847A8
:108C5C0070BDC046ED480110EF490110818F001026
:108C6C00036810B5DB6F04009847C7239B00E35CD7
:108C7C00042B04D000201B4BE35A83422FD11A4BF8
:108C8C00E35C012B2CD0022B04D00020002B26D12E
:108C9C00012319E0134B0020E15A8F230A009A4359
:108CAC0082421CD10F220B00134011420CD01E2308
:108CBC004A001A40C9110A43023A063B5343E318CF
:108CCC0030331B789B07DB0F084A01201380C0232D
:108CDC009B00E25002220433E2500433E05410BDF6
:108CEC000023F1E7FA020000F6020000F0A80020D1
:108CFC0030B5036891B0DB6F04009847BB23C822E2
:108D0C009B00E058920003686946A258DB6B9847B9
:108D1C00BD239B00E5182A0069462000FFF7DDFD06
:108D2C00C02200239200A3500432A3500432A3505B
:108D3C00C32301229B00E2542368290020005B6EB0
:068D4C00984711B030BD94
:108D5400036813B5DB6F04009847C7239B00E35CEB
:108D6400012B06D800220A4913000A48009201F098
:108D7400B1FECB2201239200A354203AA25C002A24
:108D840003D12000FFF7B8FF13BD034AA354FBE748
:0C8D9400514901100E0115802D03000054
:108DA000F8B51D00036804005B6F0F0016009847BC
:108DB000C3239B00E35C012B04D00C490C480D4AF3
:108DC00001F078FCC423C9229B00E7540433E65029
:108DD0000433E550084B9200A350CA2300229B00A5
:108DE000E250236820009B6F9847F8BDED480110C2
:0C8DF000174A0110BA020000BD980010E4
:108DFC00036870B5DB6F04009847BF239B00E35AF0
:108E0C00002B37D0C2229200A55C143AA25C012A36
:108E1C0015D1012D0CD1C1229200A058984238D9FD
:108E2C00A3500222214B2000E254FFF70FFE05E075
:108E3C00BB239B00E0580368DB6C984770BDBB22DA
:108E4C009200002D14D1C1218900615899420FD193
:108E5C000120164BE0541533A058E2588A4200D931
:108E6C000A00C021036889001B6C61589847E5E72C
:108E7C00A058E0E7BB23C1229B009200E058A15808
:108E8C0003680029D8D10325084A9B6CA5540A0015
:108E9C00ECE79842C5D2C8239B00E158F7F76EFB6C
:108EAC000029BED1024BE554BBE7C0460B030000C2
:048EBC0009030000A6
:108EC000036810B5DB6F040098470022024BE254A0
:108ED000024B0332E25410BD2D0300000B030000CF
:108EE000036810B5DB6F04009847C423C322002138
:108EF00092009B00E35CA154134AA15C002903D0BB
:108F00002000FFF7DDFF10BD002B06D1BB239B0027
:108F1000E0580368DB6C9847F5E70C4BE25C012AEC
:108F200008D10232E2541F3BE05803689B6C0A00F0
:108F30009847E8E7022AE6D10132E254BB239B00BE
:108F4000E05803681B6CF2E72D0300000B030000E0
:108F5000036810B5DB6F04009847CB2300229B0009
:108F6000E254203BE35C934203D12000FFF7A8FFCB
:108F700010BD0122014BE254FAE7C0462D03000068
:108F8000036810B5DB6F04009847C423C322002197
:108F900092009B00E35CA1540E4AA25C8A4203D07B
:108FA0002000FFF78DFF10BD002B0BD00A4B2000D7
:108FB000E25A0A4BE252363BE25A3833E254FFF7A8
:108FC0001DFFF0E7BB239B00E0580368DB6C98476C
:108FD000E9E7C0462D030000FA0200002E0300005E
:108FE00070B5BC2504000368AD005B6F9847635DF6
:108FF000002B10D1BB26B600A059210003689B6846
:109000009847A059402103689B6B9847C8239B0051
:10901000E05001236355236820009B6F984770BD83
:10902000036870B55B6F05009847C7239B00EC5C35
:109030002B68E4B228009B6F043C984763425C4174
:04904000E0B270BD6D
:1090440070B5040003680B4D5B6F98472000FFF771
:10905400C5FF635D002B07D1BB239B00E058036869
:109064005B69984701236355236820009B6F9847E9
:0890740070BDC046F1020000CE
:10907C00F0B50D0087B00593036802925B6F040096
:10908C0098478F232A009A4301D12B0706D100223F
:10909C00304913003048009201F018FD2F4BE65C6C
:1090AC00002E06D1236820009B6F9847300007B034
:1090BC00F0BD1E2218276B001340EA0913430393DB
:1090CC00023B5F43E71904933B0030331B78DB070B
:1090DC0005D58E2222492348D20001F0E5FA8023DF
:1090EC00029ADB009A4203D91D491F481F4AF4E734
:1090FC00BB239B00E05829000368029A1E6D059B58
:10910C00B047061ECED01823039D013D5D430C9B3A
:10911C00043565199D420BD02800FAF71FFC0C9BF7
:10912C00DB68BB62002B03D028005B680C99984766
:10913C001823049A5343E31819000122303108789C
:10914C0002430A701A00002131321170029A9A857A
:10915C00A8E7C0460749011004011580F20200007F
:10916C00ED4801103A4A01105C4A011071040000EC
:10917C00BB239B0010B5C05803685B6B984710BDB0
:10918C00F8B504001D48BB2520602000AD00AC469E
:10919C001C30060000250F0006A90988A444F560C0
:1091AC0018366645FBD1A280B422E380218192005F
:1091BC00002105F0E3FCBD239B00E01828220021D0
:1091CC0005F0DCFCBB2301229B00E7500433E55285
:1091DC000B4B2000E5544233E550143BE55004336F
:1091EC00E5500433E5500433E5500433E554143BA7
:1091FC00E254044BE554044BE554F8BD284B0110E4
:0C920C00F20200001D0300001E03000021
:1092180070B50D00036804005B6F98472B0708D1F1
:10922800C8239B00E558236820009B6F98472800B7
:1092380070BD1E2369001940ED0929430239063B18
:089248004B43E3189D8DEEE796
:10925000F7B50E00036804005B6F984737008F2353
:109260009F4301D1330706D1002217491300174845
:10927000009201F031FC1E22182573001340F20900
:109280001343023B5D4365192B0030331B78DB072A
:1092900009D42000FFF7C4FE002810D00C490D4867
:1092A0000D4A01F007FA31352B78002B07D0BB238C
:1092B0009B00E05831000368DB6E98472F702368ED
:1092C00020009B6F9847F7BD0749011004011580E6
:0C92D000ED480110744A01108C050000EC
:1092DC0073B50D00036804005B6F98478F232A0059
:1092EC009A4301D12B0706D100221A4913001A48C0
:1092FC00009201F0EBFB1E2218266B001340EA09CA
:10930C001343023B5E43A619320030321178CB076F
:10931C0009D42000FFF77EFE002816D00F49104814
:10932C00104A01F0C1F902230B431370BB239B00BD
:10933C00E0582900036831369B6D98473378002B31
:10934C0003D029002000FFF77DFF236820009B6FCE
:10935C00984773BD0749011004011580ED480110B1
:08936C00744A0110CC0400005A
:10937400036810B5DB6F04009847C7239B00E35CC8
:10938400042B04D000200E4BE35A834217D10D4B1B
:109394000020E35C022B12D1094BE15A8F230A000F
:1093A4009A4382420BD10B0709D0BE239B00E35A98
:1093B400834204D12000C9B2FFF78EFF012010BD03
:0893C400FA020000F6020000AD
:1093CC00F7B50E00036804005B6F98478F233200DB
:1093DC009A4301D1330706D100221D4913001D48C1
:1093EC00009201F073FB1E23182577001F40F30930
:1093FC001F432B00023F7B43E3181A0030321278D4
:10940C00D20709D42000FFF705FE00281AD0124914
:10941C001248134A01F048F931331B78002B03D062
:10942C0031002000FFF70EFF02227D436519303515
:10943C002B78310093432B70BB239B00E0580368BF
:10944C00DB6D9847236820009B6F9847F7BDC0469B
:10945C000749011004011580ED480110744A0110F0
:04946C00F104000007
:10947000036810B5DB6F04009847C7239B00E35CCB
:10948000042B04D000200E4BE35A834217D10D4B1E
:109490000020E35C022B12D1094BE15A8F230A0012
:1094A0009A4382420BD10B0709D0BE239B00E35A9B
:1094B000834204D12000C9B2FFF788FF012010BD0C
:0894C000FA020000F6020000B0
:1094C800F0B50E001F00036885B05B6F03920400BF
:1094D80098478F2332009A4301D1330706D10022DF
:1094E800130021492148009201F0F2FA1E231825A1
:1094F80071001940F309194302394D4365192B00CE
:1095080030331B78DB0709D42000FFF785FD0028DE
:1095180010D017491748184A01F0C8F8AB8DBB425C
:1095280004D91300154916480092DDE731352A7829
:10953800002A07D0236820009B6F98470026300038
:1095480005B0F0BDBB229200A05831000268176E2A
:10955800039AB847061E02D02B7801332B70236874
:1095680020009B6F9847EAE707490110040115801E
:10957800ED480110744A0110AF050000824A01103D
:049588000501158044
:10958C0037B50D00036804005B6F98478F232A00E2
:10959C009A4301D12B0706D1002215491300154817
:1095AC00009201F093FA1E236A001A40EB091A4349
:1095BC001823023A5343E31830331B78DB0709D4E2
:1095CC002000FFF727FD051E0CD00B490B480C4A59
:1095DC0001F06AF8BB239B00E058290003685B6E1E
:1095EC0098470500236820009B6F984728003EBDD4
:1095FC000749011004011580ED480110744A01104F
:04960C00E90500006C
:10961000F0B50E0085B00293036803925B6F0400FF
:1096200098478F2332009A4301D1330706D1002295
:10963000130026492648009201F04EFA1E231825F1
:1096400071001940F309194302394D4365192B0084
:1096500030331B78DB0709D42000FFF7E1FC00283A
:1096600012D01C491C481D4A01F024F8AB8D029908
:109670008B4204D213001A491A480092DCE72F00EB
:1096800031373B78002B07D0236820009B6F984729
:109690000026300005B0F0BDBB239B00E058310030
:1096A0000368039A9B6E9C46029B6646B047061E63
:1096B00009D0029BEB853B7801333B702368200087
:1096C0009B6F9847E5E7E885F8E7C046D34A011065
:1096D00004011580ED480110744A01100A060000CB
:0896E000F14A0110050115809B
:1096E80037B50D00036804005B6F98478F232A0085
:1096F8009A4301D12B0706D10022124913001248C0
:10970800009201F0E5F91E226B001340ED091D439C
:109718001823023D6B43E3181A0030321278D2073F
:1097280009D42000FFF778FC051E05D00749084832
:10973800084A00F0BBFFDD8D236820009B6F984727
:1097480028003EBD0749011004011580ED480110AD
:08975800744A011049060000EB
:10976000036870B5DB6F04000D009847C7218900BE
:10977000625C6554D3B2AA4219D0032B18D9032DC9
:1097800010D8B4222000920000211C3005F0FCF912
:109790000023094AA354094AA354012D02D82000EA
:1097A000FFF7D6FB2368290020001B6E984770BD89
:1097B000012BF7D9F1E7C0461D030000F2020000BB
:1097C000036870B5DB6F04009847BB23BE259B0080
:1097D000E058AD000368615DDB6A9847635B022176
:1097E000002B00D003212000FFF7BAFF012070BD3D
:1097F000036810B5DB6F04009847BE239B00E15C53
:109800000C4BE15400290AD1313BE05803681B6A34
:10981000984703212000FFF7A3FF012010BD01227C
:10982000054B2000E2541A330232E2542368DB6E07
:0C9830009847F2E71D030000F202000060
:10983C00036810B50400DB6F984700201A4BE35CFB
:10984C0083420ED1194BE05C0B282BD8F6F706FEA1
:10985C00060A2A0E2A12162A1A1E22262000FFF7A2
:10986C00FFF910BD2000FFF7FDFDFAE72000FFF720
:10987C007BFDF6E72000FFF79DFFF2E72000FEF7E7
:10988C008FFFEEE72000FFF77DF9EAE72000FFF7F6
:10989C00A9FFE6E72000FFF787F9E2E72000FFF7D2
:1098AC00A1F9DEE70020DCE7F5020000F70200007A
:1098BC00036870B5DB6F04009847C5229200A1586D
:1098CC00C4230432C325A05800229B00AD00E35CE6
:1098DC0062551B4AA25C002A10D0012B0AD8022325
:1098EC006355BD239B00E1182368012220009B6E69
:1098FC00984770BD2000FFF7DDFAFAE7042B12D170
:10990C002000FFF795FF002806D1BB239B00E058F1
:10991C000368DB6C9847ECE7635D002BE9D1200012
:10992C00FFF766FAE5E7032BEFD00125054AA554AE
:10993C00063AA050043AA1500832A354EFE7C046AF
:08994C002D0300000A030000D6
:1099540010B504000368DB6F984702212000FFF76D
:10996400FDFE0022044B2000E254FFF7EFFA2368C7
:0C9974002000DB6D984710BD1E030000B2
:1099800070B504000368104D5B6F9847635D002B52
:1099900007D0BB239B00E05803689B6998470023CE
:1099A0006355C7239B00E35C012B03D901212000F1
:1099B000FFF7D6FE0023054A2000A354044AA3540F
:1099C00023689B6F984770BDF10200001D030000E3
:0499D0001E03000072
:1099D40070B5BC2504000368AD005B6F9847635DF8
:1099E400002B0AD02000FFF7C9FFBB239B00E058DF
:1099F4000368DB68984700236355236820009B6F46
:049A0400984770BD52
:109A08000E4B70B50360BC239B00C35C0400002BA5
:109A180004D00B490B480C4A00F048FEFFF7D6FF6C
:109A2800BB2326009B00E5181C36B54204D0183D20
:109A38002800F9F795FFF8E7200070BD284B0110C2
:0C9A4800ED480110124B011062050000F7
:109A5400036870B5DB6F0D0004009847002D08D132
:109A6400C7239B00E35C002B03D029002000FFF7F1
:049A740075FE70BD4E
:109A7800F8B503680400DB6F9847C4231E4F9B00AA
:109A8800E65CE35D002B12D1002E10D0C3229200B9
:109A9800A354BB239B00E0580368DB699847200068
:109AA8000421FFF759FE2000FFF7A4F919E0200070
:109AB800FFF7B2FA051E0AD10100B4222000920075
:109AC8001C3005F05DF80D4BE5540D4BE554C323F0
:109AD80000229B00E254E35D934203D02000FFF78D
:109AE800EBF9F8BDBB239B00E0580368002ED0D1EA
:109AF800DB6C9847F5E7C0462D0300001D03000006
:049B0800F202000065
:109B0C0010B5EFF3108072B6054A1378002B05D10F
:109B1C0001210C00034B84431C70117010BDC04616
:089B2C008589022080890220D6
:109B340010B5EFF310820123934304D03622064973
:109B4400064800F0B5FD064A1370064B1B78002B3F
:109B540000D062B610BDC0460D4C0110294C011056
:089B640085890220808902209E
:0C9B6C00014B18787047C0468589022024
:109B780070B50D000400160002F04AF9013507D04F
:109B88000021200002F066F93100200002F048F9B7
:029B980070BD9E
:109B9A00F8B50D00040016001F0002F038F901356F
:109BAA000BD03900200002F01CF90121200002F03C
:0C9BBA0050F93100200002F032F9F8BD33
:0A9BC60010B50022FFF7D5FF10BD17
:0C9BD00010B513000022FFF7E0FF10BDED
:0A9BDC0010B50022FFF7F6FF10BDE0
:109BE60070B50C00050011001A00002909D12100EA
:109BF600FFF7BFFF013403D02800049902F0F3F801
:0C9C060070BD2100049BFFF7C5FFF9E7CB
:109C120000228B5E5A1C01D1180002E0834201D15E
:089C2200486870470C31F3E7BC
:109C2C0013B50400431C0AD0FFF7EDFF431C06D10B
:109C3C000023220002490348009300F047FF16BDA1
:089C4C00434C011030010180BE
:109C5400F7B54668330032331C78002C32D10368E0
:109C64005B689847326A030082422BD0821A3069BB
:109C7400336210403322B256002A24DB2100F6F767
:109C84007DFD3427F75704000D00002F14D0002168
:109C9400706A24184D41009401958F421BDB3A00F1
:109CA40020002900F6F75EFD3A0004000D00F6F7E7
:109CB40065FD009B181A7062B26AF36A12196B414F
:109CC400B262F362F7BDB16802002300080021000C
:109CD400F6F73AFED5E7F7680B00009801993A00C9
:109CE400F6F712FE4743009B0400DF1B0D0077626A
:029CF400E2E7A5
:109CF6000300824206D901208A4202D9994289414B
:109D06004842704700208B42FBD991424041F8E718
:109D1800F0B545683E4B2A6B060085B01A426BD1F8
:109D2800FFF794FF6B68002B00D167E01A685B6847
:109D3800E96A994207D302D1A96A914203D33368E9
:109D48005B69984758E07468A06AE16A121A8B4107
:109D58001900E369100067698B4224D302D1A36913
:109D6800834220D33422A256002A29DBF6F704FDC9
:109D7800230033331B785BB29C46002B10D0A368BA
:109D88000393039B013B009300230193009A019BDB
:109D9800801859416346002B1BDB6246F6F7E0FC4E
:109DA800874200D90700236AFB1827691F402B6ADE
:109DB800BB4213D1CA2217491748FF3200F076FC7C
:109DC800E36802009C460B0060460021F6F7BAFDE6
:109DD800CEE7039A019BF6F795FDE1E73368380073
:109DE8001B69984733685B6898473A000100286AFE
:109DF800FFF77DFF0028A2D105B0F0BD2B6A6A6984
:109E080028699B18184033681B699847F4E7C046CF
:0C9E180000FFFF00784C01108A4C011084
:109E24004368F0B51A0030321278040085B0002A75
:109E340000D083E032331B78002B7FD103681B688A
:109E440098472368DB69984706680700002E06D107
:109E5400330032003B493C48009600F03BFE3000A2
:109E64003A490391F6F78EFB03980029F9D10100D2
:109E74003648F6F701FB1F23012265680290A860AB
:109E8400013B04D31100029899408842F8D12A007A
:109E94003332137003993000F6F7EEFA8021030091
:109EA4001F22E8600906884206D00121013A03D343
:109EB400080090408342F9D1290034310A7078684F
:109EC400011F1C2905D900222149130021480092B1
:109ED400C3E70122202833D08240013A072000271B
:109EE40088401E002A613B00029A6861C117F6F798
:109EF4002BFD02000B0001204042C117801979415B
:109F04008018594132003B00F6F7FEFC2368A86133
:109F1400E9615B682F606F60984700212862012225
:109F2400002063689862D9625F621A863233200027
:109F34001F70FFF78DFE2000FFF7ECFE05B0F0BDAB
:109F44005242CBE7AE4C01100E01048040420F0098
:089F5400C74C01100501048057
:109F5C0070B5050000F056FC2B686C68DB68984700
:109F6C00230032331B78002B02D000F061FC70BD53
:109F7C0026000123313633706368002B16D028007D
:109F8C00FFF762FE6368E26A596891420ED803D10A
:109F9C001968A26A914209D86A68DB6852686360E2
:109FAC002368002BE8D090689847E5E70023280049
:089FBC003370FFF7ABFED8E79C
:109FC40070B50400FFF72CFF00F020FC2000FFF721
:109FD4003FFE63689C6ADD6A00F02EFC29002000C5
:029FE40070BD4E
:089FE60010B5FFF7ECFF10BD00
:109FF00010B50022024B1A7003F0E5F910BDC046FF
:04A000007D89022034
:10A0040010B503F095F90122014B1A7010BDC0463A
:04A014007D89022020
:08A0180000487047044D0110DF
:10A02000034B10B51B68002B01D00248984710BDA8
:08A030000C060020044D011094
:10A0380010B50C23CA5E0423C95E03F02FF810BDC7
:0CA0480010B5040000F0E0FB200010BD8B
:0CA0540010B5040000F0F0FB200010BD6F
:04A06000007B7047CA
:10A064000E4B70B5036000230D4E43608160027394
:10A07400040030000D00FDF73FFC01F045FA002D0F
:10A084000AD0084B1A681C6062603000FDF734FC8B
:10A0940001F056FA200070BD6560F6E7404D0110EE
:08A0A400B09C0020AC9C0020E0
:10A0AC0070B50400144B154D03602800FDF720FC1F
:10A0BC0001F026FAA368002B05D0114962680B68E1
:10A0CC00A34213D10A600F4B1A68A24201D100229D
:10A0DC001A602800FDF70CFC01F02EFA237B002BF4
:10A0EC0002D1201F01F058F8200070BD19005B68E8
:10A0FC00A342FBD14A60E6E7404D0110B09C002022
:08A10C00AC9C0020D89C00204F
:10A1140010B50400FFF7C8FF2000102101F02AF851
:04A12400200010BD4A
:10A12800F7B51A4E019030000D00FDF7E3FB01F082
:10A13800E9F9174B1C68002C11D1072D1ED12A00F4
:10A148001448019904F064FC002817D13000FDF789
:10A15800D1FB01F0F3F9104B1C682000FEBDA76885
:10A16800002F11D0380004F0FFFFA8420CD12A00BC
:10A178003800019904F04CFC002805D13000FDF7A7
:10A18800B9FB01F0DBF9E8E76468D4E7B09C00208C
:0CA19800AC9C0020304D0110D89C002031
:04A1A40000207047E0
:10A1A800036870B5012200211B6904009847051E49
:10A1B8000DDB2368022200211B6920009847060056
:10A1C80023682900002220001B69984735002800D1
:02A1D80070BD58
:10A1DC0070B50E0000241049046044600500300086
:10A1EC0004F0F2FF3018030021001A782F2A08D14E
:10A1FC0001332B60002909D12A220849084800F0B4
:10A20C0053FA002AF5D001310133EEE7FFF786FF50
:10A21C006860280070BDC046984D0110B44D011007
:04A22C00C14D01100F
:04A23000006870470B
:10A23400436810B5181E05D0FFF710FF01384342DC
:06A244005841C0B210BD3C
:10A24A0010B50400FFF7F1FF0023984203D06368BA
:0AA25A00002B00D0043B180010BDDB
:10A26400436810B5181E04D0FFF7F8FE4342584166
:04A27400C0B210BDA7
:10A2780010B50400FFF7F2FF0023984203D063688B
:0AA28800002B00D0043B180010BDAD
:0AA292004068431E9841C0B27047B7
:04A29C0000207047E7
:10A2A000F8B50E00036804001B6D8D189847330045
:10A2B00022689D4207D019785F1C2000936C984754
:10A2C000013006D13D00236820005B6D9847A81B34
:06A2D000F8BD3B00ECE7C5
:10A2D600F8B50E00036804001B6D8F18350098470B
:10A2E6002368AF4205D1236820005B6D9847A81B01
:10A2F600F8BDDB6C20009847431CF4D0287001356C
:02A30600EEE780
:04A30800002070477A
:02A30C00704798
:10A3100013B504000E4B002208C0FFF7A3FE0D4B3F
:10A32000200023600C4B0D4963600023636100F043
:10A3300097FF6061002806D10300020000900849E1
:10A34000084800F0C9FB00F0D4FC200016BDC04650
:10A35000504D0110484E0110A84E0110CA4D011079
:08A36000CD4D0110190101802F
:10A3680010B50400074B0360074B4360406903F0D6
:10A37800A5F8064B201D2360054B6360FFF792FE8E
:10A38800200010BD484E0110A84E0110E84D0110E4
:04A39800384E01102A
:10A39C0030B5002585B01A4CAB0029001948E2589D
:10A3AC00013500F015FA0D2DF5D1A36C164802936A
:10A3BC00636C0193236C0093E36BA26B616B00F0F5
:10A3CC0007FA124B1248196800F002FAE36C1B07EB
:10A3DC0012D5104800F0FCF9236D0F48DB0700D4B0
:10A3EC000E4800F0F5F9E36C0D485B0700D40D48FE
:10A3FC0000F0EEF905B030BD0B4800F0E9F9EFE7DD
:10A40C00A4A60020B04E0110BE4E011000ED00E0DD
:10A41C000D4F01101B4F01102A4F0110374F011027
:0CA42C005A4F0110664F01104A4F0110FA
:10A43800F7B51B4F05000E003800012100F04EF95A
:10A448000024A04216D1174800F0C4F9302D18D0C6
:10A45800402D1BD0202D1ED1134800F0BBF9134C02
:10A46800134800F0B7F9FFF795FF124800F0B2F96A
:10A4780000233B700023320020000F49009300F0B6
:10A4880027FB0E4800F0A6F90D4CE9E70D4800F04F
:10A49800A1F90D4CE4E70D4800F09CF90C4CDFE7FE
:10A4A80083890220724F01109B4F01103E01FF80EB
:10A4B800C84F0110D34F0110F24F0110AA4F0110DD
:10A4C8003F01FF80B34F01104001FF80BE4F0110D4
:04A4D8003D01FF80C3
:10A4DC00F7B573460C0016000193270000F068FBDB
:10A4EC00002C02D02300083B1F68002E0AD1002547
:10A4FC00320021002800019B00F016FB00F068FBE5
:10A50C002800FEBD300003F06DFF051EEFD03A00B1
:10A51C00B74200D932002100280004F09DFA200037
:06A52C0003F06AFFE4E702
:10A53200F7B516000D00370073466F43019300F024
:10A542003CFB380003F053FF041E03D03A00002105
:10A5520004F019FB32002900019B200000F001FBEE
:08A5620000F03BFB2000FEBDF0
:10A56C00F7B50D000192060000F022FB204F3800D9
:10A57C00FDF7BEF900F0C4FF2B001E4C093332D896
:10A58C0029003000083103F041FF00282BD00600D1
:10A59C00A268194B521905604360A26022692368B6
:10A5AC00013222616268EB1808362360934200D9AD
:10A5BC00636004380368002B00DAC01801220368BA
:10A5CC009343A269521B9B18A3613800FDF790F9C5
:10A5DC0000F0B2FF29003000019A00F091FA00F06F
:10A5EC00F7FA3000FEBD6369002601336361ECE7C6
:0CA5FC00689C0020F09B0020EFBEADDE4C
:0AA6080010B57246FFF7AEFF10BD5B
:10A61400F7B50C000500160000F0CEFA1E4F380006
:10A62400FDF76AF900F070FF002C26D021000839EC
:10A634001A4B4A689A422CD123000C3B18680A68CA
:10A64400002800DA1B1818680123984300234B6084
:10A65400134B01901868801A186018698446012009
:10A664004042844460461861986984460198624473
:10A67400121A9A61280003F0A3F93800FDF73CF997
:10A6840000F05EFF3100200000F082FA00F0A4FA2E
:10A69400F7BD2100EEE7C046689C0020EFBEADDEAA
:04A6A400F09B002007
:0AA6A80010B57246FFF7B2FF10BDB7
:10A6B40007B50B00009201000022014800F00AFADD
:04A6C4004401FF80CE
:10A6C80070B5050000F0A0F801232C782B70E4B2D7
:0CA6D800631E9C4100F0AEF8E0B270BDC3
:10A6E40070B504000E0000F091F825782670EDB2E4
:08A6F40000F0A2F8280070BD7F
:10A6FC0037B500F087F8192101A8FFF769FA012591
:10A70C000424290001A801F06BFB104800F076FE30
:10A71C00002101A801F064FB013C0C4800F06EFE26
:10A72C00002CEED10434290001A801F059FB084893
:10A73C0000F064FE002101A801F052FB013C04482A
:10A74C0000F05CFE002CEED1DAE7C046F0490200C6
:04A75C00801A060059
:10A7600037B5002201000400022000F069FB0D252E
:10A7700000F04EF800222378002B02D100F05EF8A2
:10A7800037BD0A2B08D10D2A06D06B460122D91DF0
:10A7900002200D7000F054FB01222100022000F085
:08A7A0004FFB22780134E6E7CB
:10A7A80010B5A2B002000B0001A8842107F0CCFB71
:10A7B8000400832805D9832005220549684404F04C
:10A7C8004DF9002C02DD01A8FFF7C6FF22B010BD2D
:04A7D800025001101A
:10A7DC000FB407B504A901C90191FFF7DFFF03B05E
:06A7EC0008BC04B0184790
:0AA7F200EFF3108301209843704735
:0CA7FC00EFF30580431E9841C0B2704787
:08A8080010B5FFF7AFF910BD18
:10A8100010B5FFF77BF9064A1368591C04D13F2293
:10A8200004490548FFF746FF0133136010BDC046D9
:0CA83000C4A5002021500110315001107F
:10A83C00054A10B51368002B05D0013B1360002BA3
:0CA84C0001D1FFF771F910BDC4A5002078
:10A8580010B50C48FFF734FF002805D0FFF7D4FFE8
:10A86800BFF34F8F20BFFDE7FFF7C4FF002801D0DB
:10A87800FFF740FFFFF7B9FF0028F9D0012000F0EB
:08A888002FFAC046818902206D
:10A89000F0B5464C0E0021689BB04B0007000592B6
:10A8A0009B0F8DB2032B00D14D420B1440482A0060
:10A8B000DBB2FFF793FF28003238FF3813280FD898
:10A8C000F5F7D2FD0A333537393D3B3F0E0E0E0EFC
:10A8D0000E0E0E0E0E0E0E413648A168FFF77EFFDB
:10A8E0003800FFF73DFF34486168FFF777FF002E1F
:10A8F00009D03248FFF734FF3000FFF731FF30480E
:10A900000599FFF76BFF2F48A168FFF767FF2368E2
:10A910002D4A9A18012A02D92C4A934217D1A368CA
:10A92000002B18D1E3682A481AE02A48D5E72A48BC
:10A93000D3E72A48D1E72A48CFE72A48CDE72A4873
:10A94000CBE72A48C9E72A48FFF748FFC8E7294A62
:10A950009342E7D1E3E7DB6C1B07E3D4E3682648C7
:10A9600002002649002B03D05968002900D1234951
:10A97000E56923480395A5690295656901952569EF
:10A98000009506ADFFF72AFF280000F015FD099B92
:10A99000069A01932B7A1B4800932168079BFFF7C7
:10A9A0001DFF1948FFF71AFF1BB0F0BD40A600209D
:10A9B00077500110C85001107051011081510110E1
:10A9C000895101108D510110C2FE007F4001FF80AE
:10A9D0008D520110DE500110EE500110FD5001109B
:10A9E000105101102451011038510110475101102C
:10A9F0005D5101103D01FF806C500110625001104B
:0CAA0000A1510110FA5101107452011014
:02AA0C00704791
:10AA100070B504000D0016008EB0002800DB214C3C
:10AA20003022002102A804F0AFF81F4B0194E31874
:10AA30000395012B02D91D4B9C422AD1EB6B02934B
:10AA40006B6B08931A4B5B69DA6B049305925A6B34
:10AA50001B6B06920793FFF7DBFE164A1368013360
:10AA60001360012B04D13422134801A903F0FAFF2B
:10AA7000124C3422200001A903F0F4FF104B2000F7
:10AA80001B68002B0BD09847FFF7D8FE00200EB0B4
:10AA900070BD0C4B9C42D1D0029601ABD1E7FFF7C1
:10AAA000B5FFF1E70101FF80C2FE007F4001FF809A
:10AAB00064050020F8A5002000A6002040A6002084
:08AAC000FCA500203D01FF8010
:04AAC80000207047B3
:0CAACC00014B1878C0B27047838902204B
:10AAD800F7B5050001910A480121774616001C00C8
:10AAE800FFF7FCFD002809D13A0031002800FFF7E4
:10AAF8008BFF2100089A0198FFF7C6FEFFF7A8FE12
:04AB0800838902201B
:10AB0C000B00074970B50D680400002D06D00549EF
:10AB1C000978012902D801000020A847200070BD47
:08AB2C00109C002073A9002019
:10AB340037B5040010001A00074B1D68002D08D01B
:10AB4400064B1B78012B04D80B0000902100012038
:10AB5400A84720003EBDC046109C002073A90020D9
:10AB640037B5040010001A00074B1D68002D08D0EB
:10AB7400064B1B78012B04D80B0000902100022007
:10AB8400A84720003EBDC046109C002073A90020A9
:10AB94000A00074910B50C680300002C06D00549CB
:10ABA4000978012902D800210320A04710BDC0461E
:08ABB400109C002073A9002091
:10ABBC0010B50548FCF79CFE00F0A2FC034A137884
:10ABCC000133137010BDC046189C002073A90020DF
:10ABDC0010B5054A05481378013B1370FCF788FE45
:10ABEC0000F0AAFC10BDC04673A90020189C0020E0
:02ABFC007047A0
:02ABFE0070479E
:06AC00001D2040427047D8
:06AC0600162040427047D9
:04AC0C00012070476C
:04AC10000020704769
:02AC1400704787
:10AC1800034B10B51868002801D0FBF7B9FD10BD2B
:04AC2800A8A80020B8
:10AC2C0070B515000C008E18B44201D1280070BD0F
:10AC3C002178024802F02AFB0134F5E7C8A800206D
:10AC4C0070B501230C000D001C40194205D00848BA
:10AC5C0002F024FB431E984104B21026354205D065
:10AC6C00034802F021FB002800D03443200070BDC3
:04AC7C00C8A8002044
:10AC8000002010B50C00824204D0034802F0FCFA08
:0CAC90002070012010BDC046C8A80020A4
:10AC9C00094B70B50360094B04001B681600002BB0
:10ACAC0007D1074D2800FFF7C1F93100280002F049
:10ACBC0058FA200070BDC046AC530110D8A8002033
:04ACCC00C8A80020F4
:04ACD00000207047A9
:04ACD40000207047A5
:0CACD80010B5002801D0FFF70DFDFEE7CD
:04ACE4000120704794
:06ACE80010B5FFF7F5FFB7
:04ACEE00012070478A
:0AACF20010B5002104F0C7F810BDF2
:08ACFC0010B5FCF799FC10BD36
:08AD040010B5FCF79FFC10BD27
:10AD0C0070B50400037803252B40012B07D0FCF70A
:10AD1C00E3FD22781540012D03D1FFF777FF0020CA
:10AD2C0070BD002D05D0D42204490548D200FFF790
:10AD3C00BBFC0223134323700120F1E7A85201103E
:04AD4C00BA520110E6
:10AD500010B50378032219001140022904D00649D6
:10AD60000648074AFFF7A6FC9343012213430370EA
:10AD7000FFF752FF10BDC046A8520110D852011073
:04AD8000A906000020
:10AD8400F8B5040000203F2C27DC144EA500A85978
:10AD9400431C22D1022C20DC2000FFF799FF00285D
:10ADA4001AD12000FFF792FF002815D10C4F38006C
:10ADB400FFF7AAFF0B4C00280DD0E1220A495202EA
:10ADC4002000FFF769FF2000084A0949FFF788FFC0
:10ADD4003800FFF7BBFF20007051F8BD10060020BB
:10ADE400EC9B002030A40020F453011078030020D1
:04ADF40015AC00108A
:10ADF80070B504000025FFF7C1FF0C4BA400E55017
:10AE0800A84206D102F0E8FA092303600120404273
:10AE180070BD03685B69984704002800002CF7DAC6
:10AE280002F0DAFA64420460F0E7C0461006002037
:08AE380010B5FFF7DDFF10BDAE
:10AE400070B50C001500FFF79DFF002807D102F038
:10AE5000C7FA0923036001246442200070BD03681F
:10AE600021002A00DB689847041EF6DA02F0B8FADF
:06AE700064420460EFE7FC
:10AE760070B50C001500FFF782FF002807D102F01D
:10AE8600ACFA0923036001246442200070BD036804
:10AE960021002A009B689847041EF6DA02F09DFA04
:06AEA60064420460EFE7C6
:10AEAC0010B5FFF769FF002806D102F093FA0923C9
:10AEBC0003600024200010BD0368DB699847041E62
:0CAECC00F8DA02F087FA64420460F2E752
:10AED80030B585B0019009200C004023042202AD52
:10AEE80001A968442B7003F0B9FD2100280002F085
:10AEF80009FD041E07D00198FFF7D4FF002802D0EF
:0CAF08002000FFF7F2FE200005B030BD75
:10AF1400F0B585B006000F000292FFF76DFC051E28
:10AF240006D0002332002C492C480093FFF7D2FDB1
:10AF3400FFF75DFC0028F4D0029B002B08DA02F036
:10AF44004DFA1623036001246442200005B0F0BDCD
:10AF54003000FFF7A9FF041E06D02C00204B9B5D98
:10AF64000393029BAB4212DC029BA342EDDD300053
:10AF74001A1B3919FFF762FF0028E4DB2418002CA0
:10AF8400E3D03F19013F164B3A789A55DDE77B5DD4
:10AF94000A2B1CD1039B0D2B19D0AC420CDA3000C8
:10AFA4002A1B3919FFF74AFF0028CCDB2418A542D5
:10AFB400CBDC0B4B039A9A55012230000949FFF769
:10AFC4003DFF0028BFDBC0D00D22054B9A557B5DA9
:10AFD40001350393C5E7C0460F5301102F010180CB
:08AFE40033A9002049530110BC
:08AFEC0010B5FFF75DFF10BD79
:10AFF4007FB504000D001600FFF7FEFB002806D005
:10B00400002322001E491F480093FFF763FDFFF74A
:10B01400EEFB0028F4D0002E07DA02F0DFF9162345
:10B0240003600120404204B070BD2000FFF73CFFE4
:10B0340000281FD00F266E44012231002000FFF7A4
:10B0440018FF0028EDDBEED033780F4A0D2B08D122
:10B05400115D0A290AD019000A23012011552B7009
:10B06400E1E70A2B04D1115D0D29F4D11355E1E771
:10B074001900F2E7320029002000FFF7FAFED2E7B8
:0CB084004B5301102F010180F3A80020A5
:10B0900070B50C001500FFF775FE002807D102F00F
:10B0A0009FF90923036001246442200070BD0368F6
:10B0B00021002A001B699847041EF6DA02F090F975
:06B0C00064420460EFE7AA
:08B0C60010B5FFF7E2FF10BD19
:10B0CE0070B50D00FFF757FE041E06D102F081F990
:10B0DE00092303600120404270BD0368DB69984775
:10B0EE00C02243425841D201434213408022920172
:10B0FE009B186B60236820009B6A9847286100208C
:02B10E00EAE76E
:08B1100010B5FFF7DCFF10BDD4
:10B1180013B50400074B724621001868FFF722FA9E
:10B12800002806D103000090220003490348FFF7D6
:10B13800CFFC16BD70070020875301101F01018046
:10B1480010B5034B010072461868FFF70BFA10BDE3
:04B15800700700205C
:08B15C0010B5FFF7F3FF10BD71
:10B1640010B5034B010072461868FFF751FA10BD81
:04B174007007002040
:10B1780010B5034B010072461868FFF747FA10BD77
:04B18800700700202C
:0EB18C0010B504000421FFF7F1FF200010BDF4
:08B19A0010B5FFF7E2FF10BD44
:10B1A40070B50C4D04002800FCF7A6FB00F0ACF9C8
:10B1B40000231900084A1068A04200D1116001332D
:10B1C4000432402BF7D12800FCF796FB00F0B8F9C5
:0CB1D40070BDC046409C0020100600200A
:10B1E00070B50324114D2800FCF788FB00F08EF9A0
:10B1F0000F4BA200995800290ED00134402CF8D1F1
:10B2000002F0EEF81823012403602800FCF776FB17
:10B2100000F098F9644207E0012128004942D1502A
:10B22000FCF76CFB00F08EF9200070BD409C002004
:04B2300010060020E4
:10B2340010B50400FFF7D2FF002807DB044B82009F
:10B24400D4500022034B1A54034B1A5410BDC04669
:0CB2540010060020F3A8002033A9002001
:10B2600070B505000E00FFF7E5FF041E01DA0020AF
:10B2700070BD3100FFF730FE0028F9D1054BA40066
:10B28000E258954201D1E050F1E702F0A9F8092314
:08B290000360ECE7100600204A
:10B298000EB4F0B586B00500FFF79EFF041E13DB61
:10B2A8000023290004A80393FEF794FF04A8FEF7DF
:10B2B800ECFFA600051E1D4F0CD102F08DF81323DC
:10B2C8000360BD5101246442200006B0F0BC08BCF4
:10B2D80003B0184704A8FEF7C1FF0300009004A8B4
:10B2E800002B0AD0FEF7C4FF03900022039BBB513A
:10B2F8000F4B1A550F4B1A55E6E7FEF7A2FF051E2E
:10B30800DBD0036804A89B680193FEF78DFF0B9BB5
:10B31800020003A92800019DA847051EE5D002F0F8
:10B328005BF8009B6D420560BB51CBE7100600201F
:08B33800F3A8002033A9002056
:10B3400073B50E0018490500F8F71AF8041E03D16A
:10B35000FFF718FD200076BD28001449F8F710F813
:10B36000002804D10130FFF70DFD0124F2E7280089
:10B370000F49F8F705F8002804D10230FFF702FD65
:10B380000224E7E72B78402B06D10422691C01A890
:10B3900003F068FB019CDDE7064928003140FFF718
:10B3A0007BFF0400D6E7C0461C5401101454011062
:08B3B0000C540110FFFFFEFF29
:10B3B80010B5041E04D190220C490D48FFF776F908
:10B3C8004C220021043003F0DBFB0A4B236080236E
:10B3D8009B05236180235B052363074B1B68636020
:10B3E80002232372054BE36010BDC0463D54011093
:10B3F8004A540110A0F0000000ED00E088D50100DB
:10B4080070B50500FEF704FE0400FEF7E8FD06002F
:0EB418002000FEF7E4FD801BA842F9D370BDB2
:10B428001FB500230193031D0293102304006846EF
:10B4380000910393FAF7B2FA2060002804D135226C
:10B4480002490348FFF732F91FBDC0466E54011088
:04B458007D5401100E
:10B45C0010B504000249FFF7E1FF200010BDC04603
:04B46C0081540110F6
:0AB4700010B50068FAF7ACFA10BD41
:0EB47A0010B504000068FAF7F4FA200010BDC7
:10B4880010B502AC2478002C01D1023422430068A4
:06B49800FAF7C4FA10BD32
:0EB49E0007B5009313000022FFF7EFFF0EBD6D
:08B4AC0010B5FFF7F6FF10BD1B
:10B4B4001FB5002304000362994200D10B49231DE8
:10B4C40002931C2368460393113B00910193FBF7FD
:10B4D40035F92060002808D1FFF7F6FA002804D1D6
:10B4E4003D2203490348FFF7E3F81FBDA1540110AF
:08B4F400D1540110DB540110DA
:0EB4FC0010B504000021FFF7D7FF200010BD9F
:10B50C0037B50121040049420068FBF729F9051EF3
:10B51C0009D0FFF7D5FA031E08D100902A00044980
:10B52C000448FFF7D3FA236A0133236237BDC046C0
:08B53C00FF540110150102800B
:10B54400036A13B5013B03620068FBF723F9041E89
:10B5540009D0FFF7B9FA031E05D100902200024971
:10B564000248FFF7B7FA13BD115501101701028005
:0EB5740010B504000068FBF723F9200010BD9D
:10B584007FB504000E00150000210822684603F070
:10B59400F9FA231D029310236A463100280003930D
:10B5A400FBF726FA2060002804D137220249034819
:10B5B400FFF77EF87FBDC0463B5501104955011089
:10B5C40010B50400024AFFF7DBFF200010BDC0469F
:04B5D400FFFF000075
:10B5D80013B500680C00FBF71FFA021E0ED00023FB
:10B5E800C11C07D19C420BD0009306490023064892
:10B5F800FFF76EFA1800911CF6D116BD0120FCE782
:0CB608002000FAE75855011014010280E0
:0AB6140010B50068FBF728FA10BD1E
:0EB61E0010B504000068FBF756FA200010BDBE
:10B62C0010B5002808D0FAF76FF8002804D0E322F0
:10B63C0002490348FFF738F810BDC0468755011082
:04B64C001B56011078
:10B65000036910B50400002B05D1FD220B490C48ED
:10B660005200FFF727F81B68043098472000543039
:10B67000FFF74CFF002363612300012220003D33CC
:10B680001A704030FFF7C6FF10BDC0464E5601107D
:04B6900059560110F6
:10B69400F7B501930723089D04000F002E000092C4
:10B6A4001D4201D09E4308362000442200217830F8
:10B6B40003F068FA6A426A412300002120003C3307
:10B6C40061611C301A705970202203F05BFA009BF0
:10B6D4002363019BED180723AD1B9D43099BE56282
:10B6E400002B01D1034B0993099BA6626763A361F5
:08B6F400F7BDC04665560110C8
:10B6FC0013B5049C0093019413000A000021FFF77A
:04B70C00C3FF13BDA7
:10B71000F8B505000400543528000E00FFF7F6FECA
:10B720006369002B04D123003D331B78002B05D027
:10B730002800FFF707FF04204042F8BDA36AE06A33
:10B74000002B36D000232949E26A92089A4243D856
:10B75000442363622300271D78332362B7420AD053
:10B760003800F8F701F9F3682361002B03D03100AA
:10B7700038005B689847220021001D481832FBF70B
:10B7800001FE606100282CD123003C331B78002B84
:10B7900006D0A06A002801D0FFF7FFFC0023A362B7
:10B7A0002800FFF7CFFE20004030FFF733FF0320D3
:10B7B000C2E7104B98420CD8032398430E49FFF779
:10B7C000CDFCA0620028BDD12800FFF7BBFE0520FC
:10B7D000B2E701204042F1E7A26A980081500133AC
:10B7E000B2E72800FFF7AEFE0020A6E7A52E5AE23A
:0CB7F00051B60010FBFFFF7F74600110D9
:10B7FC0070B50500040054352800FFF781FE2000C9
:10B80C0040306669FFF700FF002363613D34237805
:10B81C00002B05D000242800FFF78EFE200070BD01
:10B82C0001232370002EF5D03000FBF7CFFD040070
:02B83C00F1E732
:10B8400010B504000E4B0360FFF7D8FF23003C3314
:10B850001B78002B06D0A06A002801D0FFF79DFCC2
:10B860000023A36220005430FFF784FE2000403004
:10B87000FFF7D5FE201DF8F777F8200010BDC04671
:04B8800088560110D5
:10B8840010B50400FFF7DAFF2000BC21FFF772FCBB
:04B89400200010BDC3
:02B898007047F7
:04B89A0001207047D2
:10B8A000054B064A1A608022054B5202DA64802258
:10B8B0009205DA647047C04690001150931401005D
:04B8C0000020115003
:02B8C4007047CB
:10B8C8008022024B92021A607047C04690201150A5
:10B8D8008022024B92021A607047C0469030115085
:04B8E80081607047C4
:10B8EC008022024B5201DA647047C046002011508E
:08B8FC0000487047E4570110F9
:04B904004020704728
:10B90800D03003790160591E8B419205920D5B037B
:10B9180013438022D2001343034AD36703795A4260
:0CB92800534103717047C04608001050E6
:10B934000322054B9A668022044B1201191D083319
:10B94400CA67DA677047C046000011500000105003
:10B95400F0B57F26C568040050190E408446C80916
:10B96400E821771EFF00090100281CD000208C4527
:10B974001BD211497F180C217143103100260F4846
:10B9840061180E712E1881358E609B060C49FF35A7
:10B994002B430B433B603F233F329A43E368012030
:10B9A4009B18E36001E08C4500D3F0BD05497F1886
:10B9B4000C217143D031E1E7080010508001105090
:08B9C400000002A00C0010506D
:02B9CC007047C2
:10B9D0007F231940044BC900C9188023CA6F1B017B
:0CB9E0001343CB677047C04608001050AE
:10B9EC007F231940034BC900C918CB6F024A13407F
:0CB9FC00CB67704708001050FFF7FFFFFA
:10BA080030B57F242140733C4C4300190400D034E6
:10BA18002260D43004789B052200551EAA419B0D54
:10BA280052031A438023DB001343044AC9008918D0
:10BA38004B6063425C410470012030BD80001050AF
:10BA4800C82110B504004900FFF792FB200010BD83
:10BA580010B5054A0021054803F092F88022044BEE
:10BA68005202DA6410BDC046F80F000008001050FA
:04BA78000030115039
:10BA7C00080010B5082A00D90822024902F0ECFF90
:08BA8C0010BDC046000010507F
:10BA9400094A0300D26F002010B5110406D5D03333
:10BAA40018689205940D002801D1200010BD2200D1
:0CBAB400996802F0D5FFF8E70800105078
:10BAC00070B504001500002902D0806902F0CAFF99
:10BAD000FFE7FFE7FFE7FFE7FFE7FFE7227D531EF2
:10BAE0009A41842352032A431B021343034AD36718
:10BAF000237D5A425341237570BDC0460400105047
:10BB00007F22030011400D48CA001218526800201D
:10BB100010B514040AD59205940D0C2251435918FE
:10BB20000B00D0331868002801D1200010BDD83197
:10BB30002200096802F096FFF7E7C0468000105027
:10BB400070B50C001D007F23060011001C40002A68
:10BB500006D0733B6343C3182A00986902F082FF42
:10BB6000FFE7FFE7FFE7FFE7FFE7FFE70C206043A2
:10BB70003018037D10341A00511E8A41842152036B
:10BB80002A4309020A430449E40062505A425341DD
:0CBB90000375012070BDC046000010507D
:10BB9C000023202210B58360134B41601860134BB7
:10BBAC00DA67BFF34F8FBFF36F8F8023104A5B04AC
:10BBBC001360104A10481360190082689143FBD13E
:10BBCC0080220E48520102F0D9FF09220C4B5A6711
:10BBDC0003329A670B3A1A640A4B0B4A9B685A65F4
:10BBEC0020220A4B1A6010BDA49C002004E100E046
:10BBFC0000E0004000F0004000C000400000105089
:10BC0C000000115000ED00E085BD001000E100E0E7
:10BC1C00F0B5040085B08022494E52013368494D7D
:10BC2C00134218D00026484A310048482E6002F0D2
:10BC3C00A5FF80231B03E6602B6501F06BF86068A1
:10BC4C0003689B689847C0212022414B49005A50F9
:10BC5C001A6005B0F0BD802233685202134210D036
:10BC6C00210001223B4BD4312275A3610A702200C2
:10BC7C006068D83213600368DB68984780239B02A6
:10BC8C002B653368DB0621D433689B0352D43368AD
:10BC9C001B0408D58022304B60685201DA640368BB
:10BCAC000021DB69984733685B0406D51023606874
:10BCBC002B6503680121DB69984710223368934395
:10BCCC00C1D03368029301230393A4E7AB6D0193B6
:10BCDC000123019A1A420AD06068AB6503685B695C
:10BCEC009847A368002B02D02B600023A36002238B
:10BCFC00019A1A4204D06068AB6503681B699847C7
:10BD0C0002270123BB40019A1A4209D00122606824
:10BD1C00AB6579100368174206D05B6AC9B29847C5
:10BD2C000137202FEDD1AFE78022524211439B6A9D
:10BD3C00C9B2F4E76068A96C03681B6A9847A6E768
:10BD4C009800115000001150F80F0000080010501E
:0CBD5C0000E100E0000110500020115038
:10BD6800036810B59B6998472022034BDA67BFF335
:0CBD78004F8FBFF36F8F10BD04E100E09F
:10BD84002022074B10B5DA67BFF34F8FBFF36F8FD5
:10BD9400044B1B6858680368DB6A984710BDC046AB
:08BDA40004E100E0A49C002072
:10BDAC0070B50A4D2800FEF7ABFF094C00280BD0EC
:10BDBC00084B200023600023074A08496360FEF704
:10BDCC008BFF2800FEF7BEFF200070BDE49B002017
:10BDDC000C9D0020705701107803002099B80010BA
:10BDEC000023C25E01239340D0221206002901D009
:08BDFC00536170479361FCE7FD
:10BE0400D0231B060021425E5B68D3401800012347
:04BE1400184070471B
:10BE180010B501804B1C02D0080000F043FA10BD99
:10BE28000023C05E10B5431C04D1312207490848DD
:10BE3800FEF73CFC8A1E013953425A414B42594194
:10BE4800D2B2C9B200F0FCF910BDC0465B5801106F
:04BE58006658011017
:10BE5C000023C25E10B5531C04D10A490A4839327A
:10BE6C00FEF722FC8170012904D1D02391401B06DE
:10BE7C00596210BD0029FCD101239340D022120637
:0CBE8C009362F6E75B5801106658011045
:10BE980010B500F0ADFF0122014B1A6010BDC0467D
:04BEA80000A70020CF
:10BEAC00024BC918890001607047C046400000343D
:10BEBC0010B5040000F06CFC01002000FFF7F0FF4F
:0ABECC00FF232371BFF35F8F10BD49
:10BED60010B5040000F05FFC01002000FFF7E3FF4F
:0ABEE600FF23A380BFF35F8F10BDA0
:02BEF000704799
:10BEF400EFF3108072B6034A1368002BFCD0BFF333
:08BF04005F8F70472C0100D093
:10BF0C00BFF35F8F0022024B1A6080F310887047DA
:04BF1C002C0100D024
:10BF20000722CB08C35C0120114088401840431E03
:06BF30009841C0B2704709
:10BF3600F8B505000C001700FFF7D9FF2100060031
:10BF46002800FFF7EAFF002803D02100380000F0A0
:10BF5600BEFF0723E2081C40063BA340A95C300055
:0ABF66000B43AB54FFF7CFFFF8BD0B
:10BF700070B505000C00FFF7BDFF2100060028008A
:10BF8000FFF7CEFF002805D13321084B084A0948A6
:10BF900000F01AFF07230122E1081C40A2406B5C5D
:10BFA000300093436B54FFF7B1FF70BD7E58011012
:08BFB000FB5801109D5801101F
:10BFB800F0B585B001920A9A05000F00934205D2A8
:10BFC8002D21354B354A364800F0FAFE0C241A0E5E
:10BFD8001B02039202930A9A002302980399F4F72A
:10BFE80091FC6C432F4B0600E4186368834200D22F
:10BFF80060602B1FDBB20093C023009A9B01234390
:10C00800012A1BD8012F19D103221A60A3683B42C9
:10C01800FCD0019A236852015A40E0231A40802339
:10C028005B0123431A60032122687A400A401A60A0
:10C038000123BB40A2681342FCD01AE080221201FF
:10C048001A60194BAA00D158002905D05869F4F78D
:10C0580011FA01300138FDD1019A236852015A4082
:10C06800E0231A4080235B0123431A60009A012AC7
:10C07800D9D9802380229B01234312011A60029898
:10C088006660320000230399F4F73CFC064CAD00CF
:10C098006051012005B0F0BD86590110F759011013
:0CC0A80097590110008000409CA500206A
:10C0B40037B50C2000F07EFD00F040FE00280AD0C9
:10C0C40000232B4A2B489900013350500A2BFAD1F4
:10C0D400294B536237BD294DA86700F073FD012237
:10C0E400274B1A606B6C012BFCD10322254B1A6081
:10C0F400AC6B012CFCD10225210000950623224AB9
:10C10400224800F0BBFA210000950523204A21486B
:10C1140000F0B4FA204B2900204D009300220420A3
:10C12400FFF748FF2B002100002200950520FFF7B0
:10C1340041FF00220F4C1100230000940720FFF759
:10C1440039FF00222300110000940820FFF732FF7A
:10C154000022094B1100009309202300FFF72AFF56
:10C1640000222B00110000950620FFF723FFB1E702
:10C174009CA50020006CDC021BB70000008000407E
:10C184003CB0004030B00040002F685900800240AD
:10C1940000389C1C00C00240001BB70040597307C4
:0CC1A400014B8000C05870479CA5002093
:10C1B00070B50024092688B005003200210001A8CE
:10C1C000009402F0E1FC3200210005A8049402F082
:10C1D000DBFC4B236A466846137004A90D2200F06D
:10C1E0000BF8152108222800694402F03BFC08B036
:10C1F00070BD00000000000001B40248844601BC8C
:08C20000604700BFA10200200D
:10C20800084B8200D218402310B51468C000634060
:10C21800C02423408024640122431360024BC018C9
:0CC22800416010BD04C001400040014016
:10C23400034BC000C0181F23406818407047C04615
:04C244000040014075
:10C24800074B8000C0180368C90092000A435A408F
:10C258000C231A4080235B0103431A607047C046D1
:04C2680004C00140CD
:10C26C00064BC000C018036809045940C0239B0248
:10C27C00194080235B01034319607047044001405F
:10C28C00064BC000C018036809035940C0239B012A
:10C29C00194080235B01034319607047044001403F
:10C2AC000123D022834010B51206936205219361BD
:06C2BC00FFF7A4FF10BD16
:10C2C400074B10309B688000C150BFF35F8FBFF3F2
:10C2D4005F8F0021034B196082F310887047C046BA
:08C2E40000ED00E0240100D090
:10C2EC00038810B5DA0A1C2A05D09921044B054A9B
:10C2FC00054800F063FD5B051B150433C01810BD29
:0CC30C00795A01109C5B01108E5A011040
:10C318000439091A4B0810B5090B05D08B21044BB9
:10C32800044A054800F04CFD0448184380B210BD8B
:10C33800E85A0110905B01108E5A011000E0FFFFCF
:10C3480001228240034B1B6813405A1E9341D8B206
:08C358007047C04600E100E05F
:10C36000002904D0034B1860034B18607047034B3F
:10C37000FBE7C04680E200E000E100E080E100E091
:0EC380000123834010B51800FFF7EAFF10BD3F
:10C39000024B10309B688000C058704700ED00E0F1
:10C3A00070B504000D00EFF3108672B60C4A1368E6
:10C3B000002BFCD0BFF35F8F2000FFF7E9FF094B94
:10C3C000984207D0A84205D06E21074B074A08487B
:10C3D00000F0FAFC320029002000FFF773FF70BD67
:10C3E000240100D0CD010010F85A0110AB5B011000
:04C3F0008E5A011050
:10C3F400F0B585B001900F00EFF31083029372B68D
:10C404004D4A1368002BFCD0BFF35F8F4B4B019C4C
:10C414009B681034A200D658494B9E4267D0BE4256
:10C4240000D181E0474D731B2F2B60D80198FFF793
:10C4340089FF002103900198FFF7A0FFBFF35F8FEE
:10C44400F3F703FF002808D0844206D01E213E4B98
:10C454003E4A3F48FF3100F0B5FC0123340039491E
:10C464009C433C4A23005B1B5B415A43120D8C46A0
:10C4740000230625A1686557B9420ED1002D14DAB0
:10C48400002840D1002B3CD0FF219971324999807A
:10C49400324B19781A70A17125E0002D46DB0C236C
:10C4A4005D4323002C006444E3E70C206843254FDC
:10C4B4003B189A68A260DA79E2719B795BB2A37146
:10C4C400002B1BDB0430C019FFF70EFF231D0100F6
:10C4D4001800FFF71FFF0C236B43FF181F4BA080AE
:10C4E4001A781D70BA7103990198FFF747FF31005C
:10C4F400029A0198FFF7E4FE05B0F0BDBD200002EA
:10C50400E9E70F4EC4E7164B1B1B083B5A081B0BED
:10C5140004D09321134B144A0D489CE7134BA3807A
:10C52400134B1343E380DEE71E00E0E7A921114B20
:10C53400064A074849008EE7240100D000ED00E0D8
:10C54400CD010010140700202E5B0110665A011063
:10C554008E5A0110AAAA000000BDFFFF82890220A2
:10C564004E070020E85A01101B5A011000F0FFFF8B
:08C5740000F8FFFF525B01100B
:10C57C00F7B501262A4C06430500331B2F2B05D992
:10C58C007821284B284A2948FF3108E0F3F759FE57
:10C59C00002806D1BD21264B234A2448490000F02F
:10C5AC000DFCEFF3108C72B622490B68002BFCD0FB
:10C5BC00BFF35F8F204F2A00204B121B5241534375
:10C5CC001B0DBA685BB201938300D0580022B042B5
:10C5DC000ED1BA681A48D0501A4B1A78AA71019A1F
:10C5EC001A70BFF35F8F00230B608CF31088F7BDBC
:10C5FC0006230198E356834208D10C235343084A7F
:10C60C00D318FF229A71104A9A80E5E701320C3454
:10C61C00042AEDD18C210D4B034A0448B4E7C046E3
:10C62C0014070020585B0110175901108E5A011085
:10C63C00805B0110240100D000ED00E0AAAA0000EC
:10C64C00CD0100108289022000BDFFFF8A5B011022
:10C65C00054B064A1360064A136053609360D3601F
:10C66C0013615361936170478080808000E400E027
:04C67C0004E400E0F2
:10C68000F7B504000C201D0001920E00F3F7F6FE32
:10C690003049070041430198F3F7F0FE0200982368
:10C6A000103A5B009A4205D916212B4B2B4A2C4895
:10C6B00000F08AFB6B1E062B03D8089B013B062B60
:10C6C00004D91921274B254A2548F1E7089B9D42AB
:10C6D00004D21F21244B214A2148E9E7019B1B0971
:10C6E000BB4204D22221214B1C4A1D48E0E7089B93
:10C6F0002D041F0323683D43002B0ADA3F222368E1
:10C700001340B34205D1A3681B051B0D834200D122
:10C71000E368174B9C4219D080235B01154A1649E8
:10C720001360164A13601F008A689743FBD1C02329
:10C73000221D9B01134321222660A0601A602268FB
:10C74000002AFCDA0822E5601A60F7BD80239B010D
:10C75000E4E7C04640420F00C55B011031590110AB
:10C76000E15B01103B5C0110845C01109B5C0110DB
:10C7700000C0024000E0004000C0004000F0004067
:10C780000021044B044ABFF35F8F02C39342FAD1E6
:0CC790007047C046000100D0800100D0BE
:10C79C00044A1078431CDBB2172B00D910231370FA
:08C7AC007047C0465C07002045
:10C7B400F7B5EFF305823F231A4010009446103872
:10C7C400EFF3108172B61E4B1A68002AFCD0BFF337
:10C7D4005F8F0124250085401A4A55631A4A019245
:10C7E40012781700C7403E002640274221D0154C3E
:10C7F4008600676A154C3459A7420DD3AA43144CDA
:10C80400019D34592A70BFF35F8F00221A6081F3AF
:10C814001088944211D1F7BD62460E489200121856
:10C8240010681060BFF35F8F00221A6081F31088D4
:10C83400F1E7BFF35F8F3200F7E7A047EBE7C046AD
:10C84400280100D00040054086890220DCA8002091
:08C854008CA40020D03F054038
:10C85C0010B5034B01001800024AFFF766FB10BD30
:08C86C007F890220B65C011077
:10C8740010B5034B01001800FFF778FB10BDC0464C
:04C884007F89022086
:10C88800034B596A0A00986A596A8A42FAD1704772
:04C898000040054017
:10C89C00054B5A6A8A42FCD38A4202D19A6A824276
:0CC8AC0000D370475A6AF7E700400540CF
:10C8B80070B504000D00FFF7E3FF02000B00200035
:10C8C8002900801859418B4204D801D1824201D8ED
:10C8D800002905DA3F21044B044A054800F070FAA4
:10C8E800FFF7D8FF70BDC046D85C0110325A01105E
:04C8F800F35C0110DC
:10C8FC00F0B5040085B00D00EFF3108772B61E4E34
:10C90C003368002BFCD0BFF35F8F1C4B01931C4B87
:10C91C000293A3000393002D1CD02000FFF732FDDF
:10C92C00019B83420BD019002000FFF733FD01213E
:10C93C002000FFF71FFD0123A340124A1360029B46
:10C94C00039A9D50BFF35F8F0023336087F31088E9
:10C95C0005B0F0BD0121A140029BA2009D500A4BE5
:10C96C0020001A788A4301991A70FFF73DFD2900BF
:10C97C002000FFF7FFFCE5E7280100D0B5C7001049
:0CC98C008CA40020386005408689022041
:10C99800F0B589B0069306000592FFF771FF059B75
:10C9A8000493069B00938B4203D853D1049B834284
:10C9B80050D9EFF31083079372B6274F3B68002BCB
:10C9C800FCD0BFF35F8F0124B440244B244D029365
:10C9D8001B78069901932343DBB20393039A029BC6
:10C9E8001A70059A331D9B006C635A511D4BB20097
:10C9F800D1502B6A234212D12B6C234209D000203C
:10CA0800BFF35F8F00233B60079B83F3108809B057
:10CA1800F0BDC121144B154A154800F0D1F9FFF7B4
:10CA28002FFF009B8B42EAD802D1049B8342E6D8B1
:10CA3800039B019A93420BD01F23012233409A4053
:10CA480013000C4A2C626C631360029B019A1A70E3
:10CA58000120D5E70120DAE7280100D086890220E5
:10CA680000400540DCA80020555D01103A5901102E
:08CA7800765D011080E200E090
:10CA800010B5EFF3108472B60A490B68002BFCD086
:10CA9000BFF35F8F01238340074A0848136202787F
:10CAA0009A430270BFF35F8F00230B6084F31088FA
:10CAB00010BDC046280100D00040054086890220F4
:10CAC000064BC3185A1E934180225B429B0D1204F1
:10CAD0009B059B18024A13607047C0460080FCBF4C
:04CAE00000E0004032
:10CAE40070B5060006200C00FFF75AFB2100C000B9
:10CAF400F3F7C2FC0124C50907D00E4B9D4215D89B
:10CB04007F23184000192C004508802300227462FA
:10CB14009B01B5622C3633431A600620FFF740FBB5
:10CB2400A10149198000F3F7A7FC70BD0025024C50
:0CCB3400EBE7C046FEFF0000FFFF000022
:10CB400070B5040006200D00FFF72CFB002825D04F
:10CB5000144B9C4223D08023DB03134A13491360F8
:10CB6000134A136018008A689043FBD12900200003
:10CB7000FFF7B8FF6023E26A210053406E221340A2
:10CB800080222C3152010A4313600A4B1022236386
:10CB900080239B010B431A600323A36470BD802391
:10CBA0001B04DAE70080034000E0004000C00040C2
:08CBB00000F000400103000049
:10CBB8008023024A9B000343D362704700800540EC
:10CBC800AA22064B12011A602F220549DA60054A8B
:10CBD80011605A68002AFCDA7047C04600400240DB
:08CBE80000B0FA0000600240F9
:10CBF000142310B50100188804331B88984710BD12
:10CC0000F8B50E00040000270125B74201D1280025
:10CC1000F8BD2068FFF7ECFF01C4431E9841404275
:06CC200005400137F1E7B9
:10CC28008022094B5202196D1142FCD009225A6721
:10CC3800064B053ADA67064B1A68064BDA67064B65
:10CC48001A68064B1A6470470000115004301150DE
:10CC580034A60020004001409CA8002000C00140EC
:10CC680010B51020FFF7E2FA082802D11D4800F09D
:10CC78002DF91D4B0F20DA6F1C4B1A601C4B1A6CD8
:10CC88001C4B1A6001221100FFF7DAFA02210F206B
:10CC9800FFF7F8FA184B03211A68082353401F229C
:10CCA8001340164A0F201360FFF7DCFA0222144BD8
:10CCB800DA67144B9218DA67134B08325A671B6D00
:10CCC8001B079B0F012B05D07B21104B104A1148E5
:10CCD80000F076F8FA2000218000FFF7E9FDFFF761
:10CCE8009FFF10BDD45D01100040014034A6002014
:10CCF80000C001409CA800207C4001407C500140BD
:10CD0800002011500420115000001150F65D011050
:08CD1800545901100E5E0110D8
:10CD200010B500F015F8012807D1032203490B6D57
:10CD30009B081342FBD0FFF797FF10BD0000115076
:10CD4000024B18688007C00F7047C04600C00640FD
:10CD50008023DB0518680B49030B020510B59BB255
:10CD6000120D8A4205D02221074B084A084800F0DC
:10CD70002BF8022B04D02321064B044A0448F6E783
:10CD8000000F10BD270900009C5E011072590110B0
:08CD9000BD5E01101D5F0110E2
:10CD9800084A03001168002901D107491160106889
:10CDA8000649C3188B4201D81360704701204042DE
:10CDB800FBE7C04638A60020B089022000FC03200B
:10CDC80037B50D0004001900064B002A01D1064BA7
:10CDD8001A000192009322002B00044801F032FF50
:10CDE80000BEFDE72E5F0110695F01103B5F011077
:10CDF800264B274A70B51A60264E274B274C3360BE
:10CE08001900A2689143FBD1254D264B9D4225D39D
:10CE1800FFF74CF9244B3360A368DB018033FBD167
:10CE28004022224B22489A675A671A67DA66214BD2
:10CE3800984216D3204C214DC0222000A96801F049
:10CE48000DFEAC60F3F7FFF9002800D000BEFFF735
:10CE580093FCFFF7FFFBFFF747F870BD08CD984735
:10CE6800D3E7040003680834002B0BD0012B05D04E
:10CE78008321134B134A1448FFF7A2FFFFF727F843
:10CE88002000D4E7FFF716F8FAE7C04600E00040B4
:10CE9800BFCDFBFE00F00040FE7F3C0000C000401C
:10CEA8001C11002020110020FFFFFF0100F00140AD
:10CEB8001C1100201C1100200000002000ED00E0E3
:0CCEC8006A5F0110475A0110875F0110DB
:10CED4000FB407B5074801F019FF049B002B07D0D6
:10CEE40005A91800019104F0EBFF034801F00EFFBF
:0CCEF40000BEFDE7E55F0110F35F0110D8
:10CF000014235843064BC018002303608360C3609A
:10CF10008B6803614B6843600B6803607047C046D1
:04CF200000000540C8
:10CF240010B503000C00002804D139220F49104821
:10CF3400FDF7BEFB01220A40DA700022DA609A8013
:10CF440010321A6119800807FA22FC219200400F5E
:10CF540089055A61987099600C331900FFF7CEFF68
:10CF640004212000FFF74EF910BDC04628600110CF
:04CF74003560011013
:10CF780010B5002804D14F2208490948FDF796FB4F
:10CF8800142382785343074A9B18012219681140D9
:10CF9800802252011343196010BDC0462860011059
:08CFA800356001100000054096
:10CFB00070B5050014240023EE5E081C33075B0FD8
:10CFC0005C43104BA9601049E418F3F7B7FFF3F77F
:10CFD000E7FC80B2F60713D50C4B000422684240F0
:10CFE000134080225201144323601423A9784B4339
:10CFF00007495B18012118681A438143116070BD0D
:10D00000044BEBE70C00054000407A440000FFFFB2
:08D0100000000540FFFF0000D5
:10D0180070B50400818005200D00FFF7BFF80600F9
:10D028002800F4F79DFA3100051C0B48F3F722FAA3
:10D03800F4F7E0FA011C281CF3F7A4FD8321C905C5
:10D04800F3F778FFF3F7A8FC210020610C31A078F2
:0CD05800FFF752FF70BDC04600CA9A3BB3
:0ED06400FA2310B59B005943FFF7D4FF10BD0F
:10D0740010B5034B034A1B6800211068984710BD84
:08D084003CA60020A0A800203A
:10D08C0010B5034B034A1B6800215068984710BD2C
:08D09C003CA60020A0A8002022
:10D0A400F7B504000D001600002908D1254B1B68B4
:10D0B400002B04D01022244901F016FDF7BD1022E4
:10D0C4000021200001F05EFD01235B421F49A360A3
:10D0D4002800E580A680FCF7A7FD1D49C7B23000F3
:10D0E400FCF7A2FDC0B2874206D000221949130002
:10D0F40019480092FDF7EEFC7B1E9F41E121174B7E
:10D10400B803C01849022060FFF718FD0221280067
:10D11400FFF778F802213000FFF774F810221000AE
:10D124002368D96A2C338843802149010B43186052
:10D13400002DC3D12100044801F0D6FC0122014B8B
:10D144001A60BBE7D8A80020C8A80020FC5601102C
:10D15400905601104160011009010980004003400C
:0AD1640010B50068FFF7AAFC10BD2B
:10D16E0010B50400C1600068FFF7E3FC10212368CE
:10D17E00DA6A2C339143802252011343196010BD99
:10D1900073B51C00022A1CD8114B05689E5C280040
:10D1A00000220539013C4B01E4002C302343964218
:10D1B00005D002321343721E51424A4192001A4373
:10D1C0006E23E96A4A401A4080235B0103431A60D8
:10D1D00073BD00220349130003480092FDF77CFC55
:0CD1E00068600110556001100901098011
:10D1EC0010B50068044C054BA04203D11A60044BE7
:10D1FC00196010BD5A60FAE700400340A0A8002057
:04D20C003CA600201C
:10D21000F8B51400194B026806000D009A4219D1A6
:10D2200014271749631E9C413800FFF7B9F83800EE
:10D23000E1B2FFF7A5F83368012D0ED120220721B6
:10D240009A635A6B34330A40190080235B010B4305
:10D250001A60F8BD15270B49E4E7002D02D0002223
:10D260009A63F6E750229A63596B183A114080226C
:10D270003433520113431960EBE7C04600400340CA
:08D2800075D000108DD00010E4
:10D288001022036899691142FCD11868C0B270472E
:10D298008022036898691042FCD0C9B219607047AF
:0CD2A800036801209B691B099843704734
:0AD2B400036898690006C00F704778
:10D2BE0070B505000C0010002A816B81531C02D042
:10D2CE000221FEF79AFF0A23E85E431C02D00221D8
:10D2DE00FEF793FF286880220300C02130335201ED
:10D2EE001A430902032C03D1036B9943116070BDDD
:10D2FE00022C0AD0013C63425C410023A403006B64
:10D30E00234343400B401360F1E7802300241B02AC
:02D31E00F5E731
:0CD3200010B5002801D1FCF77BFE10BD09
:08D32C00004870476C6001101D
:10D3340010B50020FFF790FA00200249FFF7DCFA4D
:08D3440010BDC04621D300100A
:0CD34C00014B986A7047C0460040054045
:10D35800F7B50025124C0190FDF756FA019EA36A15
:10D368002F009E420DD2FFF78BFA2A004B1CB618ED
:10D378005F4132003B000020FFF70AFBFDF75AFA35
:10D38800F7BDFFF77DFA0029F3D0FFF779FA0123FB
:10D3980001225B428018594160602560E9E7C04678
:04D3A80000400540FC
:08D3AC0010B5FCF737FE10BDBF
:0AD3B40010B50020FFF762FB10BD6A
:08D3BE0010B5FFF7F8FF10BDE8
:0AD3C60010B50020FFF753FA10BD68
:10D3D00010B5062001F05CFE0120FDF77DFCC04683
:0CD3E000014B18687047C0467007002021
:10D3EC0070B505000C1E47D0002802D0836B002BB3
:10D3FC0048D001260C22A35E626E32423FD19B05BF
:10D40C0030D52100280000F061F8E36A0600002BFB
:10D41C0004D0E1692800984700283CDBA3891B064F
:10D42C003CD4216B002908D023004033994202D010
:10D43C002800FDF733F900232363616C002904D025
:10D44C002800FDF72BF90023636400F0F3F90023A7
:10D45C00A381636EDB0726D5A06D00F045FF00F0BD
:10D46C00F1F90AE0A06D00F041FF0C22A35E002B45
:10D47C00C7D1636E1E401AD00026300070BD002B41
:10D48C00FAD0BEE7012600F04FF90C22A35E626EC3
:10D49C003242F4D1B3E701267642BFE72169280076
:10D4AC00FDF7FCF8BDE7A06D00F022FFD4E7A06DFE
:08D4BC0000F01EFFE1E7C0468D
:10D4C40010B5034B01001868FFF78EFF10BDC0466E
:04D4D40070070020BD
:10D4D800F0B5C64600B50C23CA5E804693B20C0070
:10D4E800190746D480231B0113436268A381002ACD
:10D4F8005FDDA56A002D5FD04246414616680022CE
:10D508009BB20A60E169DA0400D57EE001230022BB
:10D518004046A847431C55D0A389A56AE1695B0723
:10D5280006D56368C01A236B002B01D0E36BC01AC1
:10D53800002302004046A847431C4FD0A389364A1F
:10D5480013400022626022691BB2A3812260DB04BF
:10D5580059D44346216B1E6000292DD02300403347
:10D56800994202D04046FDF79BF800230020236330
:10D5780023E02669002E1FD022682660951B002212
:10D588009B071DD0A260002D04DC15E036182D1A6B
:10D59800002D11DD2B003200E1694046676AB8476B
:10D5A8000028F3DCA389402201201343A3814042D1
:10D5B80003E0E26B002A9CDC002004BC9046F0BD2E
:10D5C8006269DFE743461B68002BA5D01D2B01D0FD
:10D5D800162B1CD1434600201E60EEE743461D680B
:10D5E8000C22A35E1D2DDED80C490122E9408A4396
:10D5F800D9D10949626022690B40A3812260DB040A
:10D60800A7D5002DA5D12065A3E7206D87E7402287
:10D61800A3891343A381D0E7FFF7FFFF0100402050
:10D6280070B505000C00002802D0836B002B16D0C3
:10D638000C22A35E0026002B0FD0626ED20701D405
:10D648009B0513D521002800FFF742FF636E0600F3
:10D65800DB0702D4A3899B0504D5300070BD00F018
:10D6680065F8E5E7A06D00F045FEF6E7A06D00F06F
:04D678003FFEE7E7A3
:10D67C0010B5011E04D0054B1868FFF7CFFF10BD85
:10D68C00034B0449186800F0D5FDF8E7700700203B
:08D69C007C61011029D6001089
:10D6A400002310B5040003604360836081814366F6
:10D6B400C281036143618361082200215C3001F06F
:10D6C40061FA2000064BE4612362064B5830636222
:10D6D400054BA362054BE36200F008FE10BDC04693
:10D6E400D5F00010FDF0001039F1001065F10010C4
:10D6F40010B5024900F0A2FD10BDC046EDD30010E4
:10D7040070B568244A1E54430E0021007431FCF79E
:10D7140079FF051E09D000232200036046600C3007
:10D72400A8606832002101F02DFA280070BDC046BF
:10D7340070B50400144D280000F0DCFDA36B002B31
:10D744001DD1124A0421E263B8229200A350B923E6
:10D7540003229B00E2500833E218043BE250606865
:10D764000022FFF79DFF01220921A068FFF798FF1F
:10D7740002221221E068FFF793FF0123A36328002C
:10D7840000F0BAFD70BDC0468C890220F5D60010A9
:10D79400F8B5274E0700300000F0ACFD254B1D689E
:10D7A400AB6B002B31D0B8239B009C4665446B685F
:10D7B400AC68013B03D523E06834013B20D30C2142
:10D7C400625E002AF8D1002520001B4B5830E3602C
:10D7D400656600F08BFD300000F08EFD20002560B2
:10D7E400A560656025616561A561082200215C3042
:10D7F40001F0C8F9256365636564A5642000F8BD7C
:10D804002868002805D00500D1E72800FFF790FF1D
:10D81400C9E704213800FFF773FF28600028F2D11C
:10D82400300000F069FD0C2300243B60E6E7C046AD
:0CD83400988902207C6101100100FFFFB8
:10D8400010B5024800F058FD10BDC046988902206E
:10D8500010B5024800F052FD10BDC0469889022064
:10D86000F0B583B00F00110001AA050005F0D6FC49
:10D87000061E36D02800FFF78DFF041E31D0DB23B3
:10D8800039005B00019A280001F0CCF9071E1FDB6C
:10D89000636EDB0715D5194BE7812362184BA68110
:10D8A0006362184BE461A362174BE362F3051AD479
:10D8B000636EDB0702D4A3899B051BD5200003B050
:10D8C000F0BDA3899B05E6D4A06D00F015FDE2E74D
:10D8D000FFF7B6FF0023A06DA38100F00BFDFFF75B
:10D8E000B7FF0024EAE7022300222100280000F00D
:10D8F00053F9DDE7A06D00F001FDDFE7D5F0001082
:0CD90000FDF0001039F1001065F100107E
:10D90C0010B5044B0A001B6801001800FFF7A2FFBA
:08D91C0010BDC0467007002099
:10D92400F8B50C000600FDF7E7F9204FBB685D6809
:10D9340003239D431E4B2C1B9C466444240B1D4B0C
:10D94400013C24039C4207DD0021300001F088FAE9
:10D95400BB685B19984204D03000FDF7D1F9002070
:10D96400F8BD6142300001F07BFA431C0DD0012266
:10D97400BB682D1B15435D600F4B30001A68141BE8
:10D984001C60FDF7BDF90120EAE70021300001F039
:10D9940067FABA68831A0F2BDEDD08490968401A52
:10D9A4000549086001210B435360D5E70C0D0020A5
:10D9B400EF0F0000FF0F000034A40020141100201A
:10D9C400F8B5CE464746050080B50C1E55D0FDF788
:10D9D40093F9210008394F68012438000323A04338
:10D9E4000A1856689E43B146644EB368934229D0E0
:10D9F4004B465360D3189C463C4242D10F68C91B26
:10DA04008B68C019984663465F6808239C46B444F3
:10DA14002740E0456AD04346CC68DC60A360002F11
:10DA240032D1012448440443A0469368544C0F184F
:10DA3400A34200D17FE0D268DA60936043464B6032
:10DA4400386025E003004B443C4206D10A68891A39
:10DA540088689B18CA68C260906001221A434A60B1
:10DA6400484AB16012689A4204D8474B28001968A2
:10DA7400FFF756FF2800FDF743F90CBC9046994682
:10DA8400F8BD5F682740CCD0012303434B600850A6
:10DA94003E4B98421AD9430A042B33D88209140006
:10DAA40039323834D200B218083A936803279A42BC
:10DAB40039D05C68BC43844233D99B689A42F8D11C
:10DAC400D368CB608A609960D160D3E7C008FF3B1C
:10DAD4008210FF3B93407268C00013437360861941
:10DAE400B368CE608B60B160D960C3E7002F41D1C9
:10DAF400030090684B44D2681C43C26090604C6041
:10DB0400CB50B7E7142B07D9542B1CD8020B1400A5
:10DB14006F326E34D200C6E71C005C335B34DA002B
:10DB2400C1E71A00CCE70123A410A34070680343A3
:10DB340073601300C5E7D9609960CB608B6043467E
:10DB44004B60386096E7AA225200934205D8C20B74
:10DB5400140078327734D200A5E70D4A934205D8F1
:10DB6400820C14007D327C34D2009CE7FE227E2499
:10DB7400920098E704434C6010607BE70C0D002092
:10DB8400140D00201811002064A40020FF010000DF
:04DB94005405000034
:08DB980010B500F001F810BD0A
:10DBA000F0B545465746DE464E46E0B50C0097B008
:10DBB000050090461F00002802D0836B002B4AD03E
:10DBC000626EA389D20702D49A0500D4F9E08422B8
:10DBD00052001340934200D1EEE0A36A9946002B15
:10DBE0003CD0012F15D0022F44D0002F42D0162355
:10DBF0002B60636EDB0702D4A3899B0536D5012514
:10DC00006D42280017B03CBC90469946A246AB46F0
:10DC1000F0BD21002800FFF707FDA389DA0400D535
:10DC200034E101230022E1692800C8470600431CB3
:10DC300000D1CBE0A3892269590700D4D8E06368FA
:10DC4000F61A236B002B01D0E16B761A0123B04446
:10DC50009B46002712E0FFF76DFDB1E71D332B60F7
:10DC6000636EDB07CBD4A3899B05C8D4A06D00F0FD
:10DC700045FBC4E7002300269B462269002A00D109
:10DC8000C0E00C23E25E914993B20B4272D1802135
:10DC9000C9008A460B4266D0C246002F00D0CEE0B3
:10DCA0005B46002B00D0B2E0A389DB0400D5C4E0C2
:10DCB00001230022E1692800C847431C5AD0636849
:10DCC000216B1A00C61A8B46002900D1ABE0E16B2C
:10DCD000761A2269F61894466046A26B121AB61A92
:10DCE0005218B24500DBD3E0E36CE1695E42534673
:10DCF0001E40320000232800C847431C3AD00023AE
:10DD0000216B636023692360002908D0230040331E
:10DD1000994202D02800FCF7C7FC0023236320228D
:10DD2000A3899343A38153469E1B0DD02100280055
:10DD300001F006F800281DD16368B3421AD32268A7
:10DD400092199E1B22606660082220000125002196
:10DD50005C3000F019FF636E1D4002D1A3899B0562
:10DD60005CD500254DE75A4B994574D080231B01A3
:10DD70001A43A28121002800FFF756FC002832D167
:10DD80003B004246E1692800C847431C2BD0216B69
:10DD9000002908D023004033994202D02800FCF724
:10DDA00083FC0023236323694A4A236000236360C2
:10DDB000A3891340A381C7E721002800FFF734FCA3
:10DDC0000BE7A06D00F098FAA38900E7636E3B4271
:10DDD00000D014E7A3899B0500D510E7A06D00F0E3
:10DDE0008DFA35000DE7636EDB0700D404E706E724
:10DDF0001B0700D42AE72368002B00D126E79B1AD3
:10DE0000F61823E72100280000F0AAFA39E7236B6F
:10DE10009B46002B06D06368E16B5AE7A06D00F0CB
:10DE20006DFAEEE6626823699C4661462368591ADA
:10DE30000023761A52189B4653E7206D3FE70E23C6
:10DE4000E15E6A46280000F047F8002892D1049B62
:10DE500043449A4624E70E23E15E002986DB6A46A6
:10DE6000280000F039F80C23E25E002800D07DE79E
:10DE7000F021019B09020B40802109028B4200D056
:10DE800074E753461A43E364A28105E7266DD2E6A0
:10DE9000B318534500D827E753469E1B63469B198A
:10DEA00023605B46921B6260002B09D02300403345
:10DEB0009B4503D059462800FCF7F6FB002323635B
:10DEC0002022A3899343A381183A3EE71A08000051
:08DED00039F10010DFF7FFFF3C
:10DED800002370B5074C0500080011002360FDF70A
:10DEE80013F9431C00D070BD2368002BFBD02B60B6
:08DEF800F9E7C0468889022009
:10DF0000F0B54546DE4657464E46E0B5936883B0C9
:10DF100000900D009046002B2DD08B891A0732D52A
:10DF20000A69002A2FD0424616689A0737D56B6ACD
:10DF300000279A46AD4B00249946E969002C16D07B
:10DF400023004C4500D9A94B3A000098D04700283F
:10DF500000DC8FE043469B683F18241A181A43469A
:10DF6000986008D06B6AE9699A46002CE8D1376856
:10DF700074680836E2E7002003B03CBC904699463E
:10DF8000A246AB46F0BD2900009804F077F80028BF
:10DF900000D028E14246AB8916689A07C7D4DA0751
:10DFA00070D4002291468022920000279346AC68EC
:10DFB0002868002F53D05A46134200D1A8E0A24649
:10DFC000BC4200D9D7E09022D20013422ED029695A
:10DFD000441AA4466869019442001218D00F8218AE
:10DFE000781C521060449246904201D98246020049
:10DFF0005B0500D4D0E011000098FCF705FB041E7F
:10E0000000D1EAE0019A296900F02CFDAB89784A39
:10E01000134080221343AB815246019B2C61E018D0
:10E02000BA463C00D31A28606A61AB605246494642
:10E0300000F05CFDAB681C1BAC603C0000272B684B
:10E0400053442B6043469B68A1441C1B43469C6081
:10E0500000D190E7AC682868AB89002FABD132685B
:10E06000776891460836A4E729000098FFF7DCFAA4
:10E0700000282DD00C22AB5E402201201343AB813F
:10E08000404279E7002399469A46330000204E46E5
:10E090000027994625E000282FD0B346BE4200D97C
:10E0A000BB4628682A696B69904203D9AA689C1804
:10E0B000A34563DC5B4500DD82E06C6A5246E9699A
:10E0C0000098A047041ED5DD361B0120002ECBD0C2
:10E0D00043469B68A2443F1B1C1B43469C6000D1E7
:10E0E00049E7002FD7D14B461B689A464B465F68DD
:10E0F00008239C46E144002FF5D03A000A215046FF
:10E1000000F04AFC002859D053460130C61AC4E733
:10E110002B69834217D36B699A46BB4213D8354BA0
:10E1200038009F4200D934485146F2F731FA53463D
:10E130004A464343E96900986C6AA047002899DD84
:10E1400004003F1B7EE7BC4200D93C002200494648
:10E1500000F0CCFCAB682A681B1B1219AB602A606C
:10E16000002BEED129000098FFF75EFA002800D0BE
:10E1700080E73F1B66E73C00BA4657E7514622005E
:10E1800000F0B4FC2B6829001B192B600098FFF7E6
:10E190004BFA002898D06DE70098FCF79FF9041E11
:10E1A00000D039E7009C29692000FCF77DFA802225
:10E1B000AB899343743A1BB222605DE77E1C6CE727
:10E1C0005A46514600F092FC5A46AB685C469B1A90
:10E1D000AB602B685B442B6076E70C23009A1360DE
:10E1E0000C22AB5E48E701204042C5E600FCFF7F01
:0CE1F0007FFBFFFFFEFFFF7FFFFFFF7FB4
:10E1FC00B823F0B5C6469B00C71800B58846002664
:10E20C00002F13D07B68BC685D1E0CD4A389012B36
:10E21C0006D90E22A35E013302D02000C04706436C
:10E22C006834013DF2D23F68002FEBD1300004BCC2
:04E23C009046F0BD5B
:10E24000F8B54746CE4680B5B8278046BF0047445C
:10E2500089460026002F14D07B68BC685D1E0DD453
:10E26000A389012B07D90E22A35E013303D021001D
:10E270004046C84706436834013DF1D23F68002F4D
:0CE28000EAD130000CBC90469946F8BD75
:10E28C0070B50D4E0D4DAD1BAD1006D00024A30086
:10E29C00F35801349847A542F9D1F1F7E5FF084E40
:10E2AC00084DAD1BAD1006D00024A300F35801346B
:10E2BC009847A542F9D170BD1C11002020110020F7
:08E2CC00201100203811002090
:10E2D400044B1B685B6B002B00D1034B9422520050
:0CE2E400985C704770070020A00B002021
:04E2F0007047C0466D
:04E2F4007047C04669
:04E2F8007047C04665
:04E2FC007047C04661
:10E3000070B50C001E000E23C95E96B015000029E2
:10E310000EDA00233360A3891B0605D48023002076
:10E32000DB002B6016B070BD402300202B60F9E7A6
:10E330006A46FFF7D1FD0028EBDBF022019B1202B9
:10E340001340064A8020944663445A425341336046
:10E350008023DB002B600001E4E7C04600E0FFFF04
:10E3600070B58B8982B006000C009B0707D523008F
:10E370004333236023610123636102B070BD01ABAD
:10E380006A46FFF7BDFF009905003000FCF73CF935
:10E3900000281ED08022154BF363A389206013430D
:10E3A000009A1BB26261019AA3812061002A02D106
:10E3B0002B43A381E1E70E23E15E300004F07CFFF4
:10E3C000002810D00322A3899343012213431BB2D8
:10E3D000EEE70C22A35E9A05CFD4032293430222D8
:10E3E0001343A381C3E70C22A35EE1E7F5D6001037
:10E3F00010B5034B01001868FCF706F910BDC046C4
:04E400007007002081
:10E4040010B5034B01001868FCF74CF910BDC04669
:04E41400700700206D
:10E41800F0B557464546DE464E46E0B50D000B358D
:10E4280083B00700162D28D8102900D9C1E0FCF7C1
:10E4380061FC102518230220CC4EF3181A005C68E2
:10E44800083A944200D15BE1032362689A431300BF
:10E45800E268A168CA6091600122E318596838002F
:10E468000A435A60FCF74AFC2000083003B03CBC61
:10E4780090469946A246AB46F0BD07239D4300D57A
:10E4880097E0A94200D994E0FCF734FCF823FF3365
:10E498009D4200D859E1680A00D18EE0042800D9CD
:10E4A80034E138239846A80980443930C100AF4E7A
:10E4B80071180839CC68A14218D0032362689A43BE
:10E4C8001300521B0F2A00DD18E1002AC0DA0323CB
:10E4D8009C4608E06246636893435A1B0F2A00DD96
:10E4E8000CE1002AB4DAE468A142F3D132003469BD
:10E4F8000832944267D00323616899438A460B0027
:10E50800491B0F2900DD0DE1726132610029A3DA90
:10E51800974A924500D94AE1DB08FF3A9910FF3A39
:10E528008A40DB0071689B190A4399687260E3604E
:10E53800A1609C60CC60012183109940914248D829
:10E548000A4205D103239843490004300A42FBD00C
:10E5580003239846C3009946B144CC468246634695
:10E56800DC68A44507D1F4E0002A00DB10E1E46888
:10E57800A44500D1EDE04246636893435A1B0F2A35
:10E58800F2DD01208046611905436560A068E568F1
:10E598000836C560A8604046F160B1601043486025
:10E5A800CE608E603800E250FCF7A8FB20000830EF
:10E5B8005CE70C2300203B6058E780213F2389005B
:10E5C8004020984673E70121726883109940914270
:10E5D800B6D90323B46862689A439046AA4202D324
:10E5E800531B0F2B7CDC634A634B93461B681268F2
:10E5F800EB18013200D13BE1604A944663441B0B9F
:10E608001B0301930199380000F028FC03008146A0
:10E61800013300D1F9E04346E318834200D9F2E020
:10E62800574A0199924612689446524661441160CD
:10E63800834200D13EE15A461268013200D155E1C9
:10E648004A46D31A59185346196007234A461340B5
:10E6580000D123E1082189464A49D21A9144CB1AAC
:10E66800019A38004A441105090D5B1A19009B46A6
:10E6780000F0F4FB431C00D134E14B46C01A0123DF
:10E688005844184353461B685B44190053461960A5
:10E698004B46B3605860B44212D043460F2B00D8A3
:10E6A8001CE1072260680C3B9343063A02400520B0
:10E6B8001A436260E218506090600F2B00D933E172
:10E6C800314B1A68914200D919600323B468626813
:10E6D8009A432E4B1868814200D89AE0196098E056
:10E6E8000122290013431143651961603800B560A0
:10E6F8006B60FCF703FB20000830B7E64046F5E600
:10E70800DC680230A34200D1F0E69DE6142874D9F3
:10E71800542800D9AFE06E239846280B80446F3008
:10E72800C100C4E6012360191D4365607061306152
:10E73800C26082601A0053460A4342603800E150C2
:10E74800FCF7DCFA2000083090E62B00E8080833D4
:10E7580072E608239B46073BDC449B46DA44434663
:10E768005246134200D0FAE66DE0C0460C0D002078
:10E77800FF0100001411002064A400200F10000005
:10E7880034A40020081000005CA4002060A400202D
:10E798000122E318596838000A435A60E368A268FE
:10E7A800D3609A60FCF7AAFA200008305EE65A0A9D
:10E7B800042A39D9142A74D85B23984690445C32C9
:10E7C800D20008235B429C46B21894446346996879
:10E7D800032399468C4559D04B464A689A4352457B
:10E7E80002D989688C45F7D1CB6872689C46634624
:10E7F800A160E3609C60CC609DE65B239846804402
:10E808005C30C10053E6B44274D00323B468626834
:10E818009A43531B954202D80F2B00DD60E738005E
:10E82800FCF76CFA002021E69A09382398469044B0
:10E838003932D200C5E74B461A68083B0138914681
:10E848009A4200D087E043460342F4D173688B4371
:10E8580073604900994200D9BBE6002904D1B8E6A3
:10E86800042294464900E2440B42F9D0504671E62E
:10E8780010330193C6E6AA235B00984224D8DD3BF7
:10E888009846E80B80447830C10010E643460122E0
:10E898009B109A4073681A437260A8E780235B0153
:10E8A800DEE6542A2FD81A0B6E23984690446F320E
:10E8B800D20086E71A0500D0BDE60120019BB268A8
:10E8C800434403435360FBE6244B984226D87C23F9
:10E8D8009846A80C80447D30C100E8E501234A46EB
:10E8E80053609CE7002301209B46CBE65B464A46E3
:10E8F8001A60AAE61A4A0199924612689446524644
:10E908006144116097E6AA2149008A4214D8DA0BBB
:10E918007723984690447832D20052E7FE217E232E
:10E9280089007F209846C2E5210038000831FBF7AE
:10E93800B7FE53461968C3E608498A4206D89A0CB6
:10E948007C23984690447D32D2003AE7FE227E230B
:10E958009200984635E773687BE7C0465405000087
:04E9680034A40020B3
:10E96C0082B000290AD0002A0BD0002B0BD01378D0
:10E97C000B601078431E984102B0704701A9002A21
:0CE98C00F3D10020F8E702204042F5E73C
:10E9980070B5CCB2830734D0531E002A1BD002783E
:10E9A800A24219D0032504E0013B14D30278A24205
:10E9B80012D001302842F7D1032B0ED8002B0AD0F1
:10E9C8000278A24208D0C31802E00278A24203D01B
:10E9D80001308342F9D1002070BDFF220D062D0CB5
:10E9E800114029430D04084E0D43026807496A4047
:10E9F800511891433142E3D1043B0430032BF4D83E
:10EA0800DCE71300D8E7C04680808080FFFEFEFE6A
:10EA180030B5032A1CD903000B439B070FD0047899
:10EA28000B789C4217D1012305E0C45C5D1CCB5CCC
:10EA38009C4210D12B009342F7D1002030BD0368CF
:10EA48000C68A342EBD1043A04300431032AF6D807
:0CEA5800002AE4D1F1E7E01AF0E7C04624
:10EA6400F0B50F2A37D90D0005430C000300AD079C
:10EA740035D11500103D2D092E01361810362768A2
:10EA84001F6067685F60A7689F60E7681034DF6095
:10EA94001033B342F3D10F2401352D014919144029
:10EAA4004519032C1DD90023CE58EE500433E61A21
:10EAB400032EF9D80323043CA4080134A4001A400B
:10EAC4002D190919002A05D00023CC5CEC5401331C
:10EAD4009342FAD1F0BD0500002AF5D1FAE705000A
:08EAE400F2E72200F8E7C0464A
:10EAEC00F0B588420AD98B18984207D2531E002AD7
:10EAFC0003D0CA5CC254013BFBD2F0BD0F2A09D82B
:10EB0C000500002AF9D00023CC5CEC54013393426D
:10EB1C00FAD1F2E70D0005430C000300AD0729D133
:10EB2C001500103D2D092F013F18103726681E6067
:10EB3C0066685E60A6689E60E6681034DE6010331E
:10EB4C00BB42F3D10F2401352D014919144045194D
:10EB5C00032C11D90023CE58EE500433E61A032EA1
:10EB6C00F9D80323043CA4080134A4002D19091975
:0CEB7C001A40C6E70500C6E72200C2E709
:10EB8800F0B5830746D0541E002A42D0CEB2020008
:10EB9800032502E01A00013C3BD3531C16702B429C
:10EBA800F8D1032C2DD9FF220A40150215432A0457
:10EBB80015430F2C16D92700103F3F093E01B446D4
:10EBC8001E001A0010366644156055609560D560C1
:10EBD8001032B242F8D10F2201373F01DB1914403D
:10EBE800032C0ED9261FB608B700BC461A001F1DF5
:10EBF800674420C2BA42FCD103220136B6009B19F1
:10EC08001440002C05D0C9B21C19197001339C425C
:0CEC1800FBD1F0BD14000300C3E7C046B0
:10EC240070B50500080011000022064C22601A008D
:10EC3400FCF784FB431C00D070BD2368002BFBD081
:08EC44002B60F9E7888902202A
:10EC4C000FB400B5064983B004AB086804CB8168E7
:10EC5C00019301F0AFFD03B008BC04B01847C046E7
:04EC6C00700700200D
:10EC700030B5050089B008000C0000F079FA04AB4B
:10EC8000214A01930223069201220293AB6B059065
:10EC90000130049407920390AC68002B25D00C231C
:10ECA000E25E636E91B2DB0701D48B0525D580232C
:10ECB0009B01194205D11343A381626E134B13408C
:10ECC0006366280001AA2100FFF71AF9454268414E
:10ECD0000B254042636E0540013DDB0702D4A3894A
:10ECE0009B0506D5280009B030BD2800FEF722FD9F
:10ECF000D5E7A06DFFF702FBF4E7A06DFFF7FCFA84
:10ED00000C23E25E91B2D2E794610110FFDFFFFFB6
:10ED100010B5034B01001868FFF7AAFF10BDC046ED
:04ED20007007002058
:10ED2400092310B5828913400022092B01D0100059
:0CED340010BDFEF7A1FC0200F9E7C0468C
:10ED4000F8B505000C00002802D0836B002B45D0DD
:10ED500080210C22A35E89019AB20A4206D10B439C
:10ED60003D4A616EA3810A4062669AB200216160E9
:10ED700091063ED451071DD4D10664D5082616420B
:10ED800050D104221343A3812369002B56D00C23B6
:10ED9000E75EBEB2B3072FD1236928002360226942
:10EDA0006369E169256AA847030060600020002BC1
:10EDB00017DDF8BD216B0029E6D0230040339942CE
:10EDC00002D02800FBF770FC00232363E36B636031
:10EDD000002BD9D0A36B00202360EAE7FEF7AAFC42
:10EDE000B6E70C21625E002B17D040231A43606007
:10EDF000A28101204042DCE70123A381174B18497F
:10EE00001868FFF7FBF90923A7811E40092EC3D11B
:10EE100021002800FEF760FBBEE720231A43A281F1
:10EE20000138C6E721002800FEF7FEFB0028E0D1EC
:10EE3000A389A060B3431BB2A061A2E72100280010
:10EE4000FFF78EFAA3E709222A604022012013432C
:10EE5000A3814042ADE7C046FFDFFFFF7C610110A8
:04EE600025ED00108C
:10EE6400002370B5064C050008002360FDF792FFEF
:10EE7400431C00D070BD2368002BFBD02B60F9E746
:04EE84008889022057
:10EE88004A424A41802310B55200DB0000F002F8E4
:04EE980010BDC046A3
:10EE9C00F0B5CE46474680B51F00614B83B01D6868
:10EEAC00040089461600002D03D0AB6B002B00D15B
:10EEBC007DE0022E05D0012E00D9ACE0002F00DA47
:10EECC00A9E0636EDB0733D521002800FEF7A6FB13
:10EEDC00216B002908D023004033994202D028002E
:10EEEC00FBF7DCFB002323630023A36163600C228C
:10EEFC00A35E1A065FD44B4A13400022A3819046AE
:10EF0C00022E1CD1022213430022A26022004332A3
:10EF1C00226022610122616EA3816261114201D1E2
:10EF2C009B0560D5404603B00CBC90469946F0BD9D
:10EF3C00A3899B05C8D4A06DFFF7D8F9C4E701AB32
:10EF4C006A4621002800FFF7D5F9A3891843A08150
:10EF5C00002F37D1009F3800FFF744FA8146002874
:10EF6C0047D08022A3891343A381AB6B002B2FD0F6
:10EF7C000C22A35E009ABA4203D0802212011343E2
:10EF8C00A381012E02D101221343A3814A462260A0
:10EF9C00226108229BB267611A401DD1A260012236
:10EFAC00616E11408846BBD000239846BAE7280012
:10EFBC00FEF7BAFB7DE721692800FBF76FFB0C22FB
:10EFCC00A35E98E74B46002BC5D0AB6B002BCFD183
:10EFDC002800FEF7A9FBCBE7DA0708D500227F4211
:10EFEC00A260A761DBE7A06DFFF782F99AE7A76043
:10EFFC00D5E7009B9846BB4205D10C22A35E0122AB
:10F00C00524290467EE71800FFF7ECF98146002843
:10F01C00F3D04746A5E701235B42984682E7C046FA
:08F02C00700700205CF3FFFFF8
:10F0340070B505000C001F2922D8B7239B00C358C4
:10F04400002B0ED08A009B181A68002A09D0012AC6
:10F0540010D0511C10D000212000196090470020CE
:10F0640070BD280000F030F822000100280000F0F4
:10F0740017F8F5E70020F3E7162303600120EFE714
:0CF084001623036001204042EAE7C0466A
:10F0900010B5034B01001868FFF7CCFF10BDC04648
:04F0A00070070020D5
:10F0A400002370B5074C050008001100236004F02C
:10F0B4001FFE431C00D070BD2368002BFBD02B60C7
:08F0C400F9E7C046888902202B
:08F0CC0010B504F009FE10BDAF
:10F0D40070B50C000E25495F04F074FC002803DBB6
:10F0E400236D1B18236570BDA389024A1340A381B5
:08F0F400F9E7C046FFEFFFFF42
:10F0FC00F8B516001F000C228B5E0C0005000E22CA
:10F10C00895EDA0507D50022022304F0EDF80C2203
:10F11C00A35E0E22A15E044A28001340A381320094
:0CF12C003B0002F091FFF8BDFFEFFFFF79
:10F1380070B50C000E25495F04F0D8F8431C06D0C2
:10F148008023A2895B011343A381206570BDA38935
:0CF15800014A1340A381F9E7FFEFFFFF1D
:0CF1640010B50E23C95E02F0F1FF10BDD3
:10F1700010B5040083070AD00378002B23D00322A4
:10F1800002E00378002B1CD001301042F9D1026854
:10F190000E4B0F49D31893430B420FD10430026832
:10F1A0000A4BD31893430B4208D104300268074B33
:10F1B000D31893430B42F1D000E001300378002BC9
:10F1C000FBD1001B10BD0020FCE7C046FFFEFEFE89
:04F1D000808080803B
:10F1D40070B504780600002C13D00D78002D09D0EA
:10F1E400A54209D00B0001E0A24205D001331A78F0
:10F1F400002AF9D1801B70BD01300478002CEDD1B8
:08F20400F8E70020F7E7C0461F
:10F20C00F0B5DE464E4657464546E0B5C3B00C0059
:10F21C00079191461093089004F05AF8036818006F
:10F22C001A93FFF79FFF1990A3891B0605D5236935
:10F23C000993002B01D100F023FF32AB259300235F
:10F24C0025AFBB607B6018930024002316931794A2
:10F25C000023CA4632AE14931B930C9353461B786F
:10F26C00002B47D05446252B02D11BE0252B03D075
:10F27C0001342378002BF9D15346E51A0FD03360B3
:10F28C00BB6875605B19BB607B6801337B60072BC7
:10F29C0027DC08360C9B9C46AC4463460C932378C5
:10F2AC00002B27D0631C9A46002316AAD377012281
:10F2BC005242934600220B922032904620329146C5
:10F2CC00383A6378944600210024002552461800F1
:10F2DC0020380132099158283ED8BF49800008587F
:10F2EC0087463A000799089804F07CFB002809D15E
:10F2FC0032AECFE7BB68002B04D03A0007990898D0
:10F30C0004F070FB079B9B895B0601D501F058F953
:10F31C000C9843B03CBC90469946A246AB46F0BD17
:10F32C000021303B1800099B0A959A460D00AB0052
:10F33C005D1913786D0045191800511C30380A00FE
:10F34C000928F4D952468A46099252460B950A9DD1
:10F35C00180020385828C0D90999139392460029CF
:10F36C0001D001F01CFA139A002AC3D028AB1A70F2
:10F37C00002216A9CA770A9501327EE180230999E9
:10F38C001D431378A3E7531C0A9313782A2B01D13E
:10F39C0001F0CFF91800002230389346092801D922
:10F3AC0001F097F8099B5946A2469B460A9A8B0096
:10F3BC005B185B0019181378541C180030382200A5
:10F3CC000928F4D920005A465446824609928B46A5
:10F3DC005246BDE7099913780420054377E7137863
:10F3EC0001212B2473E710980999036804300B93BF
:10F3FC0010900B981378002800DB68E740420B90C4
:10F40C00EAE7012309991D43137860E709991378FA
:10F41C00002C00D05BE70121203458E709991393A5
:10F42C009246002901D001F0B2F96C4B1493AB0653
:10F43C0000D409E30722109B07339343013294460F
:10F44C009C4462465C681B680E930F9410920223D6
:10F45C00EA0769D50E990F9A0800104364D0302141
:10F46C001EAA11704C206946091809781D43517069
:10F47C00002216A9CA775A4601325BD10022914666
:10F48C000A95012B00D1CFE0022B01D100F036FC04
:10F49C000E980F995B4632AA90460993B34600E04A
:10F4AC00A0464A079446434665465C1EC608072399
:10F4BC00CA08354311002A0003403033237028005A
:10F4CC000A43EDD10E900F9109995E468B460A992D
:10F4DC0042461294C90701D500F0F1FC32AB1B1B5C
:10F4EC000D935B4609930D9B9B4500DA0993002312
:10F4FC0015934B46002B00D1C8E0099B01330993AF
:10F50C00C4E013939246AB0600D4B2E20722109BE0
:10F51C0007339343013294469C4462465C681B68F3
:10F52C000E930F9401231092002216A9CA775A4603
:10F53C000132A3D0002291468022290091430A91E6
:10F54C000E990F9A080010439BD15A46002A01D0FD
:10F55C0000F047FE002B01D000F071FC01200300ED
:10F56C0032AA2B400D931292BBD02723302128AA0C
:10F57C00D15416AA9446483363441293B1E71393BB
:10F58C00109B92461C1D1B6816A91A00129300238F
:10F59C00CB77002A01D100F0A5FD5B46013301D1E8
:10F5AC0000F08DFE5A4600211298FFF7EFF9002863
:10F5BC0001D100F096FF129BC21A16ABDB7F0D92A5
:10F5CC009946D343DB171A400023099210940A95ED
:10F5DC009B4615938DE7C04698610110206301107E
:10F5EC00099913939246002901D001F0D4F8AB0687
:10F5FC0000D40FE20722109B073393430132944649
:10F60C009C4462465C681B680E930F9410920F9B8F
:10F61C00002B01DA00F077FC16ABDB7F99465A46DB
:10F62C000123013288D10A950E9B0F9C002C01D02E
:10F63C0000F07EFD092B01D900F07AFD27220E9BEC
:10F64C0028A930338B54012316AA94460D936E339C
:10F65C006344129345E7109992460A682420099254
:10F66C006A4612181278139328AB1A70002216A847
:10F67C00C2770A1D109201220A9509920022914626
:10F68C0001320D92002293461592129302230A9A8C
:10F69C001A40904602D0099B0233099384230A9A9C
:10F6AC00BC681A40119238D10B9B099A9D1A002DF7
:10F6BC0033DDCC4A7B689146102D1FDD22004C4671
:10F6CC0003E0103D0836102D16DD102110320133E9
:10F6DC0034607160BA607B60072BF2DD3A000799E9
:10F6EC00089804F07FF9002800D00BE6103DBA68AA
:10F6FC007B6832AE102DE8DCA14614004A46641932
:10F70C00013332607560BC607B60072B01DD00F05B
:10F71C003BFD16ABDB7F083699464B46002B0FD0D2
:10F72C0016AA1F23944663443360012373607B68DD
:10F73C0001340133BC607B60072B00DDC6E2083668
:10F74C004346002B0CD01EAB3360022373607B68E6
:10F75C0002340133BC607B60072B00DDC2E208364B
:10F76C00119B802B00D120E25B460D9A9B1A9B4685
:10F77C00002B32DD5A467B689B4D102A22DD10226D
:10F78C00A84691465D4603E0103D0836102D17DD66
:10F79C00424632604A46103401337260BC607B6072
:10F7AC00072BF1DD3A000799089804F01BF90028A3
:10F7BC0000D0A7E5103DBC687B6832AE102DE7DCAD
:10F7CC00AB4645465A465C44013335607260BC60BA
:10F7DC007B60072B00DDAFE208360A9BDB0500D50A
:10F7EC0084E1129B33600D9B9C4673607B68644480
:10F7FC000133BC607B60072B00DD6BE108360A9B94
:10F80C005B0731D50B9B099A9D1A002D2CDD754A8F
:10F81C007B68914610229046102D04DC1BE0103DB5
:10F82C000836102D17DD6F4A103432604246013312
:10F83C007260BC607B60072BF1DD3A000799089879
:10F84C0004F0D0F8002800D05CE5103DBC687B6863
:10F85C0032AE102DE7DC4A466419013324C6BC6075
:10F86C007B60072B00DD36E30B9A099B9A4200DA8A
:10F87C001A000C9B9C46944463460C93002C00D0BD
:10F88C00CEE1002332AE7B60E8E413939246AB06E4
:10F89C0051D50722109B07339343013294469C4465
:10F8AC0062465C681B6810920E930F9400233BE633
:10F8BC0009999246002901D000F061FF109A08CAFC
:10F8CC001092AA0600D52BE3EA0601D500F058FCED
:10F8DC006A0601D400F054FC6A46128E1A80BDE40C
:10F8EC00434609991D431378F1E4109992460B682D
:10F8FC003E4A0E9300230F9302331D431EAB1A8016
:10F90C0078220B1D10933A4B1392149302230BE69F
:10F91C00137809996C2B00D1D2E310200543D6E45F
:10F92C004B4609991D431378D1E4139310231D43BF
:10F93C009246AB06ADD4109A08CA1092EA0602D4CD
:10F94C006A0600D59BB20E9300230F93ECE5634639
:10F95C0009991D431378BAE4099913939246002927
:10F96C0001D000F010FF0722109B073393431A00BD
:10F97C0018CA9846109201221693179464006408D2
:10F98C0052421C4B40462100F3F752FB002800D09A
:10F99C00CCE20122174B524240462100F0F716FFF1
:10F9AC00002800D0C2E21698179900220023F0F725
:10F9BC0003FF002801D000F048FD16ABDB7F994611
:10F9CC00139B472B01DD00F080FC0B4B1293802323
:10F9DC009D437D3B09930D9300230A959B461593FC
:10F9EC0087E5C04640630110506301103078000079
:10F9FC0020630110FFFFEF7FFC6201100999139344
:10FA0C009246002901D000F0ABFE10231D43AB063B
:10FA1C0000D5EFE5109A08CA1092EA0600D56AE202
:10FA2C006A0600D467E21BB20E93DB170F93EEE568
:10FA3C00099913939246002901D000F09CFEC44B07
:10FA4C001493AB0600D5F5E4109A08CA1092EA0696
:10FA5C0000D54BE26A0600D448E29BB20E93002319
:10FA6C000F93F4E4139310231D439246AB0600D579
:10FA7C004CE5109A08CA1092EA0602D46A0600D520
:10FA8C009BB20E9300230F9301334DE501330D937D
:10FA9C001300A34691460C0008334A46594615609C
:10FAAC0051600D9A5C44BC607A60072A00DDF6E276
:10FABC001E00994601320D9208364A4621AB13605E
:10FACC001B9B9C4653600D9B6444BC607B60072B66
:10FADC0000DC94E63A000799089803F083FF0028AD
:10FAEC0001D0FFF70FFCBC6832AE88E6139B652B88
:10FAFC0000DC9FE01698179900220023F0F756FEC1
:10FB0C00002800D12AE1934B013433600123736048
:10FB1C007B68BC6001337B60072B00DDB6E30836E5
:10FB2C001F9B189A934204DB0A9BDB0701D4BC6829
:10FB3C0065E61A9BBA683360199B9C4673607B68B8
:10FB4C00624401331400BA607B60072B00DDBDE218
:10FB5C000836189B013B9846002B00DC4FE64246CA
:10FB6C007B687D4D102A00DC43E310229146220075
:10FB7C00444604E00836103C102C00DC37E34946C0
:10FB8C001032013335607160BA607B60072BF1DD98
:10FB9C003A000799089803F025FF002801D0FFF7D9
:10FBAC00B1FBBA687B6832AEE5E70B9B099A9B1AEE
:10FBBC009846002B00DCD7E542467B68664D102A40
:10FBCC0022DD102291462200444603E0103C083608
:10FBDC00102C17DD49461032013335607160BA6064
:10FBEC007B60072BF2DD3A000799089803F0FAFEC8
:10FBFC00002801D0FFF786FB103CBA687B6832AE58
:10FC0C00102CE7DCA0461400424644440133356016
:10FC1C007260BC607B60072B00DDF6E20836A3E562
:10FC2C003A000799089803F0DDFE002800D128E679
:10FC3C00FFF768FB082189467A6818990134531C30
:10FC4C00B144012900DC29E1129ABC603260012226
:10FC5C007B607260072B00DDA6E24A461A990133DD
:10FC6C001160199A4946944664444A60BC609846AF
:10FC7C007B60072B00DDA5E208239C46E14443464C
:10FC8C00169817994E465D1C189B0022013B9B460B
:10FC9C00002311950D950836F0F788FD002800D04B
:10FCAC00D3E04A46129B5C44013313604B465A46E0
:10FCBC00BC605A607D60072D00DDF0E143460233E5
:10FCCC000D934B461033B1461E00F6E63A000799E9
:10FCDC00089803F087FE002801D0FFF713FBBC68DF
:10FCEC0032AE2DE53A000799089803F07BFE002808
:10FCFC0001D0FFF707FBBC6832AE31E50F20B446EC
:10FD0C0032AB19000E9A0F9B0400149D14402C5D0D
:10FD1C0016091D07013935430C701C0923002C00F2
:10FD2C002A001C43F0D10E920F9332AB5B1A129146
:10FD3C0066460D93FFF7D5FB3A000799089803F038
:10FD4C0051FE002801D0FFF7DDFABC6832AE44E565
:10FD5C000C6301103C630110506301101F990029C2
:10FD6C0000DC5FE2159B1D00189B9D4200DD5DE1F0
:10FD7C00002D0BDD129B641933607B6875600133B9
:10FD8C00BC607B60072B00DD53E30836EB43DB17CD
:10FD9C001D40159B5B1B9846002B00DD4AE11F9B09
:10FDAC00189A934200DAB4E10A9AD20700D5B0E16E
:10FDBC001899159ACB1A8A1A1D00934200DD15006A
:10FDCC00002D0EDD1599129A8C46624432607A68C9
:10FDDC00641901327560BC607A60072A00DD69E342
:10FDEC000836EA43D21715405B1B9846002B00DC03
:10FDFC0005E542467B68E04D102A00DCF9E1102253
:10FE0C0091462200444604E00836103C102C00DCDD
:10FE1C00EDE149461032013335607160BA607B60A8
:10FE2C00072BF1DD3A000799089803F0DBFD002859
:10FE3C0001D0FFF767FABA687B6832AEE5E70023BA
:10FE4C000D9332AB1293FFF74CFB5B46002B00DC9F
:10FE5C0033E6102B01DC00F042FC2100C64D1026CD
:10FE6C004A465C46119B05E00832103C102C00DC25
:10FE7C000CE60133103115605660B9607B60072BBE
:10FE8C00F2DD3A000799089803F0ACFD002801D088
:10FE9C00FFF738FAB9687B6832AAE6E701210A98BD
:10FEAC00014200D0D0E6129871603060BC607B607B
:10FEBC00072B00DDF3E0931C0D931036FDE5302B82
:10FECC0000D120E13023023A137032AB9B1A0D9310
:10FEDC001292FFF706FB3A000799089803F082FD8F
:10FEEC00002801D0FFF70EFABC68BDE40E93002386
:10FEFC000F93FFF7ACFA0E93DB170F930F9B002BAE
:10FF0C0001DBFFF789FB0E990F9A00244B429441B9
:10FF1C000E930F942D2316AAD3779946FFF77FFBE8
:10FF2C000C9A1A60D2175A60FFF798F9169817991D
:10FF3C0002000B00F3F77CF8002800D0ACE3202380
:10FF4C00139A9A435B469146013300D1C6E2472A85
:10FF5C0000D1C7E180235B002B430A93179B002B36
:10FF6C0000DA78E2169A0993002390461193139BBA
:10FF7C00662B00D188E2462B00D1E7E24B46452B9D
:10FF8C0000D1B6E123AB049320AB03931FAB0293D8
:10FF9C005B4601930223424600930898099B02F0AA
:10FFAC008DF9139B1290672B00D0D6E3129B1A008D
:10FFBC005A441400EA0700D4D2E100230022404640
:10FFCC000999F0F7F3FB2300002809D1239B30217A
:10FFDC00A34205D25A1C23921970239B9C42F9D838
:10FFEC00129A9B1A18931F9B15934B46472B00D1C3
:04FFFC00BEE1139BB4
:020000041001E9
:10000000662B00D0C2E1159B002B00DC64E35B464D
:10001000002B00D053E3EB0700D550E3159B099369
:100020000D93119B002B00D0E0E116ABDB7F9946CE
:1000300000239B46FFF763FA1D1E00DDA0E6ABE63A
:1000400042467B684F4D102A00DC32E11022914677
:100050002200444604E00836103C102C00DC26E167
:1000600049461032013335607160BA607B60072BFE
:10007000F1DD3A000799089803F0BAFC002801D096
:10008000FFF746F9BA687B6832AEE5E74021089889
:10009000FAF7BAFA079B18601861002800D169E3E3
:1000A0004023079A5361FFF7CEF83A000799089862
:1000B00003F09EFC002801D0FFF72AF97B68BC689A
:1000C00001330D9332AB34AE9946FCE44346013222
:1000D0001D431378FFF701F93A000799089803F0D8
:1000E00087FC002801D0FFF713F9BC6832AE36E573
:1000F0005B460993062B00D9F1E0099B10940D9300
:10010000002399469B4615931F4B0A951293FFF7C0
:10011000C3FA129A32AB9B1A0D93FFF7E8F91A9AB9
:100120003260199A944672607A6864440132BC6005
:100130007A60072A00DD75E108363FE632ABB0464B
:100140000E9C0F9D1E00200029000A220023F0F7BC
:10015000DDFB013E303232700023200029000A22EC
:10016000F0F7D4FB030004000D000B43EBD1320089
:1001700032AB9B1A12960E940F9546460D93FFF7DD
:10018000B6F9C04650630110346301100C9A1A602E
:10019000FFF76AF83A000799089803F029FC00284D
:1001A00001D0FFF7B5F816ABDB7FBC68994632AEDD
:1001B000FFF7B9FA3A000799089803F019FC0028EC
:1001C00001D0FFF7A5F832AABC687B6891464AE5E2
:1001D0003A000799089803F00BFC002801D0FFF7BC
:1001E00097F87B68BC68984632AB99464DE5012B81
:1001F00001D0FFF74FF9FFF727FAA0461400424657
:100200004444013335607260BC607B60072B01DCC5
:10021000FFF7FAFA64E43A000799089803F0E8FB5C
:10022000002801D0FFF774F8BC6832AEFFF7A2FADD
:10023000D64B01343360012373607B68BC600133AB
:100240007B60072B00DD18E10836002902D1189BDE
:10025000002B47D01A9B3360199B9C4673607B68C8
:1002600064440133BC607B60072B00DD4CE132004D
:100270000832002900DA82E11299013311601899DD
:100280007B608C4664445160BC60072B00DD27E432
:1002900008321600FFF7B9FA3A000799089803F0F8
:1002A000A7FB002801D0FFF733F832AE3EE4A046AA
:1002B000140042464444013335607260BC607B6088
:1002C000072B00DD3CE108366FE51298FEF750FF82
:1002D0000200FFF778F9AE4B1293FFF77EFB06237F
:1002E00009930AE70A9BDB0701D4FFF78EFAB1E70F
:1002F0005B46002B00D033E601239B4630E65B468D
:100300005A1C23AB049320AB03931FAB029302232D
:100310000D92019200934246099B089801F0D4FF88
:100320001290139B472B00D003E2EB0700D4ECE1C3
:100330000D9A129B944663441C00139B462B00D0DD
:1003400041E6129B1B78302B02D01F9BE4183AE643
:100350000022002340460999F0F72EFA0028F4D134
:1003600001230D9A9B1A1F93E4182CE6239AD31AA3
:1003700018931F9B15934B46472B07D1159BDA1CEF
:1003800001DB9B453ADA139B023B13936A464C21EF
:10039000159B521812785C1E21AB1F9499461A7057
:1003A000002C00DA6CE12B234A465370092C00DD47
:1003B00011E130234A4630349370D47022AB4A4660
:1003C0009B1A189A9C46110061441B930D91012AB7
:1003D00000DC5CE1199B0D9A9C466244D343DB1719
:1003E0000D921A400023099215931AE62D2316AA9E
:1003F000D377994600239B46FFF785F8159B1899FC
:100400008B4200DA8EE0EA0700D42FE1199B159A9F
:100410009C4662440D92D343DB171A40672309922E
:100420001393FEE53A000799089803F0E1FA0028D3
:1004300001D0FEF76DFF1F9BBC6832AEBEE43A00F0
:100440000799089803F0D4FA002801D0FEF760FF5E
:10045000BC6832AEA0E42D2316AAD3779946FFF7E5
:10046000B5FA8022169B179C1206984694462300E4
:10047000634409932D2311937FE53A000799089867
:1004800003F0B6FA002801D0FEF742FF1F99BC68BE
:1004900032AEDAE623AB049320AB03931FAB029397
:1004A0005B4601930323424600930898099B01F0A1
:1004B0000BFF03005B441C005B4612900D9340E76A
:1004C0003A000799089803F093FA002801D0FEF744
:1004D0001FFF189B1F9ABC689B1A32AE87E40A9ACA
:1004E00092465246FEF73AFF06239B4638E516AB86
:1004F000DB7F109499465B4609930D9300230A9580
:100500009B461593FEF7FBFF3A000799089803F006
:100510006FFA002801D0FEF7FBFE1F99BC687B68CC
:1005200032AAA6E6199B189A9C46159B62440D9226
:10053000002B00DD6FE7159A0D9B981A421C69E7A6
:100540003A000799089803F053FA002801D0FEF703
:10055000DFFEBC6832AE28E423AB049320AB0393E8
:100560001FAB02935B460193032342460093089816
:10057000099B01F0A9FE5B4612900D93D8E64E420E
:10058000044D103168DA1021884609E03C630110FF
:1005900000630110506301100832103E102E5BDD25
:1005A00041461034013315605160BC607B60072BFD
:1005B000F2DD3A000799089803F01AFA002801D0F2
:1005C000FEF7A6FEBC687B6832AAE6E701235B4221
:1005D0000C93FEF7A3FE16AA3B2394466344B3464E
:1005E000A8461E0000E02E0020000A21F0F7B6F811
:1005F000751E3031297020000A21EFF7C9FF040071
:100600000928F0DC32002B0016A95E4645469346C9
:1006100098468C4613003B223034E4B2023B6244DD
:100620001C709A4200D899E03B235A4663449A1AB8
:10063000012358465B4201E0C45C01334946C918B6
:10064000CC709A42F8D116A98C462E2243466244B9
:100650009446FB1A6344B2E6A41901331560566050
:10066000BC607B60072B57DC083205E61A00DB43D1
:100670001100DB171940672309910D921393D0E401
:100680000124159B4A46E41A2D2353708EE601235C
:100690002B40159300D09DE6CB430A00DB171A4090
:1006A0000992BEE4179B002B27DB16ABDB7F994634
:1006B000139B472B1DDC3F4B1293FFF78EF9199AC2
:1006C000159B94466344180002005A44D343DB1739
:1006D0000D921A400992A4E45B46002B12D1EB075D
:1006E00010D4012309930D939BE43300324DFFF79F
:1006F000DAF9324B1293FFF770F92D2316AAD3774C
:100700009946D5E7199B581CDEE7239B129A9B1A42
:1007100018931F9B159331E63A000799089803F048
:1007200067F9002801D0FEF7F3FDBC687B6832AAA8
:10073000A2E5129A0D9B944663441C0043E4109B6F
:100740000999181D1B689B46002B02DA01235B42A6
:100750009B46537810900A9AFEF7BFFD16AA2E23E7
:10076000944663442BE65B460D93DAE516ABDC77E3
:10077000FFF751F90C23089A13600D3B0C93FEF719
:10078000CDFD16ABDC77FFF760F916ABDC77FFF732
:100790009BF816ABDC77FFF7ECF816ABDC77FEF7CF
:1007A0004AFE16ABDC77FEF728FF16ABDC77FEF7C8
:1007B000E0FDC0460463011050630110086301109E
:1007C000F0B5DE464E4645465746E0B5C3B08B46CB
:1007D00091461C000D930500079002F07FFD036811
:1007E00018001A93FEF7C4FC1990002D04D0AB6BCF
:1007F0000893002B00D1A9E05B465A460C21595EB4
:10080000526E8BB2D20702D49A0500D4C7E0802280
:100810009201134209D10A435B4659469A81496EB7
:10082000B64B0B4059464B6693B21A075ED55A46F3
:100830001269002A5AD01A221A400A2A6FD032AB03
:100840002593002325AFBB607B6018930024002311
:10085000169317940023DA46CB4632AE14931B93BB
:100860000A935B461B78002B00D141E25C46252BA6
:1008700002D11CE0252B03D001342378002BF9D1C1
:100880005B46E51A0FD03360BB6875605B19BB60CF
:100890007B6801337B60072B5CDC08360A9B9C4637
:1008A000AC4463460A932378002B00D120E2631CFA
:1008B0009B46002316AAD37701225242914600227A
:1008C0000B92203294462032637890460021002417
:1008D00000255A460132089118002038582801D9BD
:1008E00000F018FC8649800008588746594607984A
:1008F00001F0C4FB5B4600280CD05B6EDB0705D41F
:100900005B469B899B0501D400F0FCFB01235B4205
:100910000A933CE01A229B891A400A2A8FD15A4630
:100920000E21525E002A8ADB5A46526ED20705D447
:100930009B0503D45B46986DFDF7E0FC23004A4617
:100940005946079801F07AFA0A9020E00798FCF7D8
:10095000F1FE51E73A005146079803F015F90028D7
:1009600009D132AE9AE73A005146079803F00CF9E4
:10097000002800D1B4E1D3465A465B46526E9B89AB
:10098000D20702D49A0500D4B5E35B06BED40A9818
:1009900043B03CBC90469946A246AB46F0BD5B4690
:1009A000986DFDF7A9FC5B460C21595E8BB22EE7D2
:1009B0000021303B1800089B09959B460D00AB00B9
:1009C0005D1913786D0045191800511C30380A0064
:1009D0000928F4D9594693460B95099D08915A4622
:1009E0007AE708991378002C00D073E701212034AE
:1009F00070E7012308991D4313786BE70899139357
:100A00009346002901D001F00AFA3E4B1493AB063D
:100A100000D437E307220D9B0733934301329446FA
:100A20009C4462465C681B680E930F940D920223EF
:100A3000EA070DD50E990F9A0800104308D030210F
:100A40001EAA11704C206946091809781D4351707F
:100A5000002216A9CA774A46013200D197E1002246
:100A6000904680222900914309910E990F9A08001F
:100A7000104300D08EE14A46002A01D000F02DFE3E
:100A8000002B01D000F012FD0120030032AA2B4000
:100A90000C93129208D02723302128AAD15416AAE9
:100AA00094464833634412934B4608930C9B9945F4
:100AB00000DA0893002315934346002B02D0089BCD
:100AC000013308930223099A1A40109202D0089B1E
:100AD000023308938423099ABC681A40119241D1C9
:100AE0000B9B089A9D1A002D3CDD074A7B689046B7
:100AF000102D28DD220044460CE0C046FFDFFFFF3A
:100B000060630110E864011008650110103D0836AB
:100B1000102D16DD10211032013334607160BA607F
:100B20007B60072BF2DD3A005146079803F02CF862
:100B3000002800D01FE7103DBA687B6832AE102D48
:100B4000E8DCA04614004246641901333260756047
:100B5000BC607B60072B01DD00F028FD16ABDB7F5E
:100B6000083698464346002B10D016AA1F239446F9
:100B700063443360012373607B6801340133BC60DC
:100B80007B60072B01DD00F005FC0836109B002B75
:100B90000DD01EAB3360022373607B6802340133D7
:100BA000BC607B60072B01DD00F001FC0836119B67
:100BB000802B00D1B4E34B460C9A9B1A9846002B2D
:100BC00032DD42467B68CA4D102A21DD1022914653
:100BD0002200444603E0103C0836102C16DD49463E
:100BE0001032013335607160BA607B60072BF2DD33
:100BF0003A005146079802F0C7FF002800D0BAE635
:100C0000103CBA687B6832AE102CE8DCA0461400B9
:100C100042464444013335607260BC607B60072B00
:100C200001DD00F0EEFB0836099BDB0500D50FE384
:100C3000129B33600C9B9C4673607B686444013359
:100C4000BC607B60072B00DDF6E20836099B5B0782
:100C500039D50B9B089A9D1A002D34DDA54A7B6877
:100C6000904610229146102D04DC1BE0103D083602
:100C7000102D17DD9F4A103432604A4601337260EE
:100C8000BC607B60072BF1DD3A005146079802F00B
:100C90007BFF002800D06EE6103DBC687B6832AE5A
:100CA000102DE7DC42466419013324C6BC607B602A
:100CB000072B08DD3A005146079802F065FF00282F
:100CC00000D058E6BC680B9A089B9A4200DA1A00DA
:100CD0000A9B9C46944463460A93002C00D042E64B
:100CE00000237B605B461B7832AE002B00D0BDE555
:100CF000BB68D346002B01D000F085FF00237B604A
:100D00003AE613930D9B93461C1D1B6816A91A0007
:100D100012930023CB77002A01D100F040FE4B460E
:100D2000013301D100F09FFE4A4600211298FDF7E1
:100D300033FE002801D100F0E9FD129BC21A16AB68
:100D4000DB7F0C929846D343DB171A4000230892AE
:100D50000D94099599461593AEE613939346AB0609
:100D600000D476E107220D9B16A907339343013285
:100D700094469C4462465C681B680D920022CA77C8
:100D80004A460E930F940123013200D067E60022F9
:100D900090460995012B00D1D8E0022B00D113E336
:100DA0000E980F994B4632AA089391460C9600E094
:100DB000A1464A0794464B466546C2085C1E072377
:100DC00015432A000340CE08303323702800310039
:100DD0003243EDD10E900F9108994A468946099900
:100DE00012940C9EC90700D5D4E332AB1B1B0C93A5
:100DF0005AE60D980899036804300B930D900B98F0
:100E00001378002800DB65E540420B900420054381
:100E100060E5137801212B245CE508991378F5E748
:100E2000531C9B4613782A2B01D100F0D1FF1800E8
:100E30000022303891465A46092800D9CFE5089B50
:100E40004946A34699468B005B185B001918137836
:100E5000541C1800303822000928F4D94A46894623
:100E600021005C468B4608925A4635E50899934620
:100E7000002901D000F0C0FF0D9A08CA0D92AA0601
:100E800001D400F04AFC0A9A1A60D2175A60E8E4CA
:100E900013939346AB0600D4C8E007220D9B07339B
:100EA0009343013294469C4462465C681B680D92F1
:100EB0000E930F940023CBE50D9993460B680E4AD1
:100EC0000E9300230F9302331D431EAB1A8078222A
:100ED0000B1D0D93094B139214930223B8E513785D
:100EE00008996C2B01D100F038FD10200543F1E486
:100EF000186501100865011030780000E8640110E1
:100F0000089913939346002901D000F079FF10232C
:100F10001D43AB0600D4F8E207220D9B0733934331
:100F2000013294469C4462465C681B680E930F94A1
:100F30000D920F9B002B00DAFAE216ABDB7F98468E
:100F40004A460123013200D08BE509950E9B0F9C88
:100F5000002C00D0F1E0092B00D9EEE027220E9BF7
:100F600028A930338B54012316AA94460C936E3370
:100F70006344129398E5089913939346002901D08E
:100F800000F046FF07220D9B073393431A0018CA4F
:100F900098460D92012216931794640064085242F9
:100FA000DA4B40462100F2F749F8002800D0C1E3AF
:100FB0000122D64B524240462100EFF70DFC00289B
:100FC00000D0B7E31698179900220023EFF7FAFB39
:100FD000002801D000F075FC16ABDB7F9846139B10
:100FE000472B01DD00F03BFDC94B129380239D434D
:100FF0007D3B08930C9300230995994615935BE577
:10100000802308991D43137864E4634608991D43BF
:1010100013785FE4082308991D4313785AE4139367
:1010200010231D439346AB0600D536E70D9A08CA38
:101030000D92EA0602D46A0600D59BB20E930023F5
:101040000F9305E5139310231D439346AB0600D57C
:1010500088E60D9A08CA0D92EA0602D46A0600D5FF
:101060009BB20E9300230F930133F1E4089913937D
:101070009346002901D000F0C7FEA64B1493AB069F
:1010800000D5C7E40D9A08CA0D92EA0600D55BE2C6
:101090006A0600D458E29BB20E9300230F93C6E475
:1010A0000D9993460A68202008926A461218127811
:1010B000139328AB1A70002216A8C2770A1D0D924E
:1010C0000122099508920022904601320C920022DA
:1010D000129391461592F5E40899139393460029CB
:1010E00000D116E716ABDC7713E7434608991D439A
:1010F0001378FFF7EFFB5B46986DFDF7FFF85B4653
:101100009B8942E45B46986DFDF7F8F801235B424A
:101110000A933CE4089913939346002901D000F008
:1011200082FE139A002A00D1E2E528AB1A70002251
:1011300016A9CA7709950132C4E74A460E9C0F9D4D
:1011400032ABB1461E000892200029000A2200237B
:10115000EFF7DCFB013E3032327000232000290023
:101160000A22EFF7D3FB030004000D000B43EBD181
:101170003200089B12964E46994632AB9B1A0E944B
:101180000F950C9390E4082189467A6818990134E8
:10119000531CB144012900DCDBE1129ABC603260CF
:1011A00001227B607260072B00DD79E24A461A99C2
:1011B00001331160199A4946944664444A60BC6000
:1011C00098467B60072B00DD78E208239C46E144CB
:1011D0004346169817994E465D1C189B0022013B0A
:1011E0001093002311950C950836EFF7E5FA0028C7
:1011F00000D061E1129A7D60013213004A4613600B
:10120000109B9C4664445360BC60072D00DDB0E138
:10121000434602330C934B461033B1461E004A46F8
:1012200021AB13601B9B9C4653600C9B6444BC60C9
:101230007B60072B00DC09E53A005146079802F075
:10124000A3FC002801D0FFF796FBBC6832AEFDE49A
:10125000139B652B97DD1698179900220023EFF753
:10126000ABFA002800D1D9E02B4B013433600123C5
:1012700073607B68BC6001337B60072B00DD12E389
:1012800008361F9B189A934203DB099BDB0700D4A7
:1012900014E31A9BBA683360199B9C4673607B68A1
:1012A000624401331400BA607B60072B00DD5AE30F
:1012B0000836189B013B9846002B00DCC6E44246EA
:1012C0007B68164D102A00DC0EE2102291462200A7
:1012D000444604E00836103C102C00DC02E249468B
:1012E0001032013335607160BA607B60072BF1DD2D
:1012F0003A005146079802F047FC002801D0FFF75A
:101300003AFBBA687B6832AEE5E7C046FFFFEF7F85
:10131000C4640110D4640110046501101865011043
:101320000B9B089A9B1A9846002B00DC43E442462C
:101330007B68DA4D102A20DD2200444603E0103C91
:101340000836102C17DD1021103201333560716022
:10135000BA607B60072BF2DD3A005146079802F035
:1013600013FC002801D0FFF706FB103CBA687B682D
:1013700032AE102CE7DCA046140042464444013350
:1013800035607260BC607B60072B00DDB8E1083619
:10139000FFF711FC3A005146079802F0F5FB0028D0
:1013A00001D0FFF7E8FABC6832AEFFF7EFFB3A0076
:1013B0005146079802F0E8FB002801D0FFF7DBFA5E
:1013C000BC6832AEFFF7F3FB0F200E9A0F9BB446BA
:1013D00032A90400149D14402C5D1E071509013923
:1013E0002E430C701C092300340032001C43F0D142
:1013F0000E920F9332AB5B1A129166460C93FFF775
:1014000053FB3A005146079802F0BEFB002801D07A
:10141000FFF7B1FABC6832AEFFF706FC1F9900294E
:1014200000DC08E2159B1D00189B9D4200DD1D009D
:10143000002D0BDD129B641933607B6875600133EE
:10144000BC607B60072B00DD3CE30836EB43DB1719
:101450001D40159B5B1B9846002B00DCC1E04246FB
:101460007B688E4D102A00DC8DE21022210091460F
:1014700044463200564604E00832103C102C00DC92
:101480007DE248461031013315605060B9607B60E1
:10149000072BF1DD3A003100079802F075FB0028B8
:1014A00000D0BBE3B9687B6832AAE6E700230C935F
:1014B00032AB1293FFF7F8FA109B002B00DCAEE67C
:1014C000102B01DC00F05BFC2100744D1C00102689
:1014D0004A46119B05E00832103C102C00DC22E249
:1014E0000133103115605660B9607B60072BF2DD67
:1014F0003A005146079802F047FB002801D0FFF759
:101500003AFAB9687B6832AAE6E70D9A08CA0D92E2
:10151000EA0606D46A0604D51BB20E93DB170F93B6
:1015200007E50E93DB170F930F9B002B00DB04E501
:101530000E990F9A00244B4294410E930F942D2341
:1015400016AAD3779846FBE40E9300230F93FFF778
:101550006EFA01210998014200D01EE612987160CE
:101560003060BC607B60072B03DC931C0C9310364F
:1015700055E63A005146079802F006FB002801D0D4
:10158000FFF7F9F97B68BC6801330C9332AB34AEDA
:10159000994644E6302B00D113E23023023A13700F
:1015A00032AB9B1A0C931292FFF77EFA3A00514627
:1015B000079802F0E9FA002801D0FFF7DCF916AB32
:1015C000DB7FBC68984632AEFFF7CCFA3A00514652
:1015D000079802F0D9FA002801D0FFF7CCF9BC68CF
:1015E00032AE1F9B189A934248DB099AD20745D422
:1015F0001899159ACB1A8A1A1D00934200DD15001E
:10160000002D0EDD1599129A8C46624432607A687C
:10161000641901327560BC607A60072A00DD63E1FD
:101620000836EA43D21715405B1B9846002B01DCB5
:10163000FFF70CFB42467B68184D102A54DD102240
:1016400091462200444603E00836103C102C49DD48
:1016500049461032013335607160BA607B60072BF8
:10166000F2DD3A005146079802F08EFA002801D0C8
:10167000FFF781F9BA687B6832AEE6E71A9A326002
:10168000199A944672607A6864440132BC607A6048
:10169000072A00DD09E20836AAE7C04618650110EE
:1016A0003A005146079802F06FFA002801D0FFF780
:1016B00062F932AABC687B68914677E53A005146E8
:1016C000079802F061FA002801D0FFF754F97B680F
:1016D000BC68984632AB99467AE5012B01D0FFF7FA
:1016E0005CFB3BE4A04614004246444401333560B1
:1016F0007260BC607B60072B01DCFFF7A6FA9BE5FC
:101700003A005146079802F03FFA002801D0FFF74F
:1017100032F9BC6832AEFFF74EFAEA0606D46A0622
:1017200004D56A46128D1A80FFF79BF80A9A1A6050
:10173000FFF797F81698179902000B00F1F77EFC57
:10174000002800D0E4E22023139A9A4313000C925D
:101750004A46013200D1D6E0472B00D1BEE18023BA
:101760005B002B430993179B002B00DABDE1169A0F
:101770000893002390461093139B662B00D1C0E181
:10178000462B00D12CE20C9B452B00D1F1E123AB81
:10179000049320AB03931FAB02934B4601930223A8
:1017A000424600930798089B00F08EFD139B129011
:1017B000672B00D030E3129B1A004A441400EA075A
:1017C00000D404E10023002240460899EEF7F4FF1C
:1017D0002300002809D1239B3021A34205D25A1CA3
:1017E00023921970239B9C42F9D8129A9B1A189342
:1017F0001F9B15930C9B472B00D1F0E0139B662B8E
:1018000000D0F4E0159B002B00DCAFE24B46002B30
:1018100000D08AE2EB0700D587E2159B08930C9372
:10182000109B002B00D024E116ABDB7F98460023F1
:101830009946FFF741F9E04B0134336001237360AF
:101840007B68BC6001337B60072B40DC08360029D5
:1018500007D1189B002B04D1099BDB0701D4FFF7AC
:10186000F5F91A9B3360199B9C4673607B6864444E
:101870000133BC607B60072B00DD6CE13200083275
:10188000002900DACDE112990133116018997B60CB
:101890008C4664445160BC60072B00DDCCE4083208
:1018A0001600FFF7D3F93A005146079802F06CF999
:1018B000002801D0FFF75FF832AEE2E4BC68FFF722
:1018C000C5F92D2316AAD3779846FFF788FB3A006F
:1018D0005146079802F058F9002801D0FFF74BF85D
:1018E0001F99BC6832AEB2E73A005146079802F041
:1018F0004BF9002801D0FFF73EF8189B1F9ABC68EF
:101900009B1A32AE8DE60623994628E716ABDB7F9D
:101910000D9498464B4608930C93002309959946DD
:101920001593FFF7C9F801330C93130010949146F7
:101930000C0008334A461560109A494694464A609E
:101940000C9A6444BC607A60072A00DD11E61E0030
:1019500001320C920836994661E4634601321D4318
:101960001378FEF7B7FF3A005146079802F00CF9DA
:10197000002801D0FEF7FFFFBC6832AE99E4A04614
:10198000B2460C0016004246444401333560726092
:10199000BC607B60072B00DD18E6083621E64B466D
:1019A0000893062B01D906230893089B0D940C93EA
:1019B0000023984699461593804B09951293FFF79B
:1019C00081F8129A32AB9B1A0C93FFF76DF8239AA9
:1019D000D31A18931F9B15930C9B472B07D1159B6C
:1019E000DA1C01DB99454CDA139B023B13932C2242
:1019F000159B4C215C1E16AB9B186A465218127838
:101A00001F941A70002C00DAA7E12D212B2316AAAF
:101A100052181370092C00DD2FE12E21302316AA55
:101A2000521813702F2216AB9B1830341C7022AB47
:101A300021AA9B1A189A9C46110061441B930C9191
:101A4000012A00DC7EE1199B0C9A9C466244D34338
:101A5000DB170C921A40002308921593E0E6584BCE
:101A60001293FFF7C3FA1298FDF782FB0200FFF70B
:101A700066F92D2316AAD377984600239946FFF7D7
:101A80001EF8159B18998B4200DA9BE0EA0700D4F8
:101A900034E1199B159A9C4662440C92D343DB17A0
:101AA0001A40672308921393BAE63A005146079802
:101AB00002F06AF8002801D0FEF75DFF1F9BBC68AA
:101AC00032AE95E53A005146079802F05DF80028DD
:101AD00001D0FEF750FFBC6832AEB7E44B46002B96
:101AE00000D03CE60123994639E68022169B179CDC
:101AF0001206984694462300634408932D231093BE
:101B00003AE623AB049320AB03931FAB02934B46FF
:101B100001930323424600930798089B00F0D4FBEF
:101B200003004B441C004B4612901193129B1B78F0
:101B3000302B02D01F9BE41844E6002200234046CD
:101B40000899EEF739FE0028F4D10123119A9B1A67
:101B50001F93E41836E63A005146079802F014F84D
:101B6000002801D0FEF707FF1F99BC687B6832AAE6
:101B700086E64B465A1C23AB049320AB03931FAB62
:101B8000029302231192019200934246089B079808
:101B900000F09AFB1290139B472B00D012E1EB0749
:101BA00000D408E1119A129B944663441C00139BD5
:101BB000462BBBD006E6C04604650110FC6401104C
:101BC000C8640110199B189A9C46159B62440C929C
:101BD000002B00DD62E7159A0C9B981A421C5CE70B
:101BE00023AB049320AB03931FAB02934B460193AB
:101BF0000323424600930798089B00F065FB4B4681
:101C000012901193CEE73A005146079801F0BCFFBD
:101C1000002801D1FFF772F8FEF7AEFEB346FEF7DB
:101C2000ABFE4E42824D10311CDA1021884603E093
:101C30000832103E102E15DD414610340133156078
:101C40005160BC607B60072BF2DD3A00514607987B
:101C500001F09AFF002801D0FEF78DFEBC687B687A
:101C600032AAE6E7A419013315605660BC607B60B8
:101C7000072B00DD92E0083205E616AA3B239446C6
:101C80006344B146A8461E0000E02E0020000A2151
:101C9000EEF764FD751E3031297020000A21EEF741
:101CA00077FC04000928F0DC32002B0016A94E4610
:101CB0004546914698468C4613003B223034E4B2A8
:101CC000023B62441C709A4200D890E03B234A4693
:101CD00063449A1A012348465B4201E0C45C013325
:101CE00021A9C918CC709A42F8D116A98C462E2287
:101CF000434662449446FB1A634499E61A00DB4368
:101D00001100DB171940672308910C92139387E5A4
:101D1000179B002B3ADB16ABDB7F9846139B472BB8
:101D200030DC444B1293FFF761F9199A159B9446E6
:101D30006344180002004A44D343DB170C921A4054
:101D400008926DE501232B40159300D07BE6CB4331
:101D50000A00DB171A40089262E50124159B16AAB7
:101D6000E41A2D231F395218137053E64B46002BEB
:101D700011D1EB070FD4012308930C9350E53300E6
:101D80002B4DD7E52C4B1293FFF730F92D2316AAD4
:101D9000D3779846C2E7199B581CCBE73A005146C7
:101DA000079801F0F1FE002801D0FEF7E4FDBC68C1
:101DB0007B6832AA67E5239B129A9B1A18931F9B94
:101DC00015930CE6129A119B944663441C00F9E4A7
:101DD0000D9B0899181D1B689946002B02DA0123F8
:101DE0005B42994653780D905A46FEF773FD16AA4A
:101DF0002E23944663441BE616ABDC77FFF73CF8D2
:101E000016ABDC77FFF783F816ABDC77FFF735F915
:101E100016ABDC77FFF7B6F84B461193BBE616AB73
:101E2000DC77FEF7F2FD16ABDC77FFF77AF9C046F8
:0C1E300018650110CC640110D064011092
:101E3C00F0B5150002221E4C1F008B89A54493435C
:101E4C006A4693814B6E06001993CB8916A8D381F1
:101E5C00CB690C0007934B6A09931AAB009304935C
:101E6C008023DB000293059300230693FCF73AFAD8
:101E7C002A003B0069463000FEF79CFC051E0EDA7A
:101E8C006B469B895B0603D54022A3891343A38130
:101E9C001698FCF729FA2800064B9D44F0BD6946BC
:101EAC003000FBF7BBFB0028EAD001256D42E7E7C9
:081EBC0094FBFFFF6C04000021
:101EC40010B50B000349020008688168FEF776FC30
:081ED40010BDC046700700209C
:101EDC0030B504009BB01800002A2DDB82236D4620
:101EEC009B00AB8100910491002A13D00123013A8D
:101EFC005B4202920592EB8102001E9B6946200018
:101F0C00FDF77EF9431C01DA8B2323600023009A32
:101F1C0013700CE001235B4202920592EB810200EC
:101F2C001E9B69462000FDF76BF9431C01DB1BB0BF
:101F3C0030BD8B232360FAE78B23012023604042C2
:041F4C00F5E7C046AF
:101F500010B50400054882B00068009313000A0021
:101F60002100FFF7BBFF02B010BDC0467007002084
:101F7000F8B506000D001400002802D0836B002B7A
:101F80004BD0A369A3600C23E25E91B20B071FD56F
:101F90002369002B1CD0FF20EFB205408020800178
:101FA000014226D022686169D31A99422CDD01339F
:101FB000A1680139A160511C2160177062699A42C1
:101FC0002ED0A389DB0701D50A2D29D02800F8BD22
:101FD0002100300000F052F8002827D1FF20EFB296
:101FE000054080200C23E25E800191B2236901420A
:101FF000D8D10243616EA2810E4A0A4062666169CD
:102000002268D31A9942D2DC21003000FBF70CFB86
:1020100000280BD122680123CAE7FBF78BFBB0E74E
:1020200021003000FBF700FB0028CFD001256D42D6
:08203000CCE7C046FFDFFFFF13
:10203800002904D0FF2A04D801200A707047002024
:0C204800FCE78A23036001204042F7E718
:1020540070B50500080011000022064C22601A0029
:10206400F8F756FF431C00D070BD2368002BFBD04B
:082074002B60F9E788890220C6
:10207C00334B70B5050018680C00002802D0836B38
:10208C00002B3DD00C23E25E93B219070DD52169CC
:10209C00002915D0DA0722D50023A360636900203C
:1020AC005B42A361002922D070BDD90640D55B07E5
:1020BC0029D4216908231343A3819BB20029E9D1B8
:1020CC00A0228020920080001A408242E2D021009F
:1020DC002800FCF73FF9A3892169DA07DCD4002238
:1020EC009B0700D46269A26000200029DCD10C227D
:1020FC00A35E1A06D8D540221343A3810138D3E737
:10210C00FBF712FBBEE7216B00290AD023004033FA
:10211C00994204D02800F8F7C1FA0C23E25E0023A0
:10212C00236324239A430023216963602160C1E760
:10213C0009232B60402301201A43A2814042B3E7BC
:04214C0070070020F8
:10215000002370B5064C050008002360F8F76CFEFC
:10216000431C00D070BD2368002BFBD02B60F9E727
:042170008889022038
:10217400F0B5454680465746DE464E464346E0B5F2
:102184001B690D6985B00F000020AB4200DA92E0B4
:1021940014239C468C446246013DAB000292D6183F
:1021A400142242449146994433680192591C4B4687
:1021B4001868EEF761F9041E46D0029A002392468D
:1021C400002001994A46A446B1465446BB46AA4655
:1021D40006000D001F000392634604CC1004000C9B
:1021E4005843120C5A43C019030CD2182B6800042C
:1021F4001904090C8919170C000C1204091A120C81
:102204001B0C9B1A0A149B1809041E14090C1B04AA
:10221400194302C5A145DFD2039B4E4699461B686C
:10222400644655465F46002B0ED14B46019A043B4B
:102234009A4204D306E0043B013D9A4202D2196853
:102244000029F8D043461D613900404601F0B0FA38
:1022540000282FDB029B01340020A4461900019FB3
:102264003B6810C91A04120C10182204120C821AAA
:102274001B0C200C1B1A10141B1812041814120C1B
:102284001B04134308C78E42EAD2019A644694465B
:10229400AB006344196800290CD1043B9A4204D36F
:1022A40006E0043B013D9A4202D219680029F8D0A5
:1022B40043461D61200005B03CBC90469946A246A9
:0422C400AB46F0BD78
:1022C800F0B557464E46DE464546E0B516001F00B7
:1022D800016C9DB0040002960397002908D00123E1
:1022E800426C93404A608B6001F03CF80023236401
:1022F8003D1E00DAB8E10023299A13602A00CC4B6E
:102308001A409A4200D1BBE1029E039F002200239B
:1023180030003900EEF74CFA002813D00123289A30
:1023280013602A9B002B00D1D4E1C24B2A9A136078
:10233800013B9A4650461DB03CBC90469946A24681
:10234800AB46F0BD1AAB01931BAB009332003B00C8
:10235800200001F0D7FA2B0D834600D0ADE11A9B7F
:1023680098461B9B43441E00B34BF318202B01DCFB
:1023780000F096FC4022D31A9D40B04B0298F31807
:10238800D8402843F0F7E2FE0123AD4D16934919D2
:10239800751E0022AB4BF0F705FBAB4AAB4BF0F7D1
:1023A8008FF8AB4AAB4BEFF765F9060028000F0032
:1023B800F0F792FEA84AA94BF0F782F802000B004A
:1023C80030003900EFF756F906000F00F0F74EFE1F
:1023D80000220690002330003900EEF7EFF90028BC
:1023E8000DD0069B18009946F0F776FE3B003200A8
:1023F800EEF7DEF9434258414B461B1A0693012378
:10240800069E0A93162E10D89549F300C918086835
:102418004968029A039BEEF7E5F9002801D100F01C
:1024280045FC0023013E06960A9343465D1B0023A4
:1024380004932B00013B984604D501235B1B0493AE
:1024480000239846069B002B00DA8AE29C460993F3
:1024580000239946E044269B092B00D93DE101263B
:10246800052B02DD0026043B2693269B032B01D176
:1024780000F043FD01DC00F0F9FC269B042B01D1A0
:1024880000F06EFC01230893269B052B01D000F079
:10249800F3FC279A069B944663440B9301330793F6
:1024A8001F1E00DC01270023079D63640021172FEE
:1024B80000DC20E1012204335B0018001430110015
:1024C8000132B842F8D96164200000F023FF824647
:1024D80020640E2D00D816E11B9B002B00DA22E2A7
:1024E800069A0E2A00DD1EE25D4BD2009B181A6880
:1024F8005B6804920593279B002B01DA00F03BFCF4
:10250800029E039F049A059B30003900EFF7CEFB2B
:10251800F0F7ACFD8146F0F7DFFD049A059BEFF775
:10252800CFFF02000B0030003900F0F73BFA5346AA
:102538005D1C4B46524630331370079B06000F0054
:10254800012B45D00022474BEFF7BAFF00220023AA
:1025580006000F00EEF72CF9002800D069E30222EC
:10256800079B5244534402931500A1460EE00022F3
:102578003C4BEFF7A5FF0022002306000F000135B2
:10258800EEF716F9002801D000F0C2FC049A059B6A
:1025980030003900EFF78AFBF0F768FD0400F0F728
:1025A8009BFD049A059BEFF78BFF02000B003000A0
:1025B8003900F0F7F7F922006B1E30321A70029BCF
:1025C80006000F00A846AB42D1D14B46A1461C00DD
:1025D80032003B0030003900EFF74CF8049A059BB5
:1025E80006000F00EEF7FEF800280CD1049A059BB0
:1025F80030003900EEF7DCF8002800D119E34B462B
:10260800DB0700D415E36B1E1978504607E09842A3
:1026180001D100F002FD023D29781D00013B1A009E
:102628003929F4D082460291029E0136167000E3E1
:102638000000F07F39650110320400001204000028
:10264800000010FE0000F83F61436F63A787D23F88
:10265800B3C8608B288AC63FFB799F501344D33F89
:1026680068650110000024400123299A7D006D0847
:1026780013602A00BF4B03951A409A4200D043E6E4
:10268800BD4B289A1360029B002B0CD12D030AD155
:102698002A9B002B01D100F0ABFDB84B9A460833BA
:1026A8002A9A136046E62A9B002B02D1B44B9A461D
:1026B80040E6B34B9A460333F2E73A03B14D120BA7
:1026C8001543B14A29009D181A9B300098460023EB
:1026D80016935EE6AD4B9A462CE6012500230122AF
:1026E80001266D422693089207952793002300211F
:1026F8006364079B0B93200000F00CFE8246206465
:102708000E2D00D9E8E6002E00D1E5E6029A039BDB
:10271800069F0E920F93002F00DC52E30F213B001F
:102728000B40DA009A4B9B181D685E680C950D9655
:102738003D11EB0601D400F008FC964B0D401A6AD7
:102748005B6A0E980F99EFF7B1FA03231090119175
:102758000293002D18D00C980D99230001274C46A0
:1027680099468C4E2F4206D0029B01330293326861
:102778007368EFF7A5FE6D100836002DF2D14B46B1
:10278800A1461C000C900D910C9A0D9B1098119964
:10279800EFF78CFA0C900D910A9B002B09D00C983E
:1027A8000D990022774BEEF709F8002801D000F0C8
:1027B80082FC0298F0F790FC0C9A0D9BEFF780FED4
:1027C800754B0022EEF756FF744B0500CE18079B99
:1027D800002B00D16FE3069B1893079B10930C986E
:1027E8000D99F0F743FC129513960600109D684B5F
:1027F8006A1ED2009B18303619685A68F3B25646DA
:1028080001361491159202931796F0F765FC0200B1
:102818000B000C980D99F0F7C5F8149A159B060053
:1028280008980F00002800D1ADE300205C49EFF7BD
:102838003DFA129A139BF0F7B5F86B4652461B7A8D
:102848000C900D91137032003B00EDF7CBFF002880
:1028580001D000F0BDFC32003B0000204949F0F7F0
:10286800A1F80C9A0D9BEDF7A9FF002801D000F004
:10287800B1FC012D00D178E34A46149242461992E0
:102888005A46179B554402951294109299460C9CEF
:102898000D9DD34612E032003B0000203949F0F785
:1028A80081F822002B00EDF789FF002801D000F005
:1028B80065FC029BD146534500D14EE30022394BBB
:1028C80020002900EFF7FCFD0022364B04000D0024
:1028D80030003900EFF7F4FD0F000600F0F7C6FBF3
:1028E8008046F0F7F9FB02000B0030003900F0F7E2
:1028F80059F801234B449A4643463033DBB2984695
:102908004B4642461A7022002B0006000F00EDF7D6
:1029180055FF0028BFD0109B5546DA469B46189BAA
:10292800129C069385E1089A002A3DD0269A012A2E
:1029380000DC05E2079B5D1E4B46A94500DAEAE28A
:102948005D1B079B002B00DA15E39C46049AE044C4
:102958001700624404920121200000F09DFD06004A
:1029680025E0049A069BD21A5B42994600230492FA
:10297800099370E50000F07F0F270000286501101B
:10298800346501100000F03F01FCFFFF38650110BD
:10299800686501104065011000001C400000C0FC83
:1029A8000000E03F000024404D460026049F002F11
:1029B8000DDD4346002B0ADD3B00474500DD92E173
:1029C800049AFF1AD21A04924246D31A98464B46E2
:1029D800002B0ED0089B002B05D04B465B1B99465D
:1029E800002D00D081E159464A46200000F01AFE29
:1029F80083460121200000F04FFD099A8146002AF4
:102A080000D037E1269B012B00DC53E101231F2076
:102A18004344184000D12BE120231B1A042B00DC6F
:102A2800E0E31C23181A049B3F189C468444634621
:102A380080440493049B002B05DD59461A002000AE
:102A480000F050FE83464346002B05DD49464246CA
:102A5800200000F047FE81460A9B002B7AD1079B95
:102A6800002B00DCF5E1089B002B00D190E0002F43
:102A780000DD50E1099B0496002B00D0D0E1079AB5
:102A880053469446013B9C44634608930123029AAB
:102A98005D461A405346D046CB4607920A9359469C
:102AA8002800FFF763FB030009903033310028004A
:102AB800029300F07BFE049A07005946200000F0BC
:102AC8008FFEC3688146002B00D0CEE001002800AD
:102AD80000F06CFE82464946200000F043FC524656
:102AE800269B134303D1079B002B00D125E3002F1E
:102AF80000DA19E2269B1F4303D1079B002B00D164
:102B080012E243465F1C5346002B00DDA2E26A46F0
:102B18004346127A1A70089B434500D1A9E2002364
:102B280029000A22200000F027FC049B05009E4291
:102B380000D190E0310000230A22200000F01CFCA4
:102B4800002306000A220499200000F015FCB8466C
:102B58000490A4E74946584600F028FE002800DB08
:102B68007DE7069B5946013B06930A220023200075
:102B780000F002FC089B8346002B00D012E30B9B5D
:102B8800002B04DC269B022B00DD35E30B9B07930F
:102B9800079B5746984623005C46B3464E469946DF
:102BA80007E0210000230A22484600F0E5FB2F0039
:102BB800040031002000FFF7D9FA534630307D1C5D
:102BC8003870EB1A4345ECDB4B460027B1465E46AE
:102BD800A3461C00029001225946200000F082FD05
:102BE8004946834600F0E2FD6B1E1A78002800DC97
:102BF80098E0514606E0994200D182E1023D2A78E8
:102C08001D00013B392AF6D08A4601321A7049461E
:102C1800200000F0A7FB002E0BD0002F05D0B742F4
:102C280003D03900200000F09DFB3100200000F0A7
:102C380099FB5946200000F095FB00232B70069B5A
:102C4800289A013313602A9B002B01D1FFF772FBEE
:102C58001D60FFF76FFB310000230A22200000F0FF
:102C68008BFBB8460600049019E701239A4632E721
:102C78001C20D8E60100200000F0D4FC269B8146E9
:102C8800012B00DCE0E0002309934B461B6903336A
:102C98009B004B44586800F0B5FB20231B1AB6E68E
:102CA80020220298D31A9840FFF76CFB00230A935E
:102CB800FFF7BBFB029B002B00D0A7E60298039905
:102CC80000220B0309D1DA4B0B4206D0049B0132D8
:102CD8000133049301239C46E044099B0992002B8D
:102CE80000D193E6D1E743466AE62A003100200086
:102CF80000F098FC5A4601000600200000F0D6FBC0
:102D080059460500200000F02DFB4B46AB46002B32
:102D180000D16EE667E631003A00200000F0E2FCE0
:102D28000600A7E6002808D10299C90700D560E780
:102D380003E0023D2A781D00013B302AF9D066E7FE
:102D4800169A002A00D19CE1BA4A94466344049A30
:102D5800984494469C4463464D4617000493FAE50C
:102D680001230893279B002B00DCC0E00B930793FB
:102D78001F00FFF798FB079B002B01DDFFF7C0FB47
:102D880000D0B0E0049805990022AB4BEFF798FB10
:102D9800029A039BEDF730FD002300269946002890
:102DA8005FD1534652465D1C31231370069B013395
:102DB80006934946200000F0D5FA002E00D034E7EB
:102DC80037E7069B002B00D16DE10E980F995D4205
:102DD8000F239A4A2B40DB00D3181A685B68EFF779
:102DE8006FFB2D110C900D91002D00D1ECE102220A
:102DF80000230127924E02922F4207D0029B0133F3
:102E0800029332687368EFF75BFB01236D10083695
:102E1800002DF1D1002B00D1BEE40C900D91BBE444
:102E28007168200000F076FA3100050033690C3132
:102E38009A1C92000C30FBF711FE01222900200099
:102E480000F050FC04901AE6029B002B00D135E7F5
:102E580019E7269B022B00DC05E6079B002B00D117
:102E680013E1279B5546DB430693A2E7002308930B
:102E7800269B022B00D175E7002300216364200004
:102E880000F048FA0023279301330893023B824657
:102E980020640B930793FFF71FFB0298F0F71CF9C8
:102EA8000C9A0D9BEFF70CFB664B0022EEF7E2FB4A
:102EB8000500654BCE1800220C980D995E4BEFF774
:102EC80071FD2A00330002900391EDF78BFC002876
:102ED80055D18021090673182A0002980399EDF745
:102EE8006DFC002841D0002300269946B9E701234C
:102EF800012507932793FFF7F9FB00230893FFF7B2
:102F0800C8FA069B8A460133069331230B707EE686
:102F180045464C468DE6EE1A099BA9469C46B444A4
:102F28006346002509930CE50A9A534692464246A1
:102F3800D946AB46551C002B00DDE3E06A46434604
:102F4800127A37001A70049E61E60E9A0F9B10924F
:102F5800119302230293FFF7FCFB149BDA46994670
:102F6800199B129C9846109B9B460E9A0F9B0292A7
:102F78000393FFF7B1FA049B079A9F1AEBE4002327
:102F8800002699460DE712981399EFF799FA6A46C1
:102F98005346127A0C900D911A70109B179D012BB5
:102FA80027D0109B534402934B46C146A0462C00A1
:102FB80010930022254B30003900EFF781FA0F00FB
:102FC8000600F0F753F80500F0F786F80B0002004A
:102FD80039003000EFF7E6FC3035029B25700134EC
:102FE80006000F00A342E4D1109B4446C846994608
:102FF800029D00220C980D99154BEEF73BFB320011
:103008003B00EDF7DBFB002800D1A2E0189A6B1E0D
:10301800197806925046FFF702FB069B8246013359
:1030280006933023020003700293FFF7FDFAC046AF
:103038000000F07F330400000000144068650110B0
:103048004065011000001C400000C0FC0000244046
:103058000000E03F0A9BD9469A46029BAB463D00DA
:10306800392B61D04246029B370001331370049E0E
:10307800CDE50A9BD9469A46AB463D003700049EEB
:10308800A9E536231A9A9B1A61E6494605222000CB
:1030980000F072F981460100584600F087FB0028CD
:1030A80000DD7EE6DDE60E9A0F9B0C920D9302235F
:1030B8000293FFF771FB079B002B00D1EDE60B9FF6
:1030C800002F00DC51E70C980D99069B0022013B6C
:1030D80018934B4BEFF7F4F905000E0002980C9586
:1030E8000D960130EFF7F8FF2A003300EFF7E8F903
:1030F800444B0022EEF7BEFA434B0500CE1810975A
:10310800FFF76DFB59460122200000F0EBFA494613
:10311800834600F04BFB00283CDD029B392B03D093
:10312800099B3133029309E739234246370013706C
:10313800049E39226B1E514664E50A9BD9469A467D
:103148004346AB465D1C029B392BEDD0002FE7DCD4
:10315800F4E60C9A0D9B00202C49EFF723FC320073
:103168003B00EDF73FFB002801D1FEE61D006B1E7A
:103178001A78302AFAD0189B06935AE55546DA464B
:10318800109A4B469346189A4146129C069250460E
:10319800FFF745FA002800D0D0E6029BDB0700D4F1
:1031A800CCE6BAE7002331000A22200000F0E4F858
:1031B8000B9B0600002B01DD079358E4269B022B8E
:1031C8001ADC0B9B079352E402230293FFF7E4FAFD
:1031D800179DD0E7189B179D0693029953465046B2
:1031E800FFF71DFA042B00D124E43C23181A1AE433
:1031F800074B9A46FFF79EF80B9B07932DE6C046B0
:103208000000244000001C400000C0FC0000E03F1B
:043218002865011014
:10321C00F0B5D6464F4646460B78C0B5722B3FD01C
:10322C00772B37D0612B07D01623036000201CBCF2
:10323C0090469946A246F0BD822384209B009A4674
:10324C000124400080235B02994680231B01984691
:10325C001C2310279C460326022501310B78002BDA
:10326C000ED0622B13D0782B0ED02B2BF5D16346BE
:10327C00013198430B78B44338432C43002BF0D1E5
:10328C0053461C431460D2E743461C43E5E74B46C8
:10329C001C43E2E7C023DB009A4601240820D1E757
:0C32AC00002300249A460420CCE7C04612
:1032B800002370B5064C050008002360F7F792FE5E
:1032C800431C00D070BD2368002BFBD02B60F9E7AE
:0432D80088890220BF
:1032DC00034B1B68586B002800D10248F030704734
:0832EC0070070020A00B002078
:1032F40070B50500080011000022064C22601A0077
:10330400F7F7DFFE431C00D070BD2368002BFBD011
:083314002B60F9E78889022013
:10331C0070B50400C06C0D0000280AD0AB00C318B7
:10332C00186800280FD002681A6000230361C3607C
:10333C0070BD212204212000F7F7F5F8E064002885
:10334C00ECD10020F4E70126AE40721D9200012161
:10335C002000F7F7E8F80028F3D045608660E4E732
:10336C00002906D04B689A00C36C9B181A680A6037
:04337C00196070471D
:10338000F8B5CE4647468146080080B50D000C6969
:103390001F0000211430036801311E04360C56430F
:1033A0001B0C5343F619370CDB1936041F0C360C73
:1033B0001B049B1908C08C42EDDC002F08D0AB68C1
:1033C000A3420ADD231D9B00EB1801345F602C61D2
:1033D00028000CBC90469946F8BD6B684846591CBD
:1033E000FFF79CFF29002B6980469A1C92000C3144
:1033F0000C30FBF737FB6B689A004B46DB6C9B1875
:0C3400001A682A601D604546DCE7C046E3
:10340C000300020C0020002A01D11B0410301A0EFC
:10341C0001D108301B021A0F01D104301B019A0F85
:10342C0001D102309B00002B02DB5B0001D5013087
:08343C0070472020FCE7C046A8
:1034440003685A0709D00022D90704D49A071ED565
:1034540001225B0803601000704719040022002950
:1034640001D11B0C1032FF21194201D108321B0A71
:10347400190701D104321B09990701D102329B08B3
:10348400D90702D45B0806D001320360E3E79B0846
:0C34940003600222DFE72022DDE7C046D3
:1034A00010B50C000121FFF739FF012344610361CE
:0434B00010BDC04645
:1034B400F0B557464E464546DE46E0B514690E69FA
:1034C40085B00F001500A64204DA33001700260069
:1034D4000D001C0033199846BB687968434500DA2F
:1034E4000131FFF719FF14220300944663449A46FE
:1034F40043469B0019005144029003918A4504D22B
:103504005346002204C39942FCD83B0014339C4622
:1035140001931423B2006244A4009C462300AC44EB
:10352400634400939C4562D2914608E0240C32D156
:1035340004239B46009BDC44DA44634557D9634625
:103544001C682604360CF1D0554600224C46019FD7
:1035540002CF28680B041B0C73430004000C1B18D7
:10356400994691442A680B0C100C4A464946734309
:10357400120C1B189B1809041A0C090C1B040B438E
:10358400AB4608C5BC42E3D85B465A606346A146D5
:103594001C68240CCCD0534600221B684946504674
:1035A4001E009146019D2A88360C624392194A44B2
:1035B4001B0416041B0C33434668036037043F0C9A
:1035C400B94608CD120C1B0C63434B449B181A0CD0
:1035D400834691460430A942E5D85F467B600423C4
:1035E4009B46009BDC448946DA446345A7D843469E
:1035F400002B0EDD039B043B1A68002A09D14246C6
:1036040003E0043B1968002902D1013A002AF8D1E9
:103614009046029B424618001A6105B03CBC904695
:083624009946A246AB46F0BD39
:10362C00F8B54746CE46032380B5884607001400FC
:10363C0013403AD1A410464626D0BD6C002D3DD087
:10364C00012346469846002399464346234208D117
:10365C00641019D0286800281BD00500434623426B
:10366C00F6D02A0031003800FFF71EFF002E1AD0CA
:10367C00FA6C736894469B0063441A686410326059
:10368C001E600600002CE5D130000CBC904699461B
:10369C00F8BD2A0029003800FFF706FF4B462860CA
:1036AC0003600500DAE70600D2E70B4A013B9B00FA
:1036BC009A580023FFF75EFE8046BBE701213800D5
:1036CC00FFF726FE054B0500436101230361002330
:1036DC00B8640360B4E7C0463066011071020000A4
:1036EC00F0B5DE4657464E464546E0B50D002B6913
:1036FC0056119B46B3445B465C1CAB6883B001908F
:10370C00170049689C4203DD01315B009C42FBDCE5
:10371C000198FFF7FDFD030084461433002E06DDEF
:10372C000022B100591804C39942FCD10B0029693D
:10373C002A008E001F21143239409619894600291F
:10374C0029D020214846091A8846002719004846E6
:10375C0013688A4683403B4308C1434680CADF4016
:10376C009642F4D853465F60002F01D05C46023479
:10377C0063466046013C1C616B689A00019BDB6CE4
:10378C009B181A682A601D6003B03CBC9046994691
:10379C00A246AB46F0BD02CA02C39642E8D902CAA1
:0837AC0002C39642F7D8E3E7DF
:1037B4000A69036930B50500981A12D192001435CC
:1037C4001431AB18891801E09D420AD2043B043934
:1037D4001C680A689442F7D09442804101239843BC
:0437E400013030BDC3
:1037E800F8B5454657464E461400DE46E0B50E008D
:1037F800250013690A698846D71A14361435002F2C
:1038080016D19B00F218EB1802E0B24200D86FE024
:10381800043A1168043B8C4619688C45F5D00AD2E5
:1038280033002E001D0043460127A0461C0002E07D
:10383800002FF5DB002743465968FFF76BFD434629
:1038480081461B69C7609C469800236982469B0095
:1038580098464F46B244A8441437002000E026009A
:1038680004CD34009346594608CC09041A04120CB6
:103878001218090C521A190C5B461B0CCB1A11149E
:103888005B1812041814120C1B04391D13433B60F7
:103898000F00A845E3D8A24515D908CC1A04120C84
:1038A800121815141B0C5B1912041814120C1B04A3
:1038B800134308C7A245F0D85246961B053EB608E2
:1038C8000136B60089190439002B07D101235B4260
:1038D800984604390B68C444002BF7D04B4662461F
:1038E8001A6148463CBC90469946A246AB46F8BD8C
:1038F8000021FFF70FFD0123036100238146436187
:04390800EFE7C046DF
:10390C00F0B501211C0083B01500089FFFF700FDE6
:10391C002303640006001B0B640D02D080225203AB
:10392C0013430193002D19D068460095FFF784FDD1
:10393C00002830D1009B019D7361B5616B1E9D41C8
:10394C0001353561002C14D0194B9C463523644449
:10395C002418181A099B3C60186019E001A8FFF79D
:10396C006BFD019B20307361012301253361002C19
:10397C00EAD1104B9C46104B6044EB189B00F3189B
:10398C0038605869FFF73CFD6D01099B281A1860D7
:10399C00300003B0F0BD019D20232A001B1A9A4071
:1039AC001300C540009A019513437361C5E7C046E7
:0C39BC00CDFBFFFFCEFBFFFFFFFFFF3F36
:1039C80070B50500080011000022064C22601A009C
:1039D800F7F70CFB431C00D070BD2368002BFBD00D
:0839E8002B60F9E78889022039
:1039F000F0B557464E46DE464546E0B5936883B07F
:103A000001900E009246002B6CD0136808688D68F8
:103A10001F0044E09022B389D20013422ED03169B6
:103A2000421A9346706942001218D00F8218601C27
:103A3000521058449046904201D98046020080209E
:103A4000C000034237D011000198F6F7DDFD051ED6
:103A500053D05A463169FBF705F8B389294A134018
:103A600080221343B381434628005A463561A0465D
:103A70002500584473619B1A3060B3604246494642
:103A8000FBF734F8B3685D1B3368B56043443360BB
:103A9000180053469B681C1B53469C6022D03B6811
:103AA0007C6899460837A846002CF8D0AC42B1D2C1
:103AB0002500A046E2E70198F6F710FD051ED2D1D9
:103AC000019C31692000F6F7EFFD0C2323604022B2
:103AD000B38901201343B3815246002340429360CF
:103AE000536003E0002352460020536003B03CBC07
:103AF00090469946A246AB46F0BD0C23019A13604E
:083B0000E5E7C0467FFBFFFF73
:103B0800F8B54E464546DE4657464B6EE0B580460C
:103B18000E0091469B0430D513689A469368002B93
:103B280029D05246146852689346970818D0002541
:103B380003E001350434AF4210D03200216840461A
:103B480000F072F8431CF4D14A4600239360536096
:103B58003CBC90469946A246AB46F8BD4B469B688E
:103B68005A4603218A439B1A4A4693600822944680
:103B7800E244002BD5D10020E6E7FAF7BDF9E3E7E8
:103B8800936810B5002B02D0FFF7BAFF10BD536041
:043B98000020FBE727
:103B9C00F0B5CE46474680B583B0814688461400C2
:103BAC00FAF792FB012803D14346013BFE2B2ED999
:103BBC00230001AF5C3342463900484600F060F800
:103BCC000600431C29D000281FD03978002507E0B7
:103BDC0023685A1C226019700135B54215D2795DE3
:103BEC00A368013BA360002BF2DAA269934201DBCC
:103BFC000A29EDD122004846FEF7B4F9431CEBD15B
:103C0C0003B00CBC90469946F0BD4046F8E74346DD
:103C1C0001AFD9B239700126D8E74022A3891343EA
:043C2C00A381EDE79C
:103C300070B514000C23D25E636E0E00050091B2C5
:103C4000DB0701D48B051AD580239B01194204D1CF
:103C50001A43A281626E134363662800220031007A
:103C6000FFF79CFF636E0500DB0702D4A3899B0569
:103C700001D5280070BDA06DFAF740FBF9E7A06DF3
:0C3C8000FAF73AFB0C23E25E91B2DDE79C
:103C8C0070B51D00124B84B01B6804005B6B0029DF
:103C9C000CD0002B08D0E0201E582B002000B04781
:103CAC00431C0ED004B070BD0A4BF4E7002B0DD0B2
:103CBC00E02201A99E5820002B000022B047431C93
:103CCC00F0D100232B608A332360EBE7014BEFE745
:083CDC0070070020A00B00207E
:103CE40058220120014B40421A6070478889022003
:103CF40058220120014B40421A60704788890220F3
:103D0400AA500050AAF100F1AAFEEE10AAF200F2A5
:103D1400AAFEFF01020000000300000004000000EE
:103D24000500000006000000070000000800000075
:103D3400090000000E000000000000000000000068
:103D4400000000000000000000000000000000006F
:103D5400000000000000000000000000000000005F
:103D6400000000000000000000000000000000004F
:103D740005000000E8030000050000000CA7002077
:103D8400100000000000000000000000000000001F
:103D9400000000000000000000000000000000001F
:103DA400000000000000000000000000000000000F
:103DB40000000000000000000000000000000000FF
:103DC40000000000001000005845011034450110A7
:103DD400DD740010BD740010E44201100400000002
:103DE4000F4301100B000000ACA800201C000000D1
:103DF4000A0D0010460C00106A0C0010080C00108C
:103E04006A0C0010E60C00106A0C0010080C00107C
:103E1400460C0010460C0010E60C0010080C0010B4
:103E24003C0D00103C0D00103C0D0010F20C001075
:103E3400460C0010460C00106A0C0010060C001012
:103E44006A0C0010E60C00106A0C0010060C00103E
:103E5400460C0010460C0010E60C0010060C001076
:103E64003C0D00103C0D00103C0D0010F00C001037
:103E740034100010DE0F0010DE0F00100C110010C3
:103E8400DA0F0010DA0F0010021100100C110010EC
:103E9400DA0F001002110010DA0F00100C110010DC
:103EA4001011001010110010101100101811001042
:103EB400581F0010CA1D00100E1E0010721D0010A5
:103EC4000E1E0010FE1E00100E1E0010721D0010AB
:103ED400CA1D0010CA1D0010FE1E0010721D001025
:103EE4006A1D00106A1D00106A1D00100C1F0010CE
:103EF400802600108225001082250010A0280010C2
:103F04007C2500107C25001088280010A0280010B3
:103F14007C250010882800107C250010A0280010A3
:103F2400962800109628001096280010A428001047
:0C3F34001D3B00105F3900105D390010CB
:103F40000000000000000000993B0010253C00101C
:103F500077390010CD390010253D0010353E001096
:103F60009D3D0010893A00107D390010E93900109C
:043F7000353B0010CD
:103F74005261737062657272795069205069636F1F
:013F8400003C
:103F880000000000000000006D3F0010893F001095
:103F980055990010558D0010F9890010F18A00100C
:103FA800559A0010E9850010EB850010498700102C
:103FB80049870010698600107D400010A14100105B
:103FC80039860010653F00104D41001079410010FE
:103FD8005186001009410010213F0010253F0010B4
:103FE800273F0010293F0010453F0010A13F001057
:103FF800E53F0010214000104D4000105B430010C9
:08400800634300106B4300103C
:104010001003410072006400750069006E006F00BB
:104020000000000000000000BD450010D145001058
:08403000154B00102F82001057
:104038000000000000000000E5450010F9450010F0
:084048005B4C00102F820010F8
:10405000000000000000000095450010A945001078
:08406000794300102F820010CB
:0C406800A14700105F3900105D39001006
:074074008025000000000898
:04407C00FFFFFFFF44
:0E4080005F72785F73697A65203D3D203000E5
:10408E005F74785F6C6973742E656D70747928290E
:10409E00005F72785F6C6973742E656D7074792829
:0240AE002900E7
:1040B000433A5C55736572735C6B616C69625C4119
:1040C0007070446174615C4C6F63616C5C417264DC
:1040D00075696E6F31355C7061636B616765735CC8
:1040E00061726475696E6F5C686172647761726534
:1040F0005C6D6265645C332E332E305C636F726579
:10410000735C61726475696E6F5C5553425C5553A4
:10411000424344432E637070007265736F6C766522
:0A412000722E76616C696428290094
:10412C000000000000000000954300103D49001005
:10413C004F4900106749001081460010B947001024
:10414C008B4500100D460010814300108743001072
:10415C0041450010754500108D430010734300104D
:08416C007543001077430010B9
:104174001603430044004300200044004500560059
:0641840049004300450064
:0C418C00754E00105F3900105D39001006
:0C419800154D00105F3900105D3900105B
:0741A40055534265767400DB
:1041AC000000000000000000954300103D49001085
:1041BC004F4900106749001081460010B9470010A4
:1041CC008B4500100D4600108143001087430010F2
:1041DC008D4E0010114F00108D430010F14D00104A
:1041EC002B4E001077430010854D0010B94D001078
:1041FC0045500010ED4C00100D4D0010ED3C001022
:10420C00513D0010DD3D0010114D0010653B0010BC
:10421C00DD3B00101D4D0010D8FEFFFF000000001C
:10422C00E14E0010414F0010D7A20010A1A20010C7
:10423C0009A300109DA200109DA200109DA20010C9
:10424C009DA200100DA300109DA20010C14C0010E7
:10425C00C74C0010D14C0010D54C0010DB4C00109A
:10426C00E14C0010E54C0010A14D0010D94D001090
:10427C00E74C0010E94C0010D4FEFFFF00000000DA
:10428C00F94E0010294F0010C0FEFFFF0000000087
:10429C00833B00100F3C001077390010134D0010B9
:1042AC000D3D00101F3E0010853D001031510010D7
:0C42BC00F74C00100F4D00102D4D0010AD
:0C42C8000000000000000000AB510010DE
:0B42D4005254582056352E352E330072
:0442E00000000000DA
:1042E40000000000000000004CA700203400000083
:0842F40080A70020500000002B
:1042FC007274785F74696D6572007274785F69644A
:10430C006C650073696E676C65746F6E5F6D757448
:10431C006578004E6F7420616C6C6F7765642069F2
:10432C006E2049535220636F6E7465787400537914
:10433C007374656D206973206F7574206F66206DC2
:10434C00656D6F727900506172616D657465722074
:10435C006572726F72005265736F75726365206E51
:10436C006F7420617661696C61626C65004F706579
:10437C00726174696F6E206E6F7420636F6D706CF8
:10438C00657465642077697468696E20746865204B
:10439C0074696D656F757420706572696F64005512
:1043AC006E7370656369666965642052544F53205F
:1043BC006572726F7200666C6173685F6F666673AC
:1043CC00202B20636F756E74203C3D205049434F69
:1043DC005F464C4153485F53495A455F42595445D7
:1043EC0053002E2F6D6265642D6F732F746172678D
:1043FC006574732F5441524745545F524153504298
:10440C004552525950492F5441524745545F5250CE
:10441C00323034302F7069636F2D73646B2F727070
:10442C00325F636F6D6D6F6E2F686172647761724E
:10443C00655F666C6173682F666C6173682E6300D0
:10444C00636F6E6E6563745F696E7465726E616CBA
:10445C005F666C61736820262620666C6173685FEA
:10446C00657869745F78697020262620666C6173A4
:10447C00685F72616E67655F657261736520262681
:10448C0020666C6173685F666C7573685F636163EB
:10449C00686500636F6E6E6563745F696E746572D8
:1044AC006E616C5F666C61736820262620666C6199
:1044BC0073685F657869745F78697020262620665A
:1044CC006C6173685F72616E67655F70726F677243
:1044DC00616D20262620666C6173685F666C75734F
:1044EC00685F636163686500636F6E6E6563745FBC
:1044FC00696E7465726E616C5F666C6173682026A0
:10450C002620666C6173685F657869745F78697082
:10451C0020262620666C6173685F666C7573685F15
:06452C0063616368650095
:10453400FC42011000000000D0A70020440000004D
:1045440098930020000300002800000001000000F0
:044554000000000063
:10455800064301100000000014A8002044000000D9
:1045680098910020000200000100000001000000F6
:04457800000000003F
:10457C006D616C6C6F635F6D7574657800656E76DC
:07458C005F6D757465780096
:104593006D61696E00507265206D61696E2074688B
:1045A30072656164206E6F74206372656174656403
:1045B300004661696C656420746F20737461727462
:0645C3002052544F53008A
:0845C900556E6B6E6F776E00FA
:1045D100434D5349532D52544F53206572726F729C
:1045E1003A20537461636B206F766572666C6F77E6
:1045F10000434D5349532D52544F53206572726FEE
:10460100723A20495352205175657565206F766560
:1046110072666C6F7700434D5349532D52544F537B
:10462100206572726F723A20557365722054696DFC
:1046310065722043616C6C6261636B2051756575B5
:1046410065206F766572666C6F7700434D534953F1
:104651002D52544F53206572726F723A2053544455
:1046610020432F432B2B206C696272617279206C7D
:1046710069627370616365206E6F74206176616930
:104681006C61626C6500434D5349532D52544F5335
:10469100206572726F723A2053544420432F432B8A
:1046A1002B206C696272617279206D757465782056
:1046B100696E697469616C697A6174696F6E20668B
:1046C10061696C656400434D5349532D52544F53F6
:1046D100206572726F723A20556E6B6E6F776E0045
:1046E4001F4301103A430110524301106243011069
:0846F40079430110AB430110F2
:1046FC002E2F6D6265642D6F732F706C6174666FF5
:10470C00726D2F696E636C7564652F706C61746665
:10471C006F726D2F43616C6C6261636B2E6800620B
:0B472C006F6F6C282A74686973290005
:104737002E2F6D6265642D6F732F706C6174666FB9
:10474700726D2F696E636C7564652F706C6174662A
:104757006F726D2F53696E676C65746F6E507472EC
:104767002E680070203D3D207265696E7465727019
:104777007265745F636173743C54202A3E28265F18
:0647870064617461290069
:10478D002E2F6D6265642D6F732F6472697665725D
:10479D00732F736F757263652F53657269616C4208
:1047AD006173652E637070005F7374617469635F0C
:0F47BD0070696E6D6170203D3D204E554C4C0073
:1047CC000000000000000000797A0010797A0010D7
:0847DC007D7D0010E17D00105D
:1047E4000000000000000000797A0010797A0010BF
:1047F400198100103D81001061810010B581001005
:1048040077800010838000108F8000109780001044
:10481400E1800010FD8000109F8000108CFFFFFFDE
:10482400000000002D81001051810010DD81001076
:10483400A58100107D8000109B8000107380001003
:1048440093800010517900105F7900108980001066
:10485400C14C0010C74C0010D14C0010ED8000106A
:0C48640009810010D1800010E54C00100C
:104870002E2F6D6265642D6F732F64726976657279
:10488000732F7573622F736F757263652F41737920
:104890006E634F702E637070005F6C697374203D9F
:0748A0003D204E554C4C0079
:0E48A7005F77616974203D3D204E554C4C00FA
:1048B80000000000000000000000000000000000F0
:0848C800A55100102F82001021
:1048D0002E2F6D6265642D6F732F64726976657219
:1048E000732F7573622F736F757263652F55534203
:1048F0004465766963652E637070005F6C6F636BEF
:074900006564203E20300039
:1049070054686520656E64706F696E7420697320E2
:0F4917006E6F7420696E64657861626C652E0046
:104926005F7472616E736665722E757365725F630E
:10493600616C6C6261636B203D3D205265717565EB
:0B494600737458666572446F6E650064
:1049510044657669636520737461746520697320A9
:1049610022506F776572656422206F722022446540
:1049710074616368656422005468652073746163BF
:104981006B2069732077616974696E67206F6E208F
:104991006120757365722063616C6C6261636B2069
:1049A100666F722074686520627566666572207430
:1049B1006F2066696C6C206F7220737461747573FB
:0249C1002E00C6
:1049C3005F7472616E736665722E757365725F6371
:1049D300616C6C6261636B203D3D20536574436F72
:0C49E3006E66696775726174696F6E0022
:1049EF005F7472616E736665722E757365725F6345
:1049FF00616C6C6261636B203D3D20536574496E41
:084A0F007465726661636500C5
:104A17005F7472616E736665722E757365725F631C
:104A2700616C6C6261636B203D3D205265717565F9
:034A370073740095
:104A3A002128696E666F2D3E666C61677320262099
:104A4A00454E44504F494E545F454E41424C4544B1
:104A5A0029006D61785F7061636B65745F73697A51
:0A4A6A0065203C3D2031303234005D
:0E4A740021636F6E666967757265642829009C
:104A82005468652073697A65206F662074686520B2
:104A92006461746120746F2072656164206973209F
:104AA2006C657373207468616E20746865206D6133
:104AB20078207061636B65742073697A6520666F14
:104AC20072207468697320656E64706F696E742EEB
:014AD20000E3
:104AD30054686520656E64706F696E742069732015
:104AE3006E6F7420696E64657861626C65005369EA
:104AF3007A65206265696E67207772697474656E82
:0F4B030020697320746F6F206C617267652E00DC
:0E4B1200215F696E697469616C697A6564007F
:104B20000000000000000000000000000000000085
:104B300055990010558D0010F9890010F18A001068
:104B4000559A0010E9850010EB8500104987001088
:104B50004987001069860010F5850010A5510010E6
:104B600039860010418600106186001049860010C9
:104B70005186001059860010213F0010253F00107B
:104B8000273F0010E7850010A5510010A551001027
:104B9000A5510010A5510010A55100101D8700104F
:084BA00089860010F98600105F
:104BA80016035500530042002000440045005600FB
:064BB80049004300450026
:084BBE000803550053004200FA
:064BC6000603300031007F
:104BCC00160330003100320033003400350036005B
:064BDC003700380039002B
:104BE20012036D006200650064002E006F00720007
:024BF20067005A
:044BF40004030904A9
:104BF8002E2F6D6265642D6F732F68616C2F736F34
:104C0800757263652F6D6265645F63726974696349
:104C1800616C5F73656374696F6E5F6170692E6341
:104C280000216172655F696E746572727570747364
:0B4C38005F656E61626C6564282900F6
:104C430070696E6D6170206E6F7420666F756E642F
:104C530020666F72207065726970686572616C009E
:104C63002E2F6D6265642D6F732F68616C2F736FC8
:104C7300757263652F6D6265645F7469636B6572DA
:104C83005F6170692E63006D617463685F7469634B
:104C93006B20213D2071756575652D3E7469636BCD
:0B4CA3005F6C6173745F7265616400F8
:104CAE005469636B6572206672657175656E6379A2
:104CBE00206973207A65726F005469636B65722088
:104CCE006E756D626572206F6620626974206973FD
:104CDE002067726561746572207468616E2033326C
:104CEE00206F72206C657373207468616E2034209F
:054CFE006269747300FF
:084D04000C4D0110609100202C
:104D0C0005A000104DD30010B5D30010BFD3001078
:104D1C0059D30010ADD30010F19F00102DD300100B
:044D2C000000000083
:084D300064656661756C740096
:104D38000000000000000000ADA0001015A1001048
:104D4800000000000000000000000000000000005B
:104D5800A5510010A5510010A5510010A551001033
:104D680073800010A5A10010517900105F79001020
:104D7800A9A10010C14C0010C74C0010D14C001064
:104D8800D54C0010DB4C0010E14C0010E54C001035
:104D98002F002E2F6D6265642D6F732F706C6174F8
:104DA800666F726D2F736F757263652F46696C65D8
:104DB800506174682E637070006C656E20213D2010
:024DC8003000B9
:104DCA00772B0053747265616D206F626A20666189
:064DDA00696C75726500B2
:104DE00000000000000000000000000000000000C3
:104DF000A5510010A5510010A5510010A55100109B
:104E000073800010A5A10010517900105F79001087
:104E1000A9A10010C14C0010C74C0010D14C0010CB
:104E2000D54C0010DB4C0010E14C0010E54C00109C
:104E3000FCFFFFFF00000000000000000000000079
:104E40000000000000000000000000000000000062
:104E5000D7A20010A1A2001009A300109DA200106B
:104E60009DA200109DA200109DA200100DA3001095
:104E70009DA20010C14C0010C74C0010D14C001076
:104E8000D54C0010DB4C0010E14C0010E54C00103C
:104E9000A5510010A5510010E74C0010E94C00107E
:104EA000FCFFFFFF00000000000000000000000009
:104EB0000A52252D34643A202530386C58000A53A4
:104EC000502020203A202530386C580A4C5220209F
:104ED000203A202530386C580A50432020203A20B0
:104EE0002530386C580A78505352203A20253038F3
:104EF0006C580A50535020203A202530386C580AFC
:104F00004D535020203A202530386C58000A435029
:104F10005549443A202530386C58000A4D6F646575
:104F2000203A20546872656164000A5072697620E4
:104F30003A2055736572000A50726976203A205003
:104F4000726976696C65676564000A4D6F646520F7
:104F50003A2048616E646C6572000A537461636B39
:104F60003A20505350000A537461636B3A204D53FA
:024F70005000EF
:104F72000A2B2B204D6265644F53204661756C7479
:104F82002048616E646C6572202B2B0A0A4661759B
:104F92006C74547970653A20004D656D4D616E6197
:104FA20067654661756C74004275734661756C7411
:104FB2000055736167654661756C7400486172647F
:104FC2004661756C74000A0A436F6E746578743AB0
:104FD200000A0A2D2D204D6265644F5320466175EB
:104FE2006C742048616E646C6572202D2D0A0A0073
:104FF2004661756C7420657863657074696F6E00C4
:055002002E2E2E0A0015
:105007002E2F6D6265642D6F732F706C6174666FE0
:10501700726D2F736F757263652F6D6265645F6361
:105027007269746963616C2E630063726974696382
:10503700616C5F73656374696F6E5F7265656E74CB
:1050470072616E63795F636F756E746572203C2061
:0B50570055494E5433325F4D41580064
:105062003C756E6E616D65643E00203C68616E64E5
:105072006C65723E000A0A2B2B204D6265644F5309
:10508200204572726F7220496E666F202B2B0A4583
:1050920072726F72205374617475733A203078257E
:1050A2005820436F64653A202564204D6F64756C07
:1050B200653A2025640A4572726F72204D657373DA
:1050C2006167653A20004B65726E656C20457272AD
:1050D2006F723A203078256C582C20005468726523
:1050E20061643A203078256C582C20004D75746527
:1050F200783A203078256C582C200053656D617009
:10510200686F72653A203078256C582C20004D6506
:105112006D6F7279506F6F6C3A203078256C582C15
:1051220020004576656E74466C6167733A2030786C
:10513200256C582C200054696D65723A2030782510
:105142006C582C20004D65737361676551756575E8
:10515200653A203078256C582C20004173736572B3
:1051620074696F6E206661696C65643A20000A4C4E
:105172006F636174696F6E3A203078256C58000A4B
:1051820046696C653A20002B2564000A4572726FED
:10519200722056616C75653A203078256C58000A89
:1051A20043757272656E74205468726561643A2048
:1051B200257325732049643A203078256C582045A0
:1051C2006E7472793A203078256C5820537461637A
:1051D2006B53697A653A203078256C582053746194
:1051E200636B4D656D3A203078256C582053503AE8
:1051F200203078256C5820000A466F72206D6F723D
:105202006520696E666F2C2076697369743A20682E
:10521200747470733A2F2F6D6265642E636F6D2FF5
:10522200732F6572726F723F6572726F723D307862
:1052320025303858266F737665723D256C64266377
:105242006F72653D30782530386C5826636F6D700B
:105252003D2564267665723D256C75267467743D1E
:105262005241535042455252595F50495F5049434F
:105272004F000A2D2D204D6265644F5320457272F6
:0C5282006F7220496E666F202D2D0A000F
:10528E002E2F6D6265642D6F732F706C6174666F57
:10529E00726D2F736F757263652F6D6265645F72C9
:1052AE00657461726765742E63707000286775612E
:1052BE0072642026204358415F47554152445F4D4A
:0A52CE0041534B29203D3D203000E4
:1052D8002867756172642026204358415F4755410D
:1052E80052445F4D41534B29203D3D204358415F77
:1052F80047554152445F494E49545F494E5F5052A9
:075308004F475245535300CB
:10530F004572726F72202D2077726974696E6720F3
:10531F00746F20612066696C6520696E20616E2054
:10532F00495352206F7220637269746963616C20F4
:0C533F0073656374696F6E0D0A000D0049
:10534B004572726F72202D2072656164696E6720E1
:10535B0066726F6D20612066696C6520696E2061D5
:10536B006E20495352206F722063726974696361B6
:0C537B006C2073656374696F6E0D0A008E
:105387004F70657261746F72206E6577206F7574E8
:0D539700206F66206D656D6F72790D0A0044
:1053A400000000000000000015AC00108DB10010DA
:1053B40081AC00102DAC001001AC001011AC001039
:1053C400738000100DAC0010517900105F7900104B
:1053D40007AC0010C14C0010C74C0010D14C001099
:1053E400D54C0010DB4C00104DAC0010E54C001007
:1053F400FFFFFFFF00000000FFFFFFFF01000000B0
:08540400FFFFFFFF00000000A4
:08540C002F73746465727200D5
:085414002F7374646F757400BE
:07541C002F737464696E0038
:105423002E2F6D6265642D6F732F706C6174666FC0
:10543300726D2F736F757263652F6D6265645F7331
:10544300746174732E6300737461747320213D203F
:055453004E554C4C0019
:105458002E2F6D6265642D6F732F72746F732F73A7
:105468006F757263652F4576656E74466C616773F8
:095478002E637070005F6964008E
:105481006170706C69636174696F6E5F756E6E6176
:105491006D65645F6576656E745F666C61677300E8
:1054A1006170706C69636174696F6E5F756E6E6156
:1054B1006D65645F6D75746578002E2F6D6265642E
:1054C1002D6F732F72746F732F736F757263652FE6
:1054D1004D757465782E637070005F6964207C7C03
:1054E100206D6265645F6765745F6572726F725F7C
:0E54F100696E5F70726F6772657373282900B1
:1054FF004D75746578206C6F636B206661696C65A0
:02550F00640036
:105511004D7574657820756E6C6F636B206661697B
:045521006C65640051
:105525002E2F6D6265642D6F732F72746F732F73D9
:105535006F757263652F53656D6170686F72652E47
:10554500637070005F696420213D206E756C6C701E
:035555007472006D
:1055580053656D6170686F726520616371756972FA
:0955680065206661696C65640050
:105571002E2F6D6265642D6F732F72746F732F738D
:105581006F757263652F54686973546872656164DD
:105591002E6370700028666C616773203D3D206F3B
:1055A10073466C6167734572726F7254696D656F92
:1055B10075742026262072656C5F74696D652021E3
:1055C1003D20776169745F666F725F7533325F6624
:1055D1006F726576657229207C7C2028666C616714
:1055E10073203D3D206F73466C6167734572726F26
:1055F100725265736F757263652026262072656C21
:105601005F74696D65203D3D2072656C5F74696DE5
:0A561100652E7A65726F28292900C2
:0F561B00737461747573203D3D206F734F4B00A6
:10562A002E2F6D6265642D6F732F706C6174666FB7
:10563A00726D2F696E636C7564652F706C61746628
:10564A006F726D2F43616C6C6261636B2E680062CE
:0B565A006F6F6C282A746869732900C8
:105665006170706C69636174696F6E5F756E6E6190
:0B5675006D65645F746872656164001D
:10568000000000000000000041B8001085B80010C4
:105690000100000000000000004003400500000081
:1056A000010000000080034009000000010000002C
:1056B000008003400D000000000000000040034097
:1056C0001100000000000000004003401500000031
:1056D00001000000008003401900000001000000EC
:1056E000008003401D000000000000000040034057
:0C56F000FFFF0000FFFFFFFF00000000B4
:1056FC000000000000000000004003400400000017
:10570C0001000000008003400800000001000000C0
:10571C00008003400C00000000000000004003402B
:10572C0010000000000000000040034014000000C6
:10573C000100000000800340180000000100000080
:10574C00008003401C0000000000000000400340EB
:0C575C00FFFF0000FFFFFFFF0000000047
:10576800000000000000000099B8001049BA0010BD
:105778009DBB001069BD00109BB80010A1B80010B7
:1057880059BA0010C5B80010C5B80010C9B8001043
:10579800D9B80010E9B80010EDB80010FDB8001035
:1057A80005B900107DBA001009B9001095BA0010AB
:1057B800C1BA001035B9001055B90010CDB90010A4
:1057C800D1B90010EDB9001009BA001001BB0010E2
:0C57D80041BB0010CDB900101DBC00103A
:1057E400800E00003F0100003F0100003F01000067
:1057F4003F0100003F0100003F0100003F010000A5
:105804003F0100003F0100003F0100003F01000094
:105814003F0100003F0100003F0100003F01000084
:045824003F01000040
:105828002E2F6D6265642D6F732F746172676574B6
:10583800732F5441524745545F5241535042455289
:10584800525950492F5441524745545F52503230B3
:1058580034302F6770696F5F6170692E63006F6203
:105868006A2D3E70696E20213D202850696E4E6178
:065878006D65294E43009E
:10587E0068775F69735F636C61696D6564286269DF
:10588E0074732C206269745F696E64657829002ECA
:10589E002F6D6265642D6F732F74617267657473FB
:1058AE002F5441524745545F524153504245525234
:1058BE005950492F5441524745545F52503230345B
:1058CE00302F7069636F2D73646B2F7270325F634C
:1058DE006F6D6D6F6E2F68617264776172655F6355
:0D58EE006C61696D2F636C61696D2E630044
:1058FB0068775F636C61696D5F636C65617200668D
:10590B006C6173685F646F5F636D64006972715F74
:10591B006164645F7461696C5F746F5F6672656507
:10592B005F6C69737400706C6C5F696E697400688E
:10593B00617264776172655F616C61726D5F7365D3
:10594B00745F7461726765740068775F656E756DFF
:10595B0065726174696F6E5F6669785F666F72639B
:10596B00655F6C735F6A007270323034305F6368EE
:0B597B0069705F76657273696F6E00E3
:105986007372635F66726571203E3D206672657153
:10599600002E2F6D6265642D6F732F7461726765BB
:1059A60074732F5441524745545F524153504245F8
:1059B60052525950492F5441524745545F52503222
:1059C6003034302F7069636F2D73646B2F727032B1
:1059D6005F636F6D6D6F6E2F68617264776172655C
:1059E6005F636C6F636B732F636C6F636B732E6394
:0159F60000B0
:1059F700636C6F636B5F636F6E6669677572650073
:105A0700666C6173685F72616E67655F70726F67FE
:105A170072616D00696E736572745F6272616E6345
:105A2700685F616E645F6C696E6B0075706461744A
:105A3700655F75735F73696E63655F626F6F74002F
:0D5A470072756E74696D655F696E6974003B
:105A5400666C6173685F72616E67655F65726173BE
:105A640065006972715F72656D6F76655F68616EFE
:055A7400646C65720086
:105A790030783163203D3D20282A696E7374293EB0
:105A89003E313175002E2F6D6265642D6F732F7451
:105A99006172676574732F5441524745545F52418F
:105AA9005350424552525950492F54415247455437
:105AB9005F5250323034302F7069636F2D73646BCD
:105AC9002F7270325F636F6D6D6F6E2F68617264D4
:0F5AD900776172655F6972712F6972712E630058
:105AE800212864656C7461203E3E2031317529009F
:105AF80063757272656E74203D3D205F5F756E68D8
:105B0800616E646C65645F757365725F697271203C
:105B18007C7C2063757272656E74203D3D206861DF
:065B28006E646C65720062
:105B2E0021657863657074696F6E207C7C20657862
:105B3E0063657074696F6E203D3D206E756D202B10
:0A5B4E002031360066616C736500BB
:105B580069735F7368617265645F6972715F7261AE
:105B6800775F68616E646C657228736C6F745F68C8
:105B7800616E646C65722900657863657074696F1D
:085B88006E00666F756E64008B
:0C5B90006D616B655F6272616E6368009E
:0F5B9C007265736F6C76655F6272616E6368002D
:105BAB006972715F7365745F6578636C7573697621
:0A5BBB00655F68616E646C6572003E
:105BC5006662646976203E3D2031362026262066B1
:105BD50062646976203C3D20333230002E2F6D62A1
:105BE50065642D6F732F746172676574732F5441EB
:105BF500524745545F5241535042455252595049BC
:105C05002F5441524745545F5250323034302F7033
:105C150069636F2D73646B2F7270325F636F6D6D87
:105C25006F6E2F68617264776172655F706C6C2F3F
:105C3500706C6C2E630028706F73745F64697631C5
:105C4500203E3D203120262620706F73745F6469E5
:105C55007631203C3D2037292026262028706F7379
:105C6500745F64697632203E3D20312026262070FF
:105C75006F73745F64697632203C3D20372900706C
:105C85006F73745F64697632203C3D20706F737466
:105C95005F64697631007265665F6D687A203C3DA8
:105CA500202876636F5F66726571202F2031362953
:015CB50000EE
:105CB600486172647761726520616C61726D20253E
:105CC6006420616C726561647920636C61696D65DD
:025CD600640068
:105CD80075735F73696E63655F626F6F74203C3DB7
:105CE80020494E5436345F4D4158002E2F6D626561
:105CF800642D6F732F746172676574732F544152EA
:105D08004745545F52415350424552525950492FCA
:105D18005441524745545F5250323034302F7069E5
:105D2800636F2D73646B2F636F6D6D6F6E2F70696A
:105D3800636F5F626173652F696E636C7564652F4D
:0D5D48007069636F2F74797065732E6800A9
:105D550074696D65725F68772D3E696E7473202670
:105D6500203175203C3C20616C61726D5F6E756DF4
:105D7500002E2F6D6265642D6F732F7461726765D8
:105D850074732F5441524745545F52415350424515
:105D950052525950492F5441524745545F5250323F
:105DA5003034302F7069636F2D73646B2F727032CE
:105DB5005F636F6D6D6F6E2F686172647761726579
:0F5DC5005F74696D65722F74696D65722E63006E
:105DD4004E6F7420657870656374696E6720444DF6
:105DE40020746F2062652066756E6374696F6E201F
:105DF400380068775F6C696E655F737461746528D9
:105E040029203D3D204C535F4A002E2F6D6265646E
:105E14002D6F732F746172676574732F54415247E9
:105E240045545F52415350424552525950492F54A0
:105E340041524745545F5250323034302F706963B9
:105E44006F2D73646B2F7270325F636F6D6D6F6E45
:105E54002F7069636F5F6669782F727032303430E7
:105E64005F7573625F6465766963655F656E756DA2
:105E740065726174696F6E2F7270323034305F7581
:105E840073625F6465766963655F656E756D65727F
:085E94006174696F6E2E63005A
:105E9C006D616E756661637475726572203D3D202F
:105EAC004D414E5546414354555245525F5250490F
:105EBC00002E2F6D6265642D6F732F746172676590
:105ECC0074732F5441524745545F524153504245CD
:105EDC0052525950492F5441524745545F525032F7
:105EEC003034302F7069636F2D73646B2F72703286
:105EFC005F636F6D6D6F6E2F7069636F5F706C6138
:105F0C0074666F726D2F706C6174666F726D2E6338
:105F1C000070617274203D3D20504152545F5250CC
:025F2C00320041
:105F2E002C2066756E6374696F6E3A200061737310
:105F3E00657274696F6E2022257322206661696C0A
:105F4E0065643A2066696C6520222573222C206CCC
:0C5F5E00696E65202564257325730A0018
:105F6A0031203D3D202875696E747074725F742902
:105F7A006C2D3E7370696E5F6C6F636B002E2F6DB4
:105F8A006265642D6F732F746172676574732F5421
:105F9A0041524745545F524153504245525259501B
:105FAA00492F5441524745545F5250323034302FB2
:105FBA007069636F2D73646B2F7270325F636F6DDC
:105FCA006D6F6E2F7069636F5F72756E74696D6540
:0B5FDA002F72756E74696D652E6300F8
:105FE5000A2A2A2A2050414E4943202A2A2A0A00F1
:105FF5002E2F6D6265642D6F732F746172676574E2
:10600500732F5441524745545F52415350424552B4
:10601500525950492F5441524745545F52503230DE
:1060250034302F70776D6F75745F6170692E630002
:0C6035006F626A20213D204E554C4C004B
:10604100496E76616C69642073657269616C207058
:04605100696E730001
:10605500556E737570706F727465642070617269C6
:036065007479004B
:0360680000020132
:08606C0040420F00200000007B
:01607400002B
:106078000020202020202020202028282828282010
:106088002020202020202020202020202020202008
:106098002088101010101010101010101010101070
:1060A8001004040404040404040404101010101060
:1060B800101041414141414101010101010101012A
:1060C800010101010101010101010101101010107C
:1060D80010104242424242420202020202020202FC
:1060E8000202020202020202020202021010101050
:1060F8002000000000000000000000000000000078
:106108000000000000000000000000000000000087
:106118000000000000000000000000000000000077
:106128000000000000000000000000000000000067
:106138000000000000000000000000000000000057
:106148000000000000000000000000000000000047
:106158000000000000000000000000000000000037
:106168000000000000000000000000000000000027
:016178000026
:04617C007807002080
:1061800043000000504F5349580000000000000039
:046190002E000000DD
:046194000A000000FD
:1061980018F4001064F3001064F300100EF40010FB
:1061A80064F3001064F3001064F3001064F300104B
:1061B80064F3001064F30010F2F30010EAF3001027
:1061C80064F30010E0F3001092F3001064F3001081
:1061D80088F300102CF300102CF300102CF300109F
:1061E8002CF300102CF300102CF300102CF30010EB
:1061F8002CF300102CF3001064F3001064F300106B
:1062080064F3001064F3001064F3001064F30010EA
:1062180064F3001064F3001064F3001064F30010DA
:1062280008FA001064F9001064F3001064F9001013
:1062380064F3001064F3001064F3001064F30010BA
:106248005AF9001064F3001064F3001036F90010D6
:1062580064F3001064F3001064F3001064F300109A
:1062680064F3001070FA001064F3001064F3001077
:106278003CFA001064F3001064F3001064F300109B
:1062880064F3001064F3001064F3001064F300106A
:1062980064F3001064F3001064F3001062F6001059
:1062A800ECF5001064F9001064F9001064F90010AE
:1062B8002CF90010ECF5001064F3001064F30010E2
:1062C8001CF9001064F30010BCF8001096F80010D8
:1062D800F6F80010ECF8001064F300108AF50010CE
:1062E80064F300100EF5001064F3001064F300105E
:0462F80028F4001076
:1062FC00494E4600696E66004E414E006E616E005E
:10630C0030313233343536373839414243444546DF
:10631C0000000000303132333435363738396162A1
:10632C006364656600000000286E756C6C290000C3
:04633C00300000002D
:10634000202020202020202020202020202020204D
:10635000303030303030303030303030303030303D
:10636000E20901101411011014110110F2090110B9
:106370001411011014110110141101101411011045
:106380001411011014110110F20D0110120E011060
:10639000141101101A0E0110200E01101411011019
:1063A00000100110B0090110B0090110B00901106E
:1063B000B0090110B0090110B0090110B0090110B5
:1063C000B0090110B00901101411011014110110CD
:1063D00014110110141101101411011014110110E5
:1063E00014110110141101101411011014110110D5
:1063F000000F0110760F011014110110760F01101B
:1064000014110110141101101411011014110110B4
:106410001410011014110110141101101E1001109C
:106420001411011014110110141101101411011094
:106430001411011044100110141101101411011055
:106440006C1001101411011014110110141101101D
:106450001411011014110110141101101411011064
:10646000141101101411011014110110A0100110C9
:10647000D8100110760F0110760F0110760F011061
:10648000EA100110D810011014110110141101109C
:10649000DE0E0110141101106C0E0110900E01108F
:1064A000B80E01100A10011014110110020D011094
:1064B000141101105A0D01101411011014110110C2
:0464C000FC090110C2
:1064C400494E4600696E66004E414E006E616E0094
:1064D4003031323334353637383941424344454616
:1064E40000000000303132333435363738396162D8
:1064F4006364656600000000286E756C6C290000FA
:046504003000000063
:106508002020202020202020202020202020202083
:106518003030303030303030303030303030303073
:10652800496E66696E697479000000004E614E001C
:04653800300000002F
:106540000080E03779C34143176E05B5B5B893466F
:10655000F5F93FE9034F384D321D30F94877825A3B
:086560003CBF737FDD4F157590
:10656800000000000000F03F000000000000244090
:1065780000000000000059400000000000408F406B
:10658800000000000088C34000000000006AF840D6
:106598000000000080842E4100000000D0126341FA
:1065A8000000000084D797410000000065CDCD4170
:1065B800000000205FA00242000000E87648374251
:1065C800000000A2941A6D42000040E59C30A242EF
:1065D8000000901EC4BCD64200003426F56B0C4364
:1065E8000080E03779C3414300A0D885573476430B
:1065F80000C84E676DC1AB43003D9160E458E1436C
:10660800408CB5781DAF154450EFE2D6E41A4B44E0
:1066180092D54D06CFF08044F64AE1C7022DB54425
:08662800B49DD9794378EA44DE
:0C66300005000000190000007D000000C3
:08663C00909CFE7F01000000AC
:1066440070B50B4B441C0B4DFF3408210278120229
:1066540053401EB25A0093B2002E01DA6A4093B23C
:1066640001390029F5D101308442EED1180070BD02
:10667400FFFF000021100000084A10B51378002B1A
:106684000AD18023064807495B051C68C4500433BB
:106694008B42FAD10123137010BDC0467E890220BB
:1066A4009CA400100001001010B5014B984710BDC8
:1066B4009DA40020054B02301B6800025840C023F3
:1066C4009B001840024B18607047C0460C80014084
:1066D4000C9001408023F0B50A1885B00290039114
:1066E4009B039A4205D941211C4B1D4A1D4800F0C9
:1066F400FBF81826142733881B49388898473388B1
:106704001A49019038889847338819490500388810
:10671400984733880400174938889847019B060036
:10672400002B05D0002D03D0002C01D0002804D16B
:106734004921114B0A4A0B48D9E7FFF79DFF019BFA
:106744009847A8478022D823039902985202A04769
:10675400B047FFF7A9FF05B0F0BDC046C243011022
:10676400545A0110EE4301104946000045580000F8
:1067740052450000464300004C4401108023F0B50C
:1067840085B002921218019003919B039A4205D995
:1067940058211B4B1B4A1C4800F0A6F81826142746
:1067A40033881A49388898473388194900903888BB
:1067B4009847338817490500388898473388040078
:1067C400154938889847009B0600002B05D0002DFA
:1067D40003D0002C01D0002804D160210F4B094ABA
:1067E4000948D9E7FFF748FF009B9847A847029A52
:1067F40003990198A047B047FFF756FF05B0F0BDD5
:10680400C2430110075A0110EE430110494600002B
:106814004558000052500000464300009F440110B8
:10682400F0B51826142485B033880190029120888D
:106834002749170098473388264905002088984738
:10684400338803902449208898470600002D04D0FB
:10685400039B002B01D0002805D180211F4B204A27
:10686400204800F041F8FFF707FFA847039B98472B
:106874000020FFF71FFFC0223B000825022052051D
:106884003900194307D10120FFF714FFB047FFF780
:106894000BFF05B0F0BD916A0C002C4001420BD0F7
:1068A400002F09D0D91B0D2906D80199013F097879
:1068B4001166019901310191002CE1D0002BDFD048
:1068C400116E029C013B2170210001310291D7E736
:1068D400494600004558000046430000F4440110B6
:1068E4000A590110EE43011001B40248844601BC68
:1068F400604700BFC9CD00100000000001FF000088
:106904000000000000000000000000000000000083
:106914000100000000000000000000000000000072
:106924000200000000000000000000000000000061
:106934000300000000000000000000000000000050
:10694400040000000000000000000000000000003F
:10695400050000000000000000000000000000002E
:10696400060000000000000000000000000000001D
:10697400070000000000000000000000000000000C
:1069840008000000000000000000000000000000FB
:1069940009000000000000000000000000000000EA
:1069A4000A000000000000000000000000000000D9
:1069B4000B000000000000000000000000000000C8
:1069C4000C000000000000000000000000000000B7
:1069D4000D000000000000000000000000000000A6
:1069E4000E00000000000000000000000000000095
:1069F4000F00000000000000000000000000000084
:106A04001000000000000000000000000000000072
:106A14001100000000000000000000000000000061
:106A24001200000000000000000000000000000050
:106A3400130000000000000000000000000000003F
:106A4400140000000000000000000000000000002E
:106A5400150000000000000000000000000000001D
:106A6400160000000000000000000000000000000C
:106A740017000000000000000000000000000000FB
:106A840018000000000000000000000000000000EA
:106A940019000000000000000000000000000000D9
:106AA4001A000000000000000000000000000000C8
:106AB4001B000000000000000000000000000000B7
:106AC4001C000000000000000000000000000000A6
:106AD4001D00000000000000000000000000000095
:106AE40008000000D4420110D3B3FB0200000000F0
:106AF4000000000000000000000000000000000092
:106B04000000000000000000000000000000000081
:106B14000000000000000000000000000000000071
:106B24000000000000000000000000000000000061
:106B34000000000000000000000000000000000051
:106B44000000000000000000000000000000000041
:106B54000000000000000000000000000000000031
:106B64000000000000000000000000000000000021
:106B74000000000000000000000000000000000011
:106B84000000000000000000757800105D9F0010F8
:106B9400FFFFFFFFFFFFFFFFFFFFFFFF00000000FD
:106BA40000000000000000000000000000000000E1
:106BB40000000000000000000000000000000000D1
:106BC40000000000000000000000000000000000C1
:106BD40000000000000000000000000000000000B1
:106BE40000000000000000000000000000000000A1
:106BF4000000000000000000000000000000000091
:106C04000000000000000000000000000000000080
:106C14000000000000000000000000000000000070
:106C24000000000000000000000000000000000060
:106C34000000000000000000000000000000000050
:106C44000000000000000000000000000000000040
:106C54000000000000000000000000000000000030
:106C64000000000000000000000000000000000020
:106C74000000000000000000000000000000000010
:106C84000000000000000000000000000000000000
:106C940040597307000000000000010000000000DC
:106CA40000000000000002000000000000000000DE
:106CB4000000030000000000000000000000FF00CE
:106CC4000000000000B5486801318E460047704658
:106CD40009380149884700BD7DC500101000000037
:106CE400503300004C330000543300005233000092
:106CF400780700200000000000000000640A002063
:106D0400CC0A0020340B002000000000000000002A
:106D1400000000000000000000000000000000006F
:106D2400000000000000000000000000000000005F
:106D3400000000000000000000000000000000004F
:106D4400000000000000000000000000000000003F
:106D5400000000000000000000000000000000002F
:106D6400000000000000000000000000000000001F
:106D7400000000000000000000000000000000000F
:106D840000000000000000000000000000000000FF
:106D940000000000000000000000000000000000EF
:106DA40001000000000000000E33CDAB34126DE68C
:106DB400ECDE05000B0000000000000000000000F5
:106DC40000000000000000000000000000000000BF
:106DD40000000000000000000000000000000000AF
:106DE400000000000000000000000000000000009F
:106DF400000000000000000000000000000000008F
:106E0400000000000000000000000000000000007E
:106E1400000000000000000000000000000000006E
:106E2400000000000000000000000000000000005E
:106E3400000000000000000000000000000000004E
:106E4400000000000000000000000000000000003E
:106E5400000000000000000000000000000000002E
:106E6400000000000000000000000000000000001E
:106E7400000000000000000000000000000000000E
:106E840000000000000000000000000000000000FE
:106E940000000000000000000000000000000000EE
:106EA40000000000000000000000000000000000DE
:106EB40000000000000000000000000000000000CE
:106EC40000000000000000000000000000000000BE
:106ED40000000000000000000000000000000000AE
:106EE400000000000000000000000000000000009E
:106EF400000000000000000000000000000000008E
:106F0400000000000000000000000000000000007D
:106F1400000000000000000000000000000000006D
:106F2400000000000000000000000000000000005D
:106F3400000000000000000000000000000000004D
:106F4400000000000000000000000000000000003D
:106F5400000000000000000000000000000000002D
:106F6400000000000000000000000000000000001D
:106F7400000000000000000000000000000000000D
:106F840000000000000000000000000000000000FD
:106F940000000000000000000000000000000000ED
:106FA40000000000000000000000000000000000DD
:106FB40000000000000000000000000000000000CD
:106FC40000000000000000000000000000000000BD
:106FD40000000000000000000000000000000000AD
:106FE400000000000000000000000000000000009D
:106FF400000000000000000000000000000000008D
:10700400000000000000000000000000000000007C
:10701400000000000000000000000000000000006C
:10702400000000000000000000000000000000005C
:10703400000000000000000000000000000000004C
:10704400000000000000000000000000000000003C
:10705400000000000000000000000000000000002C
:10706400000000000000000000000000000000001C
:10707400000000000000000000000000000000000C
:1070840000000000000000000000000000000000FC
:1070940000000000000000000000000000000000EC
:1070A40000000000000000000000000000000000DC
:1070B40000000000000000000000000000000000CC
:1070C40000000000000000000000000000000000BC
:1070D40000000000000000000000000000000000AC
:1070E400000000000000000000000000000000009C
:1070F400000000000000000000000000000000008C
:10710400000000000000000000000000000000007B
:10711400000000000000000000000000000000006B
:107124004300000000000000000000000000000018
:10713400000000000000000000000000000000004B
:1071440043000000000000000000000000000000F8
:10715400000000000000000000000000000000002B
:1071640043000000000000000000000000000000D8
:10717400000000000000000000000000000000000B
:1071840043000000000000000000000000000000B8
:1071940000000000000000000000000000000000EB
:1071A4004300000000000000000000000000000098
:1071B40000000000000000000000000000000000CB
:1071C4004300000000000000000000000000000078
:1071D40000000000000000000000000000000000AB
:1071E4004300000000000000000000000000000058
:1071F400000000000000000000000000000000008B
:10720400392001106DE900100000000078600110C1
:10721400906101108C6101108C6101108C6101106E
:107224008C6101108C6101108C6101108C61011062
:107234008C6101108C610110FFFFFFFFFFFFFFFF56
:10724400FFFFFFFFFFFF00000100415343494900D6
:10725400000000000000000000000000000000002A
:1072640000000000000000000000415343494900B1
:10727400000000000000000000000000000000000A
:1072840000000000000000000000000000000000FA
:10729400000000000C0D00200C0D0020140D002037
:1072A400140D00201C0D00201C0D0020240D0020B6
:1072B400240D00202C0D00202C0D0020340D002066
:1072C400340D00203C0D00203C0D0020440D002016
:1072D400440D00204C0D00204C0D0020540D0020C6
:1072E400540D00205C0D00205C0D0020640D002076
:1072F400640D00206C0D00206C0D0020740D002026
:10730400740D00207C0D00207C0D0020840D0020D5
:10731400840D00208C0D00208C0D0020940D002085
:10732400940D00209C0D00209C0D0020A40D002035
:10733400A40D0020AC0D0020AC0D0020B40D0020E5
:10734400B40D0020BC0D0020BC0D0020C40D002095
:10735400C40D0020CC0D0020CC0D0020D40D002045
:10736400D40D0020DC0D0020DC0D0020E40D0020F5
:10737400E40D0020EC0D0020EC0D0020F40D0020A5
:10738400F40D0020FC0D0020FC0D0020040E002054
:10739400040E00200C0E00200C0E0020140E002001
:1073A400140E00201C0E00201C0E0020240E0020B1
:1073B400240E00202C0E00202C0E0020340E002061
:1073C400340E00203C0E00203C0E0020440E002011
:1073D400440E00204C0E00204C0E0020540E0020C1
:1073E400540E00205C0E00205C0E0020640E002071
:1073F400640E00206C0E00206C0E0020740E002021
:10740400740E00207C0E00207C0E0020840E0020D0
:10741400840E00208C0E00208C0E0020940E002080
:10742400940E00209C0E00209C0E0020A40E002030
:10743400A40E0020AC0E0020AC0E0020B40E0020E0
:10744400B40E0020BC0E0020BC0E0020C40E002090
:10745400C40E0020CC0E0020CC0E0020D40E002040
:10746400D40E0020DC0E0020DC0E0020E40E0020F0
:10747400E40E0020EC0E0020EC0E0020F40E0020A0
:10748400F40E0020FC0E0020FC0E0020040F00204F
:10749400040F00200C0F00200C0F0020140F0020FC
:1074A400140F00201C0F00201C0F0020240F0020AC
:1074B400240F00202C0F00202C0F0020340F00205C
:1074C400340F00203C0F00203C0F0020440F00200C
:1074D400440F00204C0F00204C0F0020540F0020BC
:1074E400540F00205C0F00205C0F0020640F00206C
:1074F400640F00206C0F00206C0F0020740F00201C
:10750400740F00207C0F00207C0F0020840F0020CB
:10751400840F00208C0F00208C0F0020940F00207B
:10752400940F00209C0F00209C0F0020A40F00202B
:10753400A40F0020AC0F0020AC0F0020B40F0020DB
:10754400B40F0020BC0F0020BC0F0020C40F00208B
:10755400C40F0020CC0F0020CC0F0020D40F00203B
:10756400D40F0020DC0F0020DC0F0020E40F0020EB
:10757400E40F0020EC0F0020EC0F0020F40F00209B
:10758400F40F0020FC0F0020FC0F0020041000204A
:10759400041000200C1000200C10002014100020F7
:1075A400141000201C1000201C10002024100020A7
:1075B400241000202C1000202C1000203410002057
:1075C400341000203C1000203C1000204410002007
:1075D400441000204C1000204C10002054100020B7
:1075E400541000205C1000205C1000206410002067
:1075F400641000206C1000206C1000207410002017
:10760400741000207C1000207C10002084100020C6
:10761400841000208C1000208C1000209410002076
:10762400941000209C1000209C100020A410002026
:10763400A4100020AC100020AC100020B4100020D6
:10764400B4100020BC100020BC100020C410002086
:10765400C4100020CC100020CC100020D410002036
:10766400D4100020DC100020DC100020E4100020E6
:10767400E4100020EC100020EC100020F410002096
:10768400F4100020FC100020FC1000200411002045
:1076940004110020FFFFFFFF00000200450400105A
:1076A40091380010AD020010A13E0010515100109D
:0876B400655300101D55001084
:0C76BC00000000000000000000000000C2
:1076C800314BF0B5202207001C0085B098691042A4
:1076D800FCD1AA221A602023A2691A42FCD1F823FD
:1076E80020222360A3691340FCD123602033A569BD
:1076F8001D40FCD1F8232360EFF3108672B6FF31EA
:10770800090A0B020193019B9D4229D12023A269FA
:107718001A42FCD1AA2323608A3BA2691A42FCD1EF
:10772800F42320222360A3691340FCD12360203373
:10773800A2691A42FCD1F4232360743BA2691A425D
:10774800FCD00822A3691340FCD186F310880F4AA5
:107758000393039B934213D8039B01330393F8E7E6
:107768002B0504D1802128004901C0F753F8802255
:107778007919280052000135C0F7A0F8FF35C2E793
:10778800034B044A1A60FEE7004003407F841E0052
:087798000CED00E00400FA050D
:04000005100001D511
:00000001FF
