:020000041000EA
:1000000000B5324B212058609868022188439860DF
:10001000D860186158612E4B002199600221596106
:100020000121F02299502B49196001219960352056
:1000300000F044F80222904214D00621196600F024
:1000400034F8196E01211966002018661A6600F04E
:100050002CF8196E196E196E052000F02FF8012189
:100060000842F9D1002199601B49196000215960AB
:100070001A491B48016001219960EB211966A021F2
:10008000196600F012F800219960164914480160C1
:100090000121996001BC002800D000471248134993
:1000A000086003C880F30888084703B5996A0420EC
:1000B0000142FBD001200142F8D103BD02B5186610
:1000C0001866FFF7F2FF186E186E02BD00000240BE
:1000D000000000180000070000035F00212200005C
:1000E000F4000018222000A00001001008ED00E03C
:1000F00000000000000000000000000074B24E7A12
:1001000000000420E3010010C3010010E903001007
:10011000C1010010C1010010C1010010C101001097
:10012000C1010010C1010010C10100104503001001
:10013000C1010010C1010010C9030010D503001057
:10014000CD010010CD010010CD010010CD01001037
:10015000CD010010CD010010CD010010CD01001027
:10016000CD010010CD010010CD010010CD01001017
:10017000CD010010CD010010CD010010CD01001007
:10018000CD010010CD010010CD010010CD010010F7
:10019000CD010010CD010010CD010010CD010010E7
:1001A000CD010010CD010010CD010010CD010010D7
:1001B000CD010010CD010010CD010010CD010010C7
:1001C00000BE00BE00BE00BE00BE00BE00F03FF894
:1001D000103800BE00202049086006C881F3088856
:1001E00010471E48006800282DD10CA40ECC002911
:1001F00002D000F010F8F9E719491A4A002000E08F
:1002000001C19142FCD1184988471849884700BE6E
:10021000FDE701C901C29A42FBD37047BC680110D7
:10022000C000002058110020607901100000042057
:10023000D8000420387A0110001004200010042097
:100240000000000070470A480CF0D6FD0047EFF3AD
:100250000580C0B27047000008ED00E0000000D04B
:1002600068110020D4890220CD0200103DAF00109B
:1002700057560000F8B5C046F8BC08BC9E4670470B
:10028000F8B5C04610B5064C2378002B07D1054BB6
:10029000002B02D0044800E000BF0123237010BDF2
:1002A000B81600200000000084020010044B10B5B6
:1002B000002B03D00349044800E000BF10BDC04636
:1002C00000000000BC16002084020010164B002B1A
:1002D00000D1144B9D46402292029A1A9246002168
:1002E0008B460F461348144A121A0EF073FD0F4B3B
:1002F000002B00D098470E4B002B00D098470020D1
:10030000002104000D000D48002802D00C480AF01E
:1003100018FE0EF0E1F82000290007F07FFA0AF03D
:100320000DFEC04600000800000004200000000090
:100330007D77001068110020D489022043AF00109F
:10034000000000007046C0082CD3EFF309808169DB
:1003500002390978002929D101B50FC8B8470CBC6A
:1003600003C29E461E4B06CB91421ED0083B1A602C
:10037000002909D0EFF3098020388863F0C0444693
:100380004D4656465F46F0C0906B1030F0C8A04610
:10039000A946B246BB4680F309882038F0C802203F
:1003A000C0430047EFF30880D1E770470D4A136858
:1003B0009942FAD801B5890053589C460FC8E047C6
:1003C0000CBC10609E46704701B506F0D1FC03BC22
:1003D0008E46C7E701B506F089FC03BC8E46C1E72F
:1003E0009005002004480110102304E0202302E0BF
:1003F000302300E040239C46F0B404AE7546E80884
:1004000001D3EFF309860E4F0FCE0FC70FBC0FC7F6
:100410004046494652465B460FC71DCE3100A60AEC
:1004200000D304316E0900D248311FC7EFF30980B1
:100430006946EFF3148663C7604601490AF01AF96A
:100440004489022001480421014B184780070020FD
:1004500009CE001002B47146490849000956490006
:100460008E4402BC7047C04602B471464908490038
:10047000095C49008E4402BC7047C0460022430814
:100480008B4274D303098B425FD3030A8B4244D35C
:10049000030B8B4228D3030C8B420DD3FF2209029E
:1004A00012BA030C8B4202D31212090265D0030B5D
:1004B0008B4219D300E0090AC30B8B4201D3CB0353
:1004C000C01A5241830B8B4201D38B03C01A524195
:1004D000430B8B4201D34B03C01A5241030B8B4297
:1004E00001D30B03C01A5241C30A8B4201D3CB0282
:1004F000C01A5241830A8B4201D38B02C01A524167
:10050000430A8B4201D34B02C01A5241030A8B4269
:1005100001D30B02C01A5241CDD2C3098B4201D381
:10052000CB01C01A524183098B4201D38B01C01AFF
:10053000524143098B4201D34B01C01A5241030976
:100540008B4201D30B01C01A5241C3088B4201D325
:10055000CB00C01A524183088B4201D38B00C01AD2
:10056000524143088B4201D34B00C01A5241411AF9
:1005700000D20146524110467047FFE701B5002006
:1005800000F0F0F802BDC0460029F7D076E77047CA
:1005900003460B437FD4002243088B4274D30309E4
:1005A0008B425FD3030A8B4244D3030B8B4228D385
:1005B000030C8B420DD3FF22090212BA030C8B42AB
:1005C00002D31212090265D0030B8B4219D300E04B
:1005D000090AC30B8B4201D3CB03C01A5241830BD0
:1005E0008B4201D38B03C01A5241430B8B4201D380
:1005F0004B03C01A5241030B8B4201D30B03C01AA9
:100600005241C30A8B4201D3CB02C01A5241830A22
:100610008B4201D38B02C01A5241430A8B4201D351
:100620004B02C01A5241030A8B4201D30B02C01A7B
:100630005241CDD2C3098B4201D3CB01C01A5241E2
:1006400083098B4201D38B01C01A524143098B426B
:1006500001D34B01C01A524103098B4201D30B0154
:10066000C01A5241C3088B4201D3CB00C01A524179
:1006700083088B4201D38B00C01A524143088B423E
:1006800001D34B00C01A5241411A00D201465241D7
:10069000104670475DE0CA0F00D04942031000D3F6
:1006A0004042534000229C4603098B422DD3030A4B
:1006B0008B4212D3FC22890112BA030A8B420CD35B
:1006C000890192118B4208D3890192118B4204D384
:1006D00089013AD0921100E08909C3098B4201D304
:1006E000CB01C01A524183098B4201D38B01C01A3E
:1006F000524143098B4201D34B01C01A52410309B5
:100700008B4201D30B01C01A5241C3088B4201D363
:10071000CB00C01A524183088B4201D38B00C01A10
:100720005241D9D243088B4201D34B00C01A5241E7
:10073000411A00D20146634652415B10104601D374
:100740004042002B00D54942704763465B1000D3FE
:10075000404201B5002000F005F802BD0029F8D0A4
:1007600016E770477047C046D0400B1CD1409C46EE
:10077000203AD3401843524263469340184370478F
:100780009140031C90409C46203A934019435242AA
:100790006346D340194370478446101C62468C461A
:1007A000191C634600E0C0461FB501F025FE002875
:1007B00001D40021C8421FBD10B501F07DFD4042AB
:1007C000013010BD10B501F017FE002801DB00203C
:1007D00010BD012010BDC04610B501F00DFE00286F
:1007E00001DD002010BD012010BDC04610B501F094
:1007F0009FFD002801DC002010BD012010BDC04677
:1008000010B501F095FD002801DA002010BD01208F
:1008100010BDC0468446081C6146FFE71FB500F0C6
:100820003DFB002801D40021C8421FBD10B500F0D7
:10083000BFFA4042013010BD10B500F02FFB002878
:1008400001DB002010BD012010BDC04610B500F036
:1008500025FB002801DD002010BD012010BDC04691
:1008600010B500F0CDFA002801DC002010BD0120F9
:1008700010BDC04610B500F0C3FA002801DA002010
:1008800010BD012010BDC0461C2101231B0498424D
:1008900001D3000C10391B0A984201D3000A083911
:1008A0001B09984201D30009043902A2105C4018C8
:1008B0007047C0460403020201010101000000006C
:1008C00000000000002B15D1002A13D1002906DBFF
:1008D00001DC002806D00020C043410802E080214E
:1008E0000906002007B4024801A14018029003BD88
:1008F00075FEFFFF03B4684601B5029800F02AF9BF
:10090000019B9E4602B00CBC7047C046002B11D123
:10091000002A0FD1002900D1002802D00021C943AC
:10092000081C07B4024802A14018029003BDC0464B
:1009300035FEFFFF03B4684601B5029800F048F8A1
:10094000019B9E4602B00CBC7047C046F0B5CE4637
:10095000474615042D0C2E0080B50704140C3F0CDF
:100960009946030C7E435D43674363437F19340C10
:10097000E4199C46A54203D980235B029846C444EF
:100980004B4643435143250C36046544360C24043E
:10099000A4195B19591820000CBC90469946F0BD6B
:1009A0009E2110B5C905041CFFF764FF002803D180
:1009B000201C00F0B9FD10BD9E21201CC90500F0CF
:1009C000EFFB00F0B1FD80231B069C466044F2E77C
:1009D000F0B54F464646D646C0B5040082B00D007D
:1009E000914698468B422FD82CD04146484602F07B
:1009F000E3FB29000600200002F0DEFB331A9C46D0
:100A0000203B9A4600D576E04B46524693401F0065
:100A10004B46624693401E00AF4228D825D053462D
:100A2000A41BBD41002B00DA7BE0002200230092D2
:100A30000193012352469340019301236246934060
:100A4000009318E08242D0D9002200230092019343
:100A50000A9B002B01D01C605D600098019902B0D8
:100A60001CBC90469946A246F0BDA342D7D90022AD
:100A70000023009201936346002BE9D0FB079846C0
:100A8000414672080A437B0866460EE0AB4201D13C
:100A9000A2420CD8A41A9D41012024196D410021C5
:100AA000013E24184D41002E06D0AB42EED9013E46
:100AB00024196D41002EF8D1009801995346001970
:100AC0006941002B23DB2B005246D3402A006446A9
:100AD000E2401C0053461500002B2DDB2600574634
:100AE000BE40330026006746BE403200801A99415E
:100AF00000900191ACE7624620239B1A4A46DA40F7
:100B00006146130042468A4017001F4380E7624651
:100B100020239B1A2A0066469A402300F340134381
:100B2000D4E76246202300219B1A00220091019203
:100B30000122DA40019280E72023624626009B1AB8
:100B4000DE402F00B0466646B74046463B00334382
:100B5000C8E7C046F0B583B016001F0000900191B1
:100B600002F036FB04000D0002000B0030003900DB
:100B7000FFF7ECFE009A019B121A8B4108992000A6
:100B80000A604B60290003B0F0BDC046F8B5574677
:100B90004E464546DE464402E0B546008846640AB5
:100BA000360EC70F002E63D0FF2E24D08023E40022
:100BB000DB041C43002399469B467F3E4346424646
:100BC0005D02D20F5B006D0A1B0E9046924665D007
:100BD000FF2B55D080220021ED00D2047F3B15432E
:100BE000F61A43464A467B400F2A00D98DE06D48ED
:100BF000920082589746002C54D108239946063B10
:100C0000FF269B46DAE70025534602291BD003291D
:100C100000D1BFE0012928D030007F30002820DD3E
:100C20006A0704D00F222A40042A00D004352A0182
:100C300003D530005C4A80301540FE2803DCAC014F
:100C4000640AC2B201E0FF2200246402D205600AF5
:100C5000DB07104318433CBC90469946A246AB467E
:100C6000F8BD0122101A1B287CDD00220024ECE7CD
:100C7000002C1DD104239946033B00269B469DE78B
:100C8000FF3E002D20D1022143464A467B400A43C5
:100C90000F2AD8D84548920082589746002D19D17E
:100CA0000121F1E70C239946093BFF269B4685E786
:100CB0002000FFF7E9FD7626431F9C400023764283
:100CC000361A99469B4679E74A4603231A439146CA
:100CD000032186E72800FFF7D7FD431F36189D4004
:100CE000763600217DE780240023E403FF22ACE771
:100CF00000258023DB031C4228D01D4226D12B4334
:100D00005C02640A4346FF229FE762016C01A24233
:100D100024D21B210025013E012710006D00520046
:100D2000002801DB944201D8121B3D430139002900
:100D3000F3D11400621E944125436DE7BA4659462B
:100D400025005346022900D061E77CE78023DB03BE
:100D50001C436402640A3B00FF2276E7121B1A213F
:100D60000125D9E79E362A00B5402C00C240651EF9
:100D7000AC411443620704D00F222240042A00D061
:100D80000434620103D4A401640A00225DE7012255
:100D900000245AE78024E4032C436402640AFF22FF
:100DA00053E7C04640400110FFFFFFF780400110AD
:100DB00070B542004E024C0045026D0A120EC30F80
:100DC000760A240EC90FFF2A0FD0FF2C11D0012064
:100DD000A24200D070BDB542FCD18B420DD0002A9A
:100DE000F8D12800451EA841F4E70120002DF1D1DB
:100DF000EBE70120002EEDD1E9E70020EAE7C0464D
:100E000070B54A004E02450244006D0A240EC30F1D
:100E1000760A120EC90FFF2C15D0FF2A0ED0002C17
:100E200015D1002A01D1002E1CD0002D14D08B42E8
:100E300027D00220013B1840013870BD002EEED0B3
:100E400002204042F9E7002DFAD1FF2A0ED0002AF5
:100E50000ED1002EEDD00BE001230139994308009B
:100E60000130EAE70020002DE7D0E2E7002EE7D1CD
:100E70008B42DED1944205DD0221581E0840013824
:100E8000DBE70024A24204DCB542D2D80020B54200
:100E9000D3D2581E012398430130CEE730B542002B
:100EA00044024D02C30F4800640A120E6D0A000E80
:100EB000C90FFF2A12D0FF280CD0002A12D1002817
:100EC00019D1002D17D1002C2BD00220013B184046
:100ED000013826E0002DF0D0022022E0002CFBD1CA
:100EE000FF281FD000281FD1002D1DD10220013B5B
:100EF0001840013815E0002C0ED08B42E5D10022BD
:100F0000904204DCAC42E0D80020AC4209D2581E2A
:100F100001239843013004E001230139994308007B
:100F2000013030BD002DD7D18B42CED18242E7DDDA
:100F30000221581E08400138F3E7C046F0B54E467E
:100F400057464546DE46E0B543025B0A450083B09E
:100F50000F1C99462D0EC60F002D57D0FF2D24D003
:100F60008020DB00C0041843002381469A469B463C
:100F70007F3D7C027A00FB0F640A120E984623D054
:100F8000FF2A4BD0E30080240020E4047F3A1C4376
:100F9000AD186B1C47460193534677403A000F2B20
:100FA00048D87D499B00CB589F46002B00D085E058
:100FB00008339A46063B9B467C027A00FB0FFF25CE
:100FC000640A120E9846DBD1002C00D090E0524605
:100FD00001231A4392460120DBE74C46584617008E
:100FE000022824D0032800D1CFE0002200230128CA
:100FF0004DD15802D205400AFF071043384303B0D1
:101000003CBC90469946A246AB46F0BD002B5BD156
:1010100004239A46033B00259B46AAE7FF35002C94
:1010200060D1524602231A4392460220B1E7FF22C2
:101030000023DEE74B461B0C9C464B462604360C31
:10104000180461463300220C6446000C43434E43AF
:101050005043544380191A0C1218964203D9802128
:1010600049028C4664441B041B0C1004C018830105
:101070005E1EB341800E1843130C1B199B010343E2
:101080001C00230179D5012362081C401443019AF6
:101090007F32002A4DDD630704D00F232340042B49
:1010A00000D00434230103D53C4B019A1C4080320C
:1010B000FE2ABCDCA3015B0AD2B29AE70C239A4653
:1010C000093BFF259B4654E71800FFF7DDFB4A4626
:1010D000431F76259A4000236D4291462D1A9A4669
:1010E0009B4646E7524603231A439246032050E7A5
:1010F0002000FFF7C9FB431F2D1A9C40763D0020BE
:1011000047E780230027DB03FF2272E7424666E7BA
:101110004C463200584662E780234A46DB031A42B7
:1011200022D01C4220D123435B025B0A4746FF22A8
:101130005FE701239A1A1B2A21DC23000199D3407F
:101140009E318C401A0023005C1EA34113435A07B2
:1011500004D00F221A40042A00D004335A0111D4BB
:101160009B015B0A002244E780234A46DB031343CA
:101170005B025B0A3700FF223BE7019587E700220D
:10118000002336E70122002333E78023DB032343D8
:101190005B025B0AFF222CE7C0400110FFFFFFF754
:1011A000F8B54746CE464400C20F80B54702480214
:1011B000400A8446664648007F0A240EF600250051
:1011C0009046FB00000EC90FB146FF2800D185E014
:1011D00001267140261A914257D0002E43DD002887
:1011E00000D07FE04946002900D1AAE0013E002E50
:1011F00000D0F7E05B1A5A0100D48BE09B019C09F8
:101200002000FFF741FB05388440854200DDD3E034
:10121000451B230020200135EB40451BAC40621EDE
:1012200094412343072400251C40012241460A40E3
:10123000002C04D00F211940042900D00433590197
:1012400000D480E00135ECB2FF2D00D0A3E0FF24F4
:1012500000235B02E405580AD207204310430CBC6C
:1012600090469946F8BD002E74D1601CC0B201288A
:1012700000DCA7E04A469C1A620100D5B6E0002CCB
:10128000BED1002200240023E3E7002E00DC85E02D
:10129000002846D0FF2C49D080224846D204104373
:1012A000814601221B2E09DC20204C46801B8440F5
:1012B0004A462000F240441EA04102439B185A01B6
:1012C00028D50135FF2D00D1A8E00122072494493B
:1012D0001A405B080B4013431C40A6E7002E00D0C9
:1012E00078E775E7FF2C54D080224946D204114399
:1012F000894601221B2E09DC20214846891B884093
:101300004A460100F240481E81410A439B1A5A0195
:1013100000D573E7012241460A40590700D089E70A
:1013200011E04846002858D1FF2C0CD1DB08002BD7
:1013300000D18CE78020C00303435B025B0AFF24DB
:1013400087E7FF2C25D0DB08FF2DF0D05B025B0A7E
:10135000ECB27EE7002C4DD0FF2818D08024E404A6
:10136000724223431B2A00DDC4E01C002025D44028
:10137000AA1A93405A1E934123434A460500D31AA2
:10138000884638E7721CF8D0F243FF28EAD10A00F9
:101390004B46FF25D7E79B015B0A5AE7002E41D158
:1013A000651CE9B2012945DDFF2D00D14FE7072477
:1013B0004B445B081C4038E707225A4B2D1A234048
:1013C000144032E7002C1DD1002B7AD14B46002B64
:1013D00000D191E00A000025B5E7013E002E19D1A9
:1013E0004B446CE7FF2C84D1FF25ACE74A46884686
:1013F000D41A05E7002BC5D10A00FF28C8D0050084
:101400004B46A0E7002B49D14B46002B77D00A0072
:10141000FF2598E7FF2C00D043E787E70A00FF2469
:10142000002316E7002C15D1002B57D1FF28E6D159
:101430004B467BE7002C20D1002B57D04946002992
:1014400053D04B445A0168D50724364A1C40012525
:101450001340EAE6FF28EBD08022D2047642134301
:101460001B2E53DC2025AD1B1A00AB40F2405C1E46
:10147000A34113434B44050021E7002BD8D0494634
:10148000002900D152E78021C9030F4200D14DE766
:101490006046084200D049E74B4647E74846FF25EB
:1014A000002800D14FE78022D203174204D06046C3
:1014B000104201D14B46884601224146FF250A4091
:1014C00041E7484600281FD01A1A500120D54A4645
:1014D0000724D31A1C4088460025A6E6741CC9D0F0
:1014E000F643FF28BCD14B4620E799464B460025E2
:1014F000DB082BE7012340E700220023A9E6802335
:101500000022DB03FF24A4E600251CE70123B1E74A
:10151000002AF1D013000025FCE60025FAE6C046BB
:10152000FFFFFF7DFFFFFFFB41024200C30F490A9F
:10153000120E00207E2A0DD99D2A0CD8802000048E
:101540000143952A0ADC9620821AD1404842002B9A
:1015500000D108007047034A9818FBE7963A91407B
:10156000F4E7C046FFFFFF7F70B500283DD0C317EA
:10157000C5185D40C40F2800FFF786F99E22121A95
:10158000962A07DCD2B2082833DD08388540680285
:10159000400A23E0992A0BDD052329001B1AD940B4
:1015A00003001B339D402B005D1EAB4119430D0012
:1015B000052801DD431F9D402B000F490B406E079E
:1015C00009D00F263540042D05D004335D0102D526
:1015D0009F220B40121A9B01580AD2B24002D20538
:1015E000400AE4071043204370BD0024002200207D
:1015F000F4E76802400AF1E7FFFFFFFB70B5041E45
:1016000034D0FFF741F99E22121A962A07DCD2B293
:1016100008282EDD083884406002400A21E0992A1B
:1016200009DD030021001B3399404B1E994105231E
:101630001B1ADC400C43052801DD431F9C4023009E
:101640000D490B40650709D00F252C40042C05D00F
:1016500004335C0102D59F220B40121A9B01580AE9
:10166000D2B24002D205400A104370BD00220020D1
:10167000F7E76002400AF4E7FFFFFFFBF0B54F46D3
:101680004646D6460C000903C0B5490A470F5E001E
:1016900039431F03DB0F9C4665007B0A570F1F432E
:1016A0006D0DE40F760DA146C000B846D200AB1B0D
:1016B00064457BD0002B5FDD002E00D0A4E03E000F
:1016C000164300D112E15E1E002E00D09EE1871A63
:1016D0004346B84280410125C91A4042091A0B020B
:1016E00000D431E149024E0A002E00D16EE13000F3
:1016F000FFF7CAF80300083B1F2B00DD61E1202241
:101700003900D21A9E40D1409F400E439D4200DDD9
:1017100051E15D1B6B1C1F2B00DD7CE12021C91AF0
:101720003D0030008F408840DD40791E8F41310000
:1017300007222843D940002507433A40002A09D010
:101740000F233B40042B05D03B1DBB42BF417F42D2
:10175000C9191F000B0200D426E26A1CC64B5505AE
:101760006D0D9A4200D106E1C44AFF080A405307B2
:1017700052023B43120B8EE0002B00D0B8E06B1CF2
:101780005B055B0D012B00DC30E1871A4346B84254
:10179000B641CB1A76429E1B330200D54CE13B008A
:1017A0003343A1D100220024002570E0002B00DC8F
:1017B000E5E0002E00D183E0AF4EB54260D0802638
:1017C00036043743B846382B00DC3EE1434613432A
:1017D0001F007A1E97413F188742804140420918F6
:1017E0000B0200D4B0E0A44B01359D4200D1C3E010
:1017F000A24A7B080A4001210F401F435108D3072A
:1018000007221F433A4099E79B4EB54238D08026C5
:1018100036043743B846382B00DDDCE01F2B00DCF4
:1018200030E11E004746203EF740BC46202B04D046
:101830004026F31A46469E403243170063467A1EFE
:1018400097411F43CCE0002B00D104E243461343F1
:1018500000D159E14B07C00818438023C9081B0376
:10186000194208D04546ED081D4204D14346D00830
:10187000590708432900420FC9007F4D1143C0009A
:101880004B07CA087C49C00803438D4268D0120345
:101890006D05120B6D0D002112031800130B0A0DBC
:1018A00012051A43764B2D0513402B435B00E407CA
:1018B0005B08234319001CBC90469946A246F0BD24
:1018C0003E00164312D05E1E002E00D000E18718A5
:1018D0008742804141444042091801250B0233D51B
:1018E000022585E764463300414610001D00C7E726
:1018F000002D00D0DAE00C000443F3D05C1C00D1D2
:101900009FE15D4CA64200D12FE1DB43382B00DD87
:1019100066E11F2B00DD83E120240500E41A0F009F
:10192000DD40D940A0404346A7405B1A441EA04179
:1019300098462F433843171ABA42924143465242BF
:10194000991A64463500CAE607223A40002A00D0B8
:10195000F6E64B07CA084849FF083B438D4296D13B
:101960001900114300D19EE1802109030A431203AB
:10197000120B414D8FE71500002200238BE7002B4F
:1019800000D0C7E06B1C5F057F0D012F00DCF1E08C
:10199000394DAB4200D1B9E085180A008542894132
:1019A0004244494251180722CF076D082F43490886
:1019B0003A401D00C2E607223049ED1A31403A4054
:1019C000BCE63E002838864000279FE63800FEF738
:1019D0005BFF20308EE6434613431F007A1E97417B
:1019E000C71BB84280414042091A78E60E003B000E
:1019F00006431343002D61D1002E00D0F4E0002BEC
:101A000000D11BE164463900100039E71A4FBB4290
:101A10007AD03300FFE630001F3DE840202B03D092
:101A20004021CB1A9E4037437B1E9F41072207432C
:101A30003A400021002589E7171A4346BA42B641C9
:101A4000591A76428E1B64464EE61F2B00DDADE030
:101A500020264746F61AB740B9461700B246DF407F
:101A60004E463E4337005646B240561EB2411743DB
:101A70004246DA408918AEE6FF070000FFFF7FFF0D
:101A8000FFFF0F8020264746F61AB740B9461700D9
:101A9000B246DF404E463E4337005646B240561EE1
:101AA000B24117434246DA40891A99E77F4CA64271
:101AB0005BD0802424045B42214327E7002E0CD115
:101AC000002B00D1CBE0644639001000774DD7E6FB
:101AD000764FBB4218D0330075E6002B14D04B076D
:101AE000C00818438023C9081B03194207D0FC080B
:101AF0001C4204D17907D0080843E14621004C4636
:101B0000420FC9001143C000684DB9E61D00002214
:101B10000023C0E6002D5BD10D00054300D1E2E6B5
:101B20005D1C00D1B0E0614DAE421FD0DB43382BCD
:101B300071DC1F2B00DD96E020250F00ED1AAF4071
:101B4000B9460700AA46DF404D463D432F005546A3
:101B5000A840D940451EA84188440743BF18974272
:101B600092415142414435003AE6644635004146CF
:101B7000100085E60B000343002D00D063E6002B28
:101B8000F5D04346134300D17AE687188742804157
:101B900007224144404209183A400B0200D4D5E6DE
:101BA000434B01351940C9E5380069E61E00474638
:101BB000203EF740BC46202B04D04026F31A464670
:101BC0009E403243170063467A1E97411F4302E648
:101BD000364DAE42CAD080252D045B422943A6E78C
:101BE0000843411E8841A6E6002B00D148E6871A2B
:101BF0004346B842B641CB1A76429E1B33024BD5C0
:101C0000171A4346BA429241591A5242891A072278
:101C100064463A4092E501430F00791E8F419DE7EB
:101C20001C000F00203CE740202B03D04024E31A87
:101C300099400843411E884138437CE60022002435
:101C400025E6171A4346BA429241591A5242891A56
:101C50006446350043E541461000144D10E68022ED
:101C60000024120380E61D000F00203DEF40BC461B
:101C7000202B03D04025EB1A994008430700634608
:101C8000781E87411F4369E7871897429B4141446B
:101C90005B42C9183500A3E53B003343CED0072291
:101CA00031003A4052E600231A00F4E5FF07000035
:101CB000FFFF7FFFF0B55746DE464E464546E0B58E
:101CC000834607000E03480085B092461C00360B81
:101CD000400DCD0F002800D19DE0954B984239D0A2
:101CE0008023F6001B041E43924A7B0F3343994620
:101CF000944603006344009300230026FF000293F0
:101D000023031B0B98466300E40F52465B0D0194BE
:101D100000D1B3E086498B4200D19EE04246D1001B
:101D2000802212040A435146490F11438B468149D0
:101D300052468C4600996344CB1A0021D20000938E
:101D40002B0063409A460F2E00D905E17A4BB6006E
:101D50009B599F465B463343994600D0B8E0022327
:101D60000826002700900293CAE7CB463A00029962
:101D70000195019B9A46022927D0032900D180E2D0
:101D8000012944D06D49009B8C4663441C00002C03
:101D900038DD530700D013E2D2085B46DB0109D5DA
:101DA0005946674B19408B468021C9008C46009BE1
:101DB00063441C00634B9C4207DC5B4664055F0781
:101DC0005B0217431B0B620D02E000230027584AF9
:101DD00000211B031C0B0B0D1B05234314055A4A42
:101DE000380013401C4353466400DB0764081C435F
:101DF000210005B03CBC90469946A246AB46F0BDDA
:101E00000122524201231B1B382B00DCADE10022D2
:101E100000230027DCE75B46334399465ED0002E63
:101E200000D18AE13000FEF72FFD03000B3B1C2B95
:101E300000DD7BE11D22D31A5A460100DA40083941
:101E40008E4013005F46334399468F403F4B002638
:101E50001B1A00930023029352E7414653460B435B
:101E60003B499B468C46009B634400935B46002B9A
:101E70003BD1022300221E43022161E74346134364
:101E80009B4637D04346002B00D162E14046FEF727
:101E9000FBFC03000B3B1C2B00DD53E10200414621
:101EA000083A914088461D21CB1A5146D9400B0073
:101EB00041460B439B46534693401A00009B2549DD
:101EC0009C46604403008C4663440093002137E73E
:101ED0000323B14600900C26029311E700230093E0
:101EE00001330426002702930AE70323C3461E4357
:101EF000032125E701331E430022012120E70023AF
:101F00009A46802300271B03094A61E7802349463C
:101F10001B03194200D1E2E05946194200D0DEE02D
:101F20000B431B0317001B0BA246014A50E7C04698
:101F3000FF07000001FCFFFF00410110FF0300004C
:101F4000FFFFFFFEFE070000FFFF0F800DFCFFFFFD
:101F500001F8FFFFF3030000D94500D9CBE000D121
:101F6000C6E03C0048460027009B013B00935B46CF
:101F7000160E1B021E431302984633041B0C99468F
:101F8000310C0191FEF700FB4A4642430B04210C41
:101F9000050019438A4207D98919013D8E4203D8A9
:101FA0008A4201D9851E8919881A0199FEF7ECFA2F
:101FB00009048C464A46210464464243090C030046
:101FC00021438A4204D98919013B8E4200D8F1E0AD
:101FD0002D041D43AB464346891A4246280C120481
:101FE0001D0C5B46140C22001B041B0C5A4303946B
:101FF0006B434443029568431B19150CEB189C4234
:1020000003D980246402A44660441C0C15041B04FC
:102010002D0C20185D19814277D373D00C1AA24A77
:102020007D1BAF42BF419446009B7F426344E01B4F
:102030001C00864200D1DBE00199FEF7A5FA4A4672
:1020400042430B04290C070019438A4207D9891916
:10205000013F8E4203D88A4201D9871E8919881A06
:102060000199FEF791FA09044A46894629044D462A
:102070004243090C030029438A4207D98919013BCD
:102080008E4203D88A4201D9831E89193F04891AD6
:102090003A00039F1A43380013041B0C584381462F
:1020A0000298150C6F43434345434846000C844651
:1020B000DB1963449F4203D9802040028446654473
:1020C00048461F0C00041B04000C7D191818A94277
:1020D00000D284E000D17FE001231A4357E6802339
:1020E0004A461B0313431B031B0BAA466F4A6FE6AA
:1020F000BA4200D935E74B46DC0758087B081C4339
:10210000FF0734E70024AF4289D247444745A44142
:102110005B466442A4196418013BA6421ED2A04249
:102120006DD800D1B6E0241A9B4678E703005A46E2
:10213000283B9A400027914688E65846FEF7A4FBC4
:10214000203072E603005246283B9A409346002214
:10215000B4E65046FEF798FB20309AE6A642E2D15C
:10216000B845DCD9341A9B4659E71F2B65DC504C27
:102170000099A4465C46614408008C4011008240EE
:10218000D940501E82410C4314435A46DA40130092
:10219000620709D00F222240042A05D02200141D14
:1021A0009442894149425B181A0262D501220023F8
:1021B00000270DE68A4200D80AE7831E891907E73F
:1021C0000F231340042B00D1E6E5171D97429241DF
:1021D00053429B44FA08E0E5002800D1D7E5711886
:1021E000531EB14227D3A94215D358D01A0073E722
:1021F000002B00DC04E6012300229B44CDE50223F2
:102200004744474589415B429C46494289190C191C
:10221000E344241A03E743465F0047459B41B84621
:102220005B429E19023A8919A94200D054E7404501
:1022300000D051E7ABE51A00F6E71F215F4649429F
:102240000C1BE740202B07D01A49009B8C466344A7
:1022500018005B4683401A43501E82413A430727C9
:102260000023174009D00F21002311401400042936
:1022700095D122005F075B021B0BD2081743002297
:10228000A6E5802359461B030B431B0317001B0BBA
:10229000064A9DE5BD42B2D89B460024BFE6804574
:1022A000B9D31A00C3E7C046FF030000FF070000D0
:1022B0001E0400003E040000F0B54F464646D646D8
:1022C0008446C0B58046194E18030F034D00000B1D
:1022D0005C0082463F0B6D0DC90F9146640DDB0F0C
:1022E0000120B5420AD0B44203D0A54201D15745DE
:1022F0000CD01CBC90469946A246F0BD66463E43B3
:10230000F7D1AC42F5D154461443F2D10120C8456F
:10231000EFD1994207D0002DEBD163461F4338001F
:10232000471EB841E5E70020E3E7C046FF0700008D
:10233000F0B54F464646D6464D00C0B50E03C90F10
:102340008A462C491F035C008046360B6D0D914672
:102350003F0B640DDB0F8D421ED08C4216D0002D3A
:102360001ED130438446002C01D13A4323D062462B
:10237000002A1AD09A4529D0514602200139084036
:1023800001381CBC90469946A246F0BD3900114365
:10239000E5D002204042F4E73043FAD1AC420FD0FE
:1023A000002C0FD13A43E7D00CE00122013B9343CC
:1023B00018000130E5E763460020002BE1D0DBE7A1
:1023C0003A43E6D19A45D7D1A542D5DCA54205DBF3
:1023D000BE42D1D808D00020BE42D2D250460123FE
:1023E000013898430130CCE7C845C5D80020C8451E
:1023F000F4D3C6E7FF070000F0B54F464646D64681
:102400004D00C0B50E03C90F8A462E491F035C005C
:102410008046360B6D0D91463F0B640DDB0F8D42F0
:1024200018D08C4211D0002D18D130438446002C96
:102430001ED13A431CD163460020002B30D05146B8
:1024400002200139084001382AE039001143EAD05E
:10245000022025E03043FBD1AC4226D0002C26D10F
:102460003A4324D15146022001390840013817E08F
:102470006246002A0FD09A45E1D1A54205DBBE4253
:10248000DDD819D00020BE420AD2504601230138BF
:102490009843013004E00122013B934318000130CE
:1024A0001CBC90469946A246F0BD3A43D0D19A450D
:1024B000C5D1A542C3DCE0E7C845C0D80020C84567
:1024C000E3D3EDE7FF070000F0B55746DE464E4682
:1024D0004546E0B5834606000F03480087B09246A4
:1024E0001D003F0B400DCC0F002800D16FE0DE4BEC
:1024F000984238D08023FF001B041F43730F3B43D7
:102500000193DA4B0027994600239B46F60081444D
:102510002B0369001B0B52469846490DED0F00290D
:1025200000D185E0D04B994200D173E04346DA00F8
:1025300080231B0413435246CC48520F8446134356
:10254000524600206144D200894421006940009134
:102550008C46012149448A460F2F00D990E0C44996
:10256000BF00CF59BF465B463B43019300D06AE1B1
:1025700002230827002681469B46C9E732005846B9
:10258000019B61460091022800D175E0032800D12B
:10259000FEE1012800D02CE10023002700260025C1
:1025A0003F032A0D3F0BB34812053A4302401B0577
:1025B0001343009A5B00D1075B080B4330001900FE
:1025C00007B03CBC90469946A246AB46F0BD5B4680
:1025D0003B43019300D12FE1002F00D1A5E138004A
:1025E000FEF752F903000B3B1C2B00DD96E11D2288
:1025F000D31A5A460100DA405E4608398F4013006C
:102600008E403B4301939C4B00271B1A99460023A5
:102610009B467DE7414653460B4393498C46E14434
:10262000002B00D01AE102220220174300228CE77F
:10263000134300D10DE14346002B00D181E1404618
:10264000FEF722F902000B3A1C2A00DD72E10100BC
:10265000434608398B4098461D239A1A5346D34067
:102660001A004346134352468A404946081A824993
:1026700089468144002068E77B4B002700268EE7CF
:10268000140C1204120C1100370C3604350C79436B
:1026900028008C462E006043604483465643210048
:1026A000300C80465846794340440291844506D90F
:1026B0008846802149028C46E04441460291360416
:1026C000010C360C00048B4681191E0C1B041B0CDC
:1026D0000391190079438C46280075436544A84648
:1026E0005843050C45447743A94203D98021490248
:1026F0008C466744290C8C4639000004000C2D04DC
:102700002D186144AB4405915946049101990F0479
:102710003F0C080C390051434243904602008C465E
:10272000090C8B4662437C4344445C44A04503D976
:102730008021490288464244210C884661460904AA
:10274000090C8C4639005943434370437E430F0CB8
:10275000F6182404BE19644442448C46B34203D99B
:1027600080235B0298464044029B61469846049B46
:10277000370443449B46AB45AD416B420D0405997C
:102780002D0C8C467F196744FD18A8465D462D190F
:10279000A542A44193466442A446C344DC448F420C
:1027A000BF4198459B4193459241A445A4415B425A
:1027B0007F421F43360C52426442BF192243BF1866
:1027C000624638184302D20D039913436A020A4342
:1027D000501E82416146ED0D2A434E023243D9011B
:1027E00000D4B3E00126500832400243DE073243F2
:1027F0005B08224C5444002C62DD510709D00F20A5
:102800001040042805D0101D9042924152429B185E
:102810000200D90104D580241948E400034054443F
:102820001848844200DD27E75E075B02D2081F0BD1
:10283000630516435B0DB2E6002399460133042776
:1028400000269B4664E60323019781460C279B469E
:102850005EE6012201201743002276E603230320CF
:102860001F43434671E6C046FF07000001FCFFFF1F
:1028700040410110FFFF0F800DFCFFFFFF03000030
:10288000FFFFFFFEFE0700000023802700933F03A9
:102890000026434B83E6019B3200A446584670E66F
:1028A000AC466EE6802701993F0339422DD03B426A
:1028B0002BD11F433F033F0B00951600384B6EE6AC
:1028C00001252D1B382D00DD66E61F2D40DC354827
:1028D0001C005044160082408440EE40501E82414D
:1028E00034431443EB40620709D00F222240042AEC
:1028F00005D02200141D9442804140421B181A0248
:102900003ED501230027002649E68027019B3F038F
:102910001F433F033F0B0094214B40E603005A4600
:10292000283B9A40002601926DE65846FDF7ACFF21
:10293000203057E603005246283B9A4013000022FD
:1029400093E65046FDF7A0FF20307BE6CA4650E7ED
:102950001F201E004042041BE640202D03D0124CD5
:102960005444A3401A43501E824132430726002795
:10297000164009D00F200023104014000428B9D1BC
:1029800022005E075B021F0BD2081643002306E6F7
:1029900080273F031F433F033F0B1600004BFEE51C
:1029A000FF0700001E0400003E040000F8B5574673
:1029B0004E464546DE460C000903E0B5490A460F7F
:1029C0005F0031431E03DB0F760A9B46530F3343F0
:1029D000C84E6500C000E40FD2006D0DA2468146CE
:1029E0007F0D9C469046B74200D1B9E05B46012678
:1029F00073409B46EE1BA34500D183E0002E63DDB0
:102A0000002F00D0B1E06346134300D123E1731ED1
:102A1000002B00D0BAE1861A6346B04280410125FE
:102A2000C91A4042091A0B0200D447E149024B0A75
:102A300098464346002B00D189E14046FDF724FF2C
:102A40000300083B1F2B00DD7CE120223000D21A5E
:102A50004146D040994002009E400A439D4200DD1D
:102A60006AE15D1B6B1C1F2B00DD94E1202110002F
:102A70003500C91A8E40DA408840DD40711E8E4113
:102A8000110007222843002506433240002A09D0BE
:102A90000F233340042B05D0331DB342B641764299
:102AA00089191E000B0200D43DE26A1C914B5505AA
:102AB0006D0D9A4200D119E18F4AF6080A40570776
:102AC00052023743120B9BE0002E00D0C5E06E1C73
:102AD0007605760D012E00DC48E16746861ACB1B91
:102AE000B042BF417F42B8461F004346FF1A3B0039
:102AF000B8461B0200D55FE137439AD1002200247B
:102B0000002579E0002E00DCFAE0002F00D18DE0F6
:102B1000784B9D4267D0802367461B041F43BC4609
:102B2000382E00DC52E1634613435A1E93411E18AF
:102B300086428041404209180B0200D4BEE06D4B32
:102B400001359D4200D1D2E06B4A73080A40012151
:102B50000E401E435108D30707221E43324095E71B
:102B60001E00164300D045E740E7624B9D423AD035
:102B7000802367461B041F43BC46382E00DDEBE074
:102B80001F2E00DC3AE133006746203BDF403B006C
:102B9000202E05D04027BF1B6646BE4032439046DC
:102BA0004646721E96413343DAE0002B00D114E210
:102BB0006346134300D168E180234E07C008C9086B
:102BC0001B030643194208D06046C008184204D1CE
:102BD00063460100D2085E071643F3009946C90018
:102BE000720F444D11434B46DE08424B4F073743AB
:102BF000CA089D4200D16EE012036D05120B6D0DE7
:102C000000211203130B0A0D12051A433B4B2D052D
:102C100013402B435B00E4075B0823433800190093
:102C20003CBC90469946A246AB46F8BD634613436A
:102C300011D0731E002B00D007E186188642804118
:102C400061444042091801250B0237D502257BE774
:102C50003E00614691463500C5E75C46002D00D038
:102C6000E1E00B000343F3D0731C00D1ACE1214B36
:102C70009F4200D13AE1F343382B00DD6FE11F2B77
:102C800000DD8CE120250E00ED1AAE40B0460600B6
:102C9000AA46DE40454635432E005546D940A84059
:102CA0006346451EA8415B1A9C463043161AB24241
:102CB000924163465242991A3D00B4E607223240DF
:102CC000002A00D0E4E60B4BF6084F073743CA084A
:102CD0009D4200D090E73B00134300D1A6E1802342
:102CE0001B031A431203120B024D89E71500002241
:102CF000002785E7FF070000FFFF7FFFFFFF0F8032
:102D0000002E00D0C7E06B1C5E05760D012E00DCA6
:102D1000F0E0C84DAB4200D1B9E085180A00854209
:102D200089416244494251180722CE076D082E435B
:102D3000490832401D00A9E6BF49ED1A114007229B
:102D40003240A3E6320028388240002686E6300072
:102D5000FDF79AFD203073E6634613435A1E9341F4
:102D6000C61AB04280414042091A5CE60E0067462E
:102D700006431743002D5ED1002E00D0F3E0002F54
:102D800000D11EE15C46614691462CE7A94FBE4248
:102D90007BD01E00F1E610001F3DE840202B03D041
:102DA0004021CB1A9A401643731E9E4107220643C8
:102DB00032400021002583E7161A6346B242804163
:102DC000591A40420B1A98465C4632E61F2E00DD27
:102DD000ABE02027BB1B9A4663465746BB4099464B
:102DE00013004F46F3401F433B005746BA40571E5F
:102DF000BA4113436246F240891898E62027BB1B6C
:102E00009A4663465746BB40994613004F46F340E7
:102E10001F433B005746BA40571EBA411343624610
:102E2000F240891A9CE7834B9F425FD080252D0496
:102E30007342294320E7002E0CD1002F00D1D0E0AF
:102E40005C46614691467B4DCDE67A4FBE421CD032
:102E50001E0065E6002F18D0C0084E0706438020EC
:102E6000C9080003014208D06346DC08044204D1CB
:102E70002100DA46D2085E071643F3009946012482
:102E80005346C900720F11431C406A4DABE61D004A
:102E900000220027B4E6002D59D10B00034300D1D6
:102EA000D6E6731C00D1B2E0624B9F421ED0F343C2
:102EB000382B6FDC1F2B00DD97E020250E00ED1A6C
:102EC000AE40B0460600AA46DE40454635432E00D9
:102ED0005546A840D940451EA8418C440643B61823
:102EE00096429241514261443D0025E63D006146D3
:102EF000914678E60B000343002D00D055E6002BE9
:102F0000F5D06346134300D16DE6861886428041B2
:102F100061444042091800220B0200D4D0E6464B1F
:102F200001351940B2E5B1465DE633006746203B06
:102F3000DF403B00202E05D04027BF1B6646BE4029
:102F4000324390464646721E96413343EFE5394B75
:102F50009F42CBD080252D0473422943A8E7084324
:102F6000411E8841A2E6002F00D13CE66346861A46
:102F7000CF1AB0429B415B42FB1A98461B024ED5CA
:102F8000161A6346B2429241591A5242891A5C4655
:102F900000227BE501430E00711E8E419FE71D005C
:102FA0000E00203DEE40B046202B04D04025EB1A09
:102FB00099400843814648464346411E884118438C
:102FC00074E60022002417E6161A6346B2429241C4
:102FD000591A5242891A3D0025E561469146154D20
:102FE00001E680220024120379E61D000E00203D38
:102FF000EE40B046202B04D04025EB1A9940084300
:1030000081464E464346711E8E411E4367E7861831
:1030100096429B4161445B42C9183D008CE547469E
:103020003743CED007224146324049E600273A00D6
:10303000E6E5C046FF070000FFFF7FFF70B50C4EBE
:103040000D031C0349005B002D0B490D240B5B0D88
:10305000B14208D0064900208B4203D1144320001E
:10306000441EA04170BD05430120002DFAD1F1E7B7
:10307000FF07000030B5144D0A034B00120B5B0D27
:10308000C90F0024AB4211DD104CA34210DC802498
:10309000640322430E4CE41A1F2C0CDD0D48C31AA6
:1030A000DA4013005C42002900D11C00200030BD32
:1030B000094BCC18FAE7094DE040AC4663449A400E
:1030C00013000343EEE7C046FE0300001D040000AA
:1030D0003304000013040000FFFFFF7FEDFBFFFF40
:1030E00070B500282DD0C317C5185D40C40F280047
:1030F000FDF7CAFB154B1B1A5B055B0D0A2815DD96
:103100000B38854000222D032D0B002110002D03CC
:103110000A0D2D0B12052A430D4D1B052A401343A2
:103120005B00E4075B082343190070BD020029001F
:10313000153291400A000B21081AC5402D032D0BB2
:10314000E3E70024002300250022DEE71E04000040
:10315000FFFF0F8010B5041E25D0FDF795FB144B23
:103160001B1A5B055B0D0A2812DD0B388440002218
:103170002403240B0021100024030A0D240B120544
:1031800022430C4C1B05224013435B00590810BD21
:1031900002002100153291400A000B21081AC44098
:1031A0002403240BE6E7002300240022E2E7C046C4
:1031B0001E040000FFFF0F8010B5002903D1FDF7AA
:1031C00063FB203002E0081CFDF75EFB10BDC0462B
:1031D000F0B54E465746DE464546E0B50F000021A5
:1031E00083B006008946002F06DA390000274642E0
:1031F0008F41012149428946002B07DA4946C943DC
:10320000100089461900002342428B4134003D00E2
:1032100092469846BB4269D866D041465046FFF771
:10322000CBFF834639003000FFF7C6FF5B461B1A11
:103230009C46203B9B4600D575E051465846814050
:103240000B005146604681400A00BB4261D85ED007
:1032500034003D005946A41A9D41002900DA7AE065
:103260000021002001260090019159468E400196D0
:10327000614601268E4061460096002950D0D9074C
:1032800056085F080E4363460EE0AF4201D1A642E6
:103290000CD8A41BBD41012124196D410022013B22
:1032A00064185541002B06D0AF42EED9013B2419DA
:1032B0006D41002BF8D1009801995B4600196941D6
:1032C000002B3DDB2E00DE4063462C00DC405B46DD
:1032D000002B4BDB34005D46AC4023006446A64027
:1032E0003200801A994103E0B24296D900200021B1
:1032F0004B46002B04D003000C0000215842A14192
:1033000003B03CBC90469946A246AB46F0BDB142E4
:103310009ED9002100200090019161460029AED184
:1033200000980199E4E72023624651469B1AD94050
:103330004046009161468840030000990B4380E7B6
:10334000624620239B1A2A009A40260013006246F8
:10335000D6401E43B8E7614620260127761A002092
:103360000021F74000900191019781E767462023F3
:1033700062463500BC409B1ADD4023002B43ADE77D
:10338000024670B50A4392072AD11E4DEE0104C8C9
:1033900008C9541B9443344017D0D0B2D9B2401A54
:1033A0002106014310D190B299B2401A2104014381
:1033B0000AD110021902000A090A401A2102014327
:1033C00002D1100E190E401A70BD9A42DFD010BA09
:1033D00019BA884201D9012070BD0020C04370BDD8
:1033E00002780B7801300131002A09D09A4207D1C6
:1033F00002780B7801300131002A01D09A42EFD0D7
:08340000D01A70BD01010101A9
:1034080010B502F055F9064C2368002B07D083420B
:1034180005D800210A2002F07DF90023236010BDA1
:04342800C01C0020A4
:10342C0070B505000C0002F041F90A235C43044A14
:10343C00241829001800146002F06AF970BDC04607
:04344C00C01C002080
:1034500070B5062002F012FA444244410720E4B25B
:1034600002F00CFA002801D102231C43082002F0CC
:1034700005FA002801D104231C43092002F0FEF9BB
:10348000002801D108231C43022002F0F7F900288C
:1034900001D110231C43032002F0F0F9002801D1D0
:1034A00020231C43042002F0E9F9002801D1402325
:1034B0001C43052002F0E2F9002801D180231C43BF
:1034C000094B0A4D1A78A24203D01C7002F0F4F89E
:1034D000286002F0F1F82B68C01A054B072800D9C4
:1034E0001C70187870BDC046EA080220241C002019
:0434F000E9280020A7
:1034F40070B50E2002F0C0F944424441094BE4B2D5
:103504001A78094DA24203D01C7002F0D3F8286047
:1035140002F0D0F82B68C01A044B312800D91C7073
:10352400187870BD622800202C1C0020EB080220B3
:10353800F0B50024674B684A1C70684BC7B01C7014
:103548001378557891781A006A40914207D1222B56
:1035580007D8202B44D2012B34D0022B3DD047B0C2
:10356800F0BD232B51D0F02BF9D15D4E0422311D33
:1035780006A80BF099FB5B4D042206A9280000F071
:10358800FDFA280000F024FA5749280002F049F80B
:10359800042204A92800049402F045F8049F534B20
:1035A8007A1E31009A4235D90831042206A80BF058
:1035B8007BFB042206A9280000F0E0FA280000F0AE
:1035C80007FACCE70422464906A80BF06DFB042253
:1035D80006A9444800F0D2FAC1E7454B0693F6E73E
:1035E800002D06D129000A2002F094F8414B1D60F5
:1035F800B5E711202B115843C0B20028AFD00F21D6
:103608002940ACD0FFF70EFFA9E7691E8D413A4B60
:103618001D70A4E70C31042206A80BF045FB042218
:1036280006A9280000F0AAFA280000F0D1F93B000A
:10363800FF331B0A01932B4D3049280001F0F1FF9D
:10364800802206A95200280001F0EDFF80235B00CC
:10365800984200D083E7002303AE33800222310072
:10366800280001F0E0FF022800D078E706A800F063
:1036780053F8727833781202134305AE834208D0A8
:1036880017490422103130000BF00EFB04223100E0
:1036980091E780221A4B2002C018520006A90BF0AD
:1036A80003FB184BE2B233800D235B425340B270E8
:1036B800310004222800F37000F060FA280000F0BE
:1036C80087F9019B0134A342B5D139000C4800F0B9
:1036D8001BF8C046E4280020E5280020E828002040
:1036E800503F01108C19002030750000FFDF0100E9
:1036F800AA5601FFC01C0020940300208813000074
:10370800EA280020AAF3FFFF01B40248844601BC5E
:10371800604700BF0100042001B40248844601BC90
:08372800604700BFC100002052
:103730000B4A10B51378002B06D1AA2803D101211A
:103740001170084A137010BD06490A78531CDBB289
:103750000B7005498854022BF5D9FFF7EDFEF2E70F
:0C376000E4280020E8280020E5280020D4
:10376C00E12130B58BB04902134801AC00F074FB79
:10377C002200124B143323CB23C223CB23C223CBE3
:10378C0023C2002563590221D8B2043502F00CF88B
:10379C00242DF7D101210A2002F006F800210A207D
:1037AC0001F0B6FF0121192001F0FEFF0821FF20D6
:1037BC00FFF736FE0BB030BD8C190020503F0110C6
:1037CC00F7B5294E300000F057FA002806D030002B
:1037DC0000F0DAFAC0B2FFF7A5FFF2E7FFF70EFE32
:1037EC0001F064FF214F3B68C01A0F283BD9FFF74B
:1037FC0029FE1F4B04001B781E4D002B09D0020024
:10380C002B789A4353B2002B03D00321FF20FFF7F0
:10381C0007FE6A46184B94701380E3436946D370D5
:10382C00300004222C7000F0A7F9FFF75DFE134B5B
:10383C0005001B7883420BD0114B01A90B80C343AD
:10384C00887004223000CB7000F096F90B4B1D7081
:10385C002C4301F02BFFE1B24C1EA1413860C9B2E0
:10386C00192001F0DFFFF7BD8C1900204424002043
:10387C0094030020EC080220AA42000095030020CB
:04388C00AA4300004B
:1038900070B5104C10492068104A114B88420FD166
:1038A000606890420CD1A068984209D100250D486B
:1038B000256009F0A1FA03008020290080049847C0
:1038C000216009480021A360626009F003F9002328
:1038D000236070BD58110020DE8116F0299B72BD57
:0C38E0007ABE59D355420000A0860100BA
:1038EC000B00F0B50F2700260E33023902003A40C8
:1038FC00D5B22C0000093034092A00DD07341C70C5
:0A390C005E70023B9942F1D1F0BD5C
:043916001E207047B8
:02391A007047F4
:10391C0013B50400684608F061FD21000098FFF71C
:10392C00DFFF210001981031FFF7DAFF202016BDD0
:10393C0010B5192001F0A4FE0400044809F056FA51
:10394C00030001200021A0409847C04655420000CA
:02395C007047B2
:0A395E0010B50C220BF0A5F910BD06
:0E396800C36810B5002B01D09B68984710BDB6
:0C39760010B50400FFF7F5FF200010BDA5
:04398200002070476A
:103988009A2370B55B00C35C05001400002B1CD1A2
:103998000368DB699847F0210C4B09012140C918DD
:1039A8004B1E9941F0232340303B5A4253410F228A
:1039B8000731144001330D3A012C02D0023C624217
:1039C8006241A869006804F0D8F970BD00FDFFFFE6
:1039D8009A2310B55B00C35C0400002B05D1A369D2
:0C39E800186804F0FAF90028F9D010BDAE
:1039F4009A2370B55B00C55C0400002D14D1836963
:103A0400002B0CD01868002809D00368DB6898479D
:103A1400A36904211D60A06907F0DEFCA5610023F1
:0A3A2400FC34E3622363636370BDAA
:103A2E009A23F7B55B00C35C0400002B2AD18025D6
:103A3E00FF276D00A369186804F0B0F9002821D0A3
:103A4E0006F0F5FFA369012218686B46DE1D0368B8
:103A5E0031005B6998472300FC335A6BAA420ED0A3
:103A6E005A6BAA420BD02200D96A307828325054B1
:103A7E00DA6A01323A40DA625A6B01325A6306F060
:063A8E00ECFFD7E7F7BDD5
:103A94009A2210B552000300805C002806D0012051
:103AA40001F018FE054801F06AFA10BD9B69002B6D
:103AB400FBD01868431E9841C0B2F6E7D416002024
:103AC40070B504000D0001F05AFA0300002083428F
:103AD40004D0236829001B6C2000984770BD08B4EB
:103AE400024B9C46024BC01A08BC6047C53A001002
:043AF400400100008D
:103AF80037B56B46DC1D9A2321705B00C35C05005B
:103B0800002B04D0C9B20A48FFF7D8FF3EBDAB6905
:103B1800186804F062F90028F9D0AB690122186826
:103B2800210003681B6998470130431E9841EDE75F
:043B3800D41600207F
:103B3C00F7B5060001911700002401F01CFAA04211
:103B4C000DD0A7420BD93D1B402D00D94025019B20
:103B5C002A001919300000F039FF6419F1E7200030
:103B6C00FEBD08B4024B9C46024BC01A08BC604711
:083B7C003D3B00104001000078
:103B84009A2370B55B00C35C05000E001400002B83
:103B940005D00F48FFF7D0FF0400200070BDAB69CB
:103BA400186804F01CF90028F9D0AB6901211B68DE
:103BB40018005B6F74301B6B9847AB692200186860
:103BC400310003681B699847431CE6D10024E4E7ED
:043BD400D4160020E3
:103BD800F0B5C3B0050001F0BBF9932380229B0028
:103BE800E918CB6852000400D31A984201DDCC686A
:103BF800141B01AB220002A92800A82600F0E5FF4B
:103C08000021019802AB241A76001C199323802204
:103C18009B00EB18DF685200974211D081420FD009
:103C2800DF6897420AD05A68675CAA1897555A689D
:103C38000132D2B25A60DA680132DA600131E5E75E
:043C480043B0F0BDD8
:103C4C0070B5040000F0A0FB2000FFF7BFFF93232A
:103C5C009B00E318DD68200000F09DFB280070BD80
:103C6C0008B4034B9C46034BC01A08BC6047C046C3
:083C7C004D3C00104001000066
:103C84009A2310B55B00C35C0400002B05D00648E2
:103C9400FFF7DAFF0400200010BDFC3406F0CCFE70
:0C3CA400646B06F0DFFEF6E7D41600208B
:103CB00070B5040000F06EFB2000FFF78DFF93232A
:103CC0009B00E318DA68002A09D0A8229B685200FA
:103CD000E3189D5C200000F064FB280070BD012506
:103CE0006D42F7E708B4034B9C46034BC01A08BC6F
:0C3CF0006047C046B13C001040010000DD
:103CFC009A2310B55B00C35C0400002B05D00B4865
:103D0C00FFF7D0FF0400200010BD06F091FE230049
:103D1C00FC335A6B002A05D01B6B2834E45C06F08C
:103D2C009DFEF0E701246442F9E7C046D41600205A
:103D3C0070B5040000F028FB2000FFF747FF932329
:103D4C009B00E318DA68002A10D0A8219A68490071
:103D5C00A218555C9A680132D2B29A60DA68013ABC
:103D6C00DA60200000F017FB280070BD01256D42C1
:103D7C00F7E708B4024B9C46024BC01A08BC6047DC
:083D8C003D3D00104001000064
:103D94009A2310B55B00C35C0400002B05D00E48C9
:103DA400FFF7CAFF0400200010BD06F045FE230003
:103DB400FC335A6B002A0CD01A6B2834A45C1A6B9F
:103DC4000132D2B21A635A6B013A5A6306F04AFEC0
:0C3DD400E9E701246442F9E7D41600205E
:103DE000802210B50400520000210AF0F3FF2300E6
:0E3DF0000022FC335A6020009A60DA6010BD99
:103DFE0010B542680368086854100019D20701D53F
:083E0E000268D358984710BD6B
:0C3E160010B501000430FFF7EFFF10BDF5
:103E240010B5024BC3601CC91CC010BD80410110F9
:103E340010B586B00400684603910092436004AB59
:103E440006C806C3200003A9FFF7EAFF200006B056
:023E540010BD9F
:0C3E560013B50400FFF7EBFF200016BDC1
:103E64009A2370B55B00C35C86B004000D00002B80
:103E740036D18669002E04D1042007F07DFAA061B2
:103E84000660A369186800282CD1783007F074FA0A
:103E940006002223E25E2023E15E2B0004F08EFA6A
:103EA400A3691E602423E25E531C06D0A069262168
:103EB400635E0068032104F08FFAA3691D68002D76
:103EC4000ED00026094A3300210002A8FFF7C1FFE3
:103ED4002800320002A903F0EDFF02A8FFF749FD14
:103EE40006B070BD290003F039FFDBE72F3A00105C
:083EF40010B5FFF78EFF10BDB1
:083EFC0010B5FFF7F9FF10BD3E
:103F0400F7B51A4B1A4DFA260024083300932B6098
:103F14002023B600AE606C6016486B61AC61EC6146
:103F2400FFF75CFF9A22012752002000AF5401F0F2
:103F3400ABFB0190380001F0A7FB20230E4D009944
:103F44006B616B469B88AE602B84012368845B4263
:103F54006C600A482960AC61EC61AB84EB84FFF7C8
:103F64003DFF9A225200AC54F7BDC0468C4101106B
:103F7400C41A0020EC1A00208C190020B419002067
:043F84000020704762
:023F8800704780
:023F8A0070477E
:103F8C0010B5054BC458002C05D023682000DB6A03
:0C3F9C009847A468F7E710BD8C050000F2
:103FA80070B50D00054BC458002C06D023682000BE
:103FB800DB6829009847A468F6E770BD8C05000007
:083FC800004870475C42011043
:103FD00010B50400044B036005F008FD200005F057
:0C3FE0003BFE200010BDC046DC4101107B
:103FEC0010B50400FFF7EEFFB2212000C90007F066
:063FFC00EFF9200010BDEA
:10400400F0B50F4B0500C458002385B0019102AAF6
:10401400D61C002C12D0236801991F69320003AB0F
:104024002000B84731780300042905D0039A2800FA
:1040340004F080FF05B0F0BDA468E8E73178F5E747
:044044008C050000E7
:1040480070B50E0005000021002A0CD10A4BC45897
:10405800002C0ED0236800225B69310020009847AD
:10406800002804D00121280004F02EFD70BDA468AA
:0C407800EEE72100F7E7C0468C050000D1
:1040840070B50E0005000021074BC458002C07D062
:104094002368310020009B699847A4680100F5E774
:0C40A400280004F01DFE70BD8C0500001B
:1040B000F8B505000E001700084BC458002C07D0B7
:1040C00023682000DB693A0031009847A468F5E7CF
:1040D0002800012104F072FEF8BDC0468C050000E6
:1040E000F0B5002187B0040005F09EF86B46002271
:1040F000DA80238901A9A588E28889260B731B0A27
:104100004B730F4BEF27CB81042376000E80113EBB
:10411000FF3ECE704E710D728A72FF330A34013E3B
:104120002D0A120AC871CA720F718E714D720B82FC
:10413000122220000AF0BCFD200007B0F0BDC046EE
:044140000102000078
:10414400F8B506000C000500002730000BF034F928
:10415400AB1B984205D92B78677023700135023464
:08416400F3E74000C0B2F8BD12
:10416C0070B504000C4BC558002D07D02B682800E7
:10417C005B6A9847002802D1AD68F5E72800A925AD
:10418C00064BED006353064BE118FFF7D5FF635D5B
:10419C00C0186055601970BD8C050000020300004A
:0441AC004A050000C0
:1041B00070B5A125064BED004353064B0400C11812
:1041C0000548FFF7BFFF635DC0186055601970BDFB
:0C41D000020300000A050000C0410110BD
:1041DC0070B59925064BED004353064B0400C018EF
:1041EC00FFF796FB635DC0186055601970BDC04643
:0841FC0002030000CA040000E8
:104204000023F0B587B003A98B71B123DB00C35C35
:1042140005000B7101234B71BF33CB713A330B7221
:10422400CE2309249B00154AC7180392380009229B
:104234000AF03CFD124BEE58002E17D033680021D3
:104244009B6830009847C37882781B021343093B6C
:104254000193CE2301009B00E01828180931019A2C
:104264000AF024FD019BB668E418E5E73800054B25
:10427400EC54054B2412EC5407B0F0BD0902FFFFC7
:0C4284008C0500003A0300003B03000022
:1042900073B504000D00160007F0A2FE80235B003A
:1042A000010000932A003300200005F081FC024B3E
:0C42B0002000236076BDC046DC410110F8
:1042BC0010B50E4A04008358002B12D18150B12343
:1042CC00DB00E25C48790A71E25C1218E2540B687C
:1042DC0008009B6A9847238918182081012010BD7B
:1042EC0013009A68002AFBD19960E8E78C0500005E
:1042FC001FB5040004F08AFF0100684604F034F98D
:10430C004021684604F0AAF9074BE458002C06D06B
:10431C00236820001B6A69469847A468F6E768463C
:0C432C0004F029F91FBDC0468C050000FC
:1043380010B50400FFF7DEFF200004F04DFF10BDAC
:1043480070B50D4D2B78BFF35B8F0C4CDB0711D488
:10435800280006F001FE00280CD0C02208492000E1
:10436800FFF792FF280006F019FE064A06492000CA
:1043780006F0DEFD200070BD001C0020B41E0020E9
:0C4388008A2E000090030020D13F00109E
:0E43940010B5FFF7D7FF03685B6F984710BDA9
:0E43A20010B5FFF7D0FF03689B6F984710BD62
:0E43B00010B5FFF7C9FF0368DB6F984710BD1B
:0843BE0010B504F05EFA10BD19
:0843C60010B504F070FA10BDFF
:0843CE0010B504F044FA10BD23
:0243D60070472E
:0243D80070472C
:0243DA0070472A
:0843DC00436A7833187870473A
:0643E400FC30806A704706
:0443EA0001207047F7
:0843F00000487047C8430110AA
:1043F800F0B505009BB007AC4B220F002000002150
:104408000AF0E4FC2B00FC339B6A05215A1E9341F9
:1044180000202E795B421940731CDBB20193AB7B01
:1044280002932B7B03936B7B0493874200D0A5E018
:104438006176534906A86183102161770B39E177CA
:104448002421471D0922F9772527627406A8053A11
:10445800C019A274033A027006A8C71D0320494B6D
:10446800F8772380BF3BFF3BA370812308AFFA771F
:1044780004275B00A380823BE37162754E3B227682
:10448800A27706A80832121823722A3BD7776372DC
:104498000A220333A3723C4B06A8A38102231218F5
:1044A800D1770591073706A97F18FB7706270521DD
:1044B80009A8C77711A801702D2006A94018242142
:1044C800E672A373E674A375E37501702E2006A93E
:1044D800401807702F204018694606700E7912A8F8
:1044E80006703126072006A976183070322676180D
:1044F80005213170332606A9761869460F7A06A970
:104508003770224E102726863726761837700927E7
:1045180014AE377039260427761837703A2676187D
:1045280069460F7906A93770194E1D352687412629
:10453800761830703B30401805210170432106A8D9
:10454800091868464426007B0870124906A8801995
:10455800018011492800D1874A2206A952186946C4
:10456800097C11704B2206A952181370402219AB0E
:104578001A7021000B320AF097FB28001BB0F0BD1F
:1045880005240000090200000202000003400000A8
:0C459800020A00000240000007050000BD
:1045A40010B504000A4B08330360FFF7CBFE05F097
:1045B4001BFA2000D03004F0EEF820007C3004F028
:1045C400EAF82000703004F0E6F8200010BDC04680
:0445D400804301100F
:1045D80010B50400FFF7E2FF94212000490006F01F
:0645E800F9FE200010BDE9
:0845EE0010B5FFF7DEFE10BD61
:1045F80010B50400024B036003F07CFF200010BDDF
:04460800A4420110B7
:10460C0010B50400FFF7F2FF2000282106F0E0FEB1
:04461C00200010BDAD
:1046200010B50400024B036003F068FF200010BDCA
:0446300074420110BF
:1046340010B50400FFF7F2FF2000342106F0CCFE91
:04464400200010BD85
:1046480010B50400024B036003F054FF200010BDB6
:044658008C4201107F
:10465C0010B50400FFF7F2FF2000382106F0B8FE79
:04466C00200010BD5D
:1046700070B50D000400072217490F300AF018FB2F
:1046800040220221280003F0E1FF40222073022192
:10469000280003F0E2FF402260730321280003F0AA
:1046A000D5FFA073280003F06DFF002804D1AF22CE
:1046B0000A490B4806F014F9220021000023783241
:1046C00085311165536513701373D93450321374E7
:1046D0005465936570BDC046C0420110614301102E
:0446E0006C43011016
:1046E400F0B504000E0087B01500FFF75FFEF288F6
:1046F40023799A4236D1002D34D173780593012B56
:104704002DD1F378202B26D13789072F23D12300ED
:104714000F33039307333A001900039804930AF004
:104724009FFA059D002816D03A00049903980AF0D0
:10473400BDFA217CE07B09020918607CE77C000457
:104744000918A07C0097000609182068237D476B90
:10475400627D2000B847F378212B00D10125280081
:0847640007B0F0BD0025FAE7E3
:10476C0070B50400FFF71EFEFFF7E8FD217B04F097
:10477C00B7FF23002200C833853225001A602000C1
:10478C0000234732843513607C302B7003F0B7FF65
:10479C002B78002B03D123682000DB6B984770BD6E
:1047AC0070B504002500FC35FFF7FCFD6E6A002E89
:1047BC0005D0DE220E49FF320E4806F08BF823009E
:1047CC00D9332B62FFF7BAFD617B04F0DFFE686220
:1047DC0025002000D8352E70D03003F090FF2B78B8
:1047EC00002B03D1236820009B6B984770BDC046FB
:0847FC0061430110CC420110E1
:064804000023C3607047B1
:10480C00022370B543710023040083600C4B150028
:10481C0008330360703003F065FF20007C3003F038
:10482C0061FF2000D03003F05DFF2300FC339D625C
:10483C00FFF784FD2100FFF73BFD200070BDC04653
:04484C008043011094
:1048500070B504000D00FFF7ABFD230078331D7029
:10486000002D42D1260084363378002B05D0FFF787
:104870006BFD217B04F0F4FC357023002200250041
:104880000026C83385327C3528001A605E6003F04C
:104890003CFF280003F032FFB04205D1A2221549A7
:1048A0001548520006F01CF82500D8352B78002B4F
:1048B00005D0FFF749FD217B04F0D2FC2E702300C8
:1048C0002200FC33D93225001A620022D03528009C
:1048D0005A6203F01AFF280003F010FF002804D1E9
:1048E000A722044952000548DCE72000703003F09D
:1048F0000CFF70BD61430110DA420110EB42011060
:1049000010B50400FFF754FD00212000FFF7A0FFC1
:0249100010BDD8
:1049120070B50D000400FFF74AFD042D03D00021FD
:084922002000FFF794FF70BDB7
:10492A00F8B5040016000D001F00FFF73CFD042334
:10493A003370EA88237900209A4210D16A78012AD2
:10494A000DD1EB78212B06D0222B09D0202B19D19F
:10495A003070163401E032700F3407203C60F8BD25
:10496A00A988114000D011002000FFF76CFF012236
:10497A00AB8800201340E366AB8892181340A36605
:0A498A003270ECE703233370E9E715
:1049940010B504008AB0FFF7FBFC684603F09AFDEB
:1049A40020000A4B694670300093099403F0C2FE5C
:1049B4002000FFF7F4FC064B00211A68684603F058
:1049C4004DFD6846FFF716FE0AB010BDA442011063
:0449D400C8420110C4
:1049D80070B504000E008EB01500FFF7D7FC01A8D3
:1049E80003F076FD20000B9600260D4B01A90C95CF
:1049F8007C300DAD01930A942E7003F099FE2000CF
:104A0800FFF7CBFC074B31001A6801A803F024FD1F
:104A18002C7801A8FFF700FE20000EB070BDC0463C
:084A280074420110C8420110A4
:104A300070B5040025008435FFF7BAFC2B78002BF5
:104A400010D12600CC363368002B0BD0FFF77CFC4E
:104A50002200217B8532336804F0E0FD002801D07C
:064A600001232B7070BD64
:104A6600F0B585B01F000AAB1B78040003930291D2
:104A76000192FFF78CFC00233B60230078331B7800
:104A8600002B21D0230084331B78002B1CD1260059
:104A96004025CC363368ED1A019B9D4200D91D0096
:104AA600019B002B06D02300C83318682A00029900
:104AB6000AF0FBF833685B193360039B3D60002BFB
:104AC60002D02000FFF7B1FF2000FFF767FC05B01A
:024AD600F0BD31
:104AD800F0B50400406A85B0030078331D780126DC
:104AE800002D05D1303425703500280005B0F0BD03
:104AF8000027009603ABE26AA16A0397FFF7AFFFAE
:104B0800039AE36AA16A9B1A8A18E362A262BB420B
:104B180002D130342670E8E7606AFFF785FF3D0070
:024B2800E3E7C1
:104B2C00F0B51C0093B0019205000F00FFF72CFCB0
:104B3C0063426341DBB20093002C00D103AC00262E
:104B4C0004A8266003F0C2FC6A46109428003D2499
:104B5C000F4B12780493019B04A90F9311AB1A709D
:104B6C0002ABE418D03026700D950E9703F0DEFDE5
:104B7C002800FFF710FC074B31001A6804A803F05B
:104B8C0069FC247804A8FFF759FD200013B0F0BD90
:084B9C008C420110C842011017
:104BA400030070B5FC335B6A0400002B0ED10500D2
:104BB400D8352B78002B09D1FFF7C4FB2200402302
:0E4BC400D932617B04F086FC01232B7070BD9A
:104BD200F8B506001F0000233B60330078331B78D2
:104BE2000800002B19D03300D8331B78002B14D1C6
:104BF2003400FC34656A954200D915002A00216A06
:104C02000AF055F83D60236A5B192362636A5D1BF3
:0C4C1200656202D13000FFF7C4FFF8BD5E
:104C1E0037B50400406A030078331D78002D04D1A7
:104C2E0035342570013528003EBD0023E26A01931C
:104C3E00A16A01ABFFF7C6FF019BA26AD218A2625E
:104C4E00226B1168CB181360E36A01995B1A21007D
:104C5E00E36234310978002902D11268002A01D1A9
:104C6E00002B03D1012335342370DCE7606AFFF794
:064C7E0092FF0025D7E7BC
:0E4C840010B504000021FFF7BBFD200010BD9D
:0C4C920010B50400FFF7F5FF200010BD76
:104C9E0010B542680368086854100019D20701D590
:084CAE000268D358984710BDBD
:0C4CB60010B501000430FFF7EFFF10BD47
:104CC40010B5024BC3601CC91CC010BDB442011016
:104CD40010B586B00400684603910092436004ABAB
:104CE40006C806C3200003A9FFF7EAFF200006B0A8
:024CF40010BDF1
:0C4CF60013B50400FFF7EBFF200016BD13
:104D0400F0B58BB00400FFF751FBFFF71BFB060067
:104D140006ADA77B00212800FFF7B9FF3900032364
:104D240040220095300004F0CDFE2800FEF721FE5D
:104D3400FFF708FB0700267B21002800174A002301
:104D4400FFF7D7FF3100022340220095380004F01A
:104D5400B9FE2800FEF70DFEFFF7F4FA0600677BA4
:104D6400210028000E4A0023FFF7C3FF3900022365
:104D740040220095300004F0A5FE2800FEF7F9FD5E
:104D8400FFF7E0FA2200FC32617B4023126A04F050
:104D9400A1FB0120D83420700BB0F0BD6D4700108A
:044DA400AD47001007
:084DA80010B5FFF784FF10BDF8
:084DB00010B5FFF7F9FF10BD7B
:064DB80016204042704786
:0A4DBE000020814200D1193870472F
:044DC800012070470F
:064DCC0016204042704772
:064DD2001620404270476C
:044DD80011207047EF
:024DDC0070471E
:024DDE0070471C
:024DE00070471A
:104DE40010B503689B6C984710BD08B4024B9C46F1
:104DF400024BC01A08BC6047E54D0010400100009A
:044E0400704770473C
:044E08007047704738
:104E0C0010B504000120783400F060FC207810BD4F
:104E1C0008B4034B9C46034BC01A08BC6047C04601
:084E2C000D4E001040010000D2
:104E3400012270B501235242FF210B4806F068FCA1
:104E440000F038FC0500094C78342378002B03D09B
:104E5400012000F03FFCF8E700F02CFC401BC728C1
:104E6400F6D9FEF769FD70BDA81C0020D4160020F9
:104E740007B50122019101A9FFF7ACFD002801D07B
:0A4E840001980EBD01204042FBE73B
:104E900008B4034B9C46034BC01A08BC6047C0468D
:084EA000754E0010280100000E
:104EA80013B56B46DC1D0023012221002370FFF798
:104EB80039FE002801D0207816BD01204042FBE7CA
:104EC80008B4034B9C46034BC01A08BC6047C04655
:084ED800A94E001028010000A2
:104EE000F7B5040001930E001500FFF761FA9C234B
:104EF0009B00E758002F04D0089B019A290030003E
:104F0000B84798239B00E650019A0433E5500433D8
:0A4F1000E250089A0433E250F7BDA6
:104F1C00962310B5DB00984203D10121014806F01D
:084F2C00D5FB10BDA81C0020FC
:044F3400006870475A
:044F38000C30704782
:0C4F3C0010B5FFF7FBFF0023036010BD61
:104F4800CB6810B5C360002B01D05B68984710BDD3
:104F580070B50500FFF71AFA2B000024D8331B7828
:104F6800A34205D12B00FC335C6A402C00D94024B5
:0A4F78002800FFF712FA200070BDB8
:064F820078300078704752
:104F8800F0B585B003930AAB1E880BAB04001F88ED
:104F98000D00029207F020F8039B0100029A019786
:104FA80000962000FFF72EFC200029300021FF305A
:104FB80005F0C8FA2300FA2200264133FF33920095
:104FC8005E609A60184B194A23602300FC33DA624A
:104FD800174A20001A63174A51305A648022310058
:104FE800FF30520009F0F2FE93239B00E3185E6045
:104FF8009E60DE609D239B00E6184033E718300072
:105008001036FFF73BFEBE42F9D1AD2200239200D5
:10501800A350443AA3509D4202D02000FFF7B6FCAB
:10502800200005B0F0BDC046A0440110184501108D
:085038007845011088450110C4
:10504000104B70B5036003000F4AFC33DA620F4A5D
:1050500004001A630E4A5A649D239B00C61840330D
:10506000C518AE4204D0103D2800FEF784FCF8E7D6
:1050700020002930FF3005F095FA2000FFF792FA62
:10508000200070BDA04401101845011078450110A2
:04509000884501103E
:1050940008B4034B9C46034BC01A08BC6047C04687
:0850A40041500010280100003A
:1050AC0008B4034B9C46034BC01A08BC6047C0466F
:0850BC00415000102C0100001E
:1050C40010B50400FFF7BAFFAE212000890006F0F6
:0650D40083F9200010BD6D
:1050DC0008B4034B9C46034BC01A08BC6047C0463F
:0850EC00C55000102C0100006A
:1050F40008B4034B9C46034BC01A08BC6047C04627
:08510400C55000102801000055
:10510C0070B504000D00884205D0FEF727FC29007D
:0A511C002000FFF713FF200070BD14
:1051260010B5FFF706FF0068431E9841C0B210BDD8
:1051380010B50400FFF7F3FF002804D1054A06491B
:10514800064805F0C9FBE068FFF7F0FE0300200001
:10515800984710BD020200007F4401108A440110E4
:10516800F8B5AD2706000025FFF71EF9BF00F35973
:10517800AB420ED99D2292002B01B418E4182000EE
:10518800FFF7CDFF002804D02000FFF7D1FF01353D
:04519800EDE7F8BD8A
:10519C0010B5044B0822C3600B68002108C009F04D
:0851AC0013FE10BDEC430110DD
:1051B40013B504000191002903D1FFF7BDFE2000BF
:0A51C40016BD01A9FFF7E8FFF9E7A7
:1051CE0010B542680368086854100019D20701D55B
:0851DE000268D358984710BD88
:0C51E60010B501000430FFF7EFFF10BD12
:1051F40010B5024BC3601CC91CC010BDE0430110B4
:1052040010B586B00400684603910092436004AB75
:1052140006C806C3200003A9FFF7EAFF200006B072
:0252240010BDBB
:0C52260013B50400FFF7EBFF200016BDDD
:1052340030B589B00400FFF7ABF89C23274A9B00E4
:10524400E2502000FFF7ABF80023254A210004A810
:10525400FFF7E7FF2000FFF79BF8AD239B00E05822
:10526400032808D8421CE2500001403BC018201813
:1052740004A9FFF749FF2000FFF791F804A8FEF7FF
:1052840078FBBC2006F078F80500164B08C0FFF741
:10529400F7FC28000021403006F0C6FA28005430FC
:1052A40006F05EFA8022104B52000093280000237F
:1052B400182106F033FB97239B00E5500B4904A803
:1052C400FFF776FF04A9280006F080FB04A8FEF788
:1052D40050FB2000FEF77EFC09B030BD1D4F0010CE
:1052E400D93B001004590110F8430110354E001049
:1052F40008B4034B9C46034BC01A08BC6047C04625
:085304003552001040010000C9
:08530C0010B50368984710BDBD
:0853140010B5FFF7F9FF10BD11
:08531C0010B5FFF762FF10BDA0
:0853240010B5FFF7F9FF10BD01
:10532C0037B50E4C200006F0C7F90D4D0D492A007B
:10533C00200005F0FBFD012201920B4AF82300929C
:10534C0000220A4C5B0111002000FFF717FE2A0017
:10535C000749200005F0EAFD37BDC046A81C002017
:10536C0090030020E3B6001012200000D416002099
:04537C00415000108C
:0653800010B508F04BF926
:10538600F0B589B00191037D0400012B00D08AE0BD
:10539600021D0292100001220493002352421C00B7
:1053A6001500049E03920178002900D06EE0417832
:1053B600002900D06AE0511C65D001335BB2049924
:1053C6008B4201DD049303920134E1B202304CB208
:1053D6000829E8D100263700039BBB4204DC049B66
:1053E600039A9B18BB4253DC0F22029B1D782B119C
:1053F6001540029ADCB25278111107916946097F6D
:1054060005910F2111400691002B08D0210057313C
:10541600092B00DC2739019800F0B6F836182C4322
:1054260008D029005731092D00D82739019800F0F6
:10543600ABF83618059B1C430AD01900079B573159
:10544600092B01DC05993031019800F09DF83618DA
:105456000699069B5731092B01D81900303101985E
:1054660000F092F83618072F04D03A21019800F080
:105476008BF83618029B013702330293082FABD103
:10548600300009B0F0BD2200330098E72A009BE700
:10549600039BBB42EED1002BE7D13A21019800F0E5
:1054A60073F83618E1E703000500002613331035BC
:1054B600029329780A22019800F09BF82E21070012
:1054C600019800F061F8029B3F180135F6199D42DC
:1054D600EFD1E17C0A22019800F08BF83618CFE76D
:1054E80010B50400054B0175083303601022002134
:1054F800043009F06BFC200010BDC046B445011013
:10550800F7B50F0000211D0008AB1B7804000193BC
:10551800084B16000833036001750C22043009F0AB
:1055280055FC6B461B7927746674A5742000E374D8
:08553800FEBDC046B4450110A0
:1055400007B501210548FFF7CFFF0021044800916E
:105550000B000A00FFF7D8FF07BDC046F41C00206F
:045560000C1D0020FE
:1055640070B5040008000D0009F026FF236802004E
:0A55740029005B682000984770BD15
:10557E0010B50B1E02D0FFF7EEFF0300180010BD92
:0A558E0010B503681B68984710BDB4
:10559800F0B58BB06B461500002205330600DA77AC
:1055A8000800012D00D80A2509AC2900FAF7E8FF00
:1055B800CAB2130037330700DBB2092902D8130037
:1055C8003033DBB2013C2370002FEED121003000D4
:0855D800FFF7D1FF0BB0F0BD9D
:1055E00010B5002A04D10368C9B21B68984710BDE2
:0855F000D2B2FFF7D1FFFAE788
:0855F80010B5FFF7F1FF10BD33
:1056000010B5040000F058F8E060236820005B69E2
:105610009847002808DA00F04FF8E368C01AA3683A
:0A5620009842F2D30120404210BD71
:04562A0081607047E4
:10562E00F7B50E000C0001908D18A71BAC4207D0E9
:10563E000198FFF7DEFF002802DB20700134F4E74B
:04564E003800FEBD65
:1056540010B500F043F8FEF75EF9FEF773FEFEF7AF
:1056640069FEE12106484902FFF7E2FDFEF77CF8F6
:10567400FEF7AAF8034B002BFAD000E000BFF7E7CF
:08568400D41600200000000014
:10568C0010B50400FEF741F9844203D2034B240108
:10569C00E05E10BD01204042FBE7C04698030020AD
:0C56AC0010B5040002F042FD200010BD0B
:1056B80007B50649684602F07AFD00980199FA2272
:1056C80000239200FBF7FAF80EBDC04668110020CF
:0856D80010B506F0DBF810BD6F
:1056E00010B5044C200002F033FD200002F030FD24
:0856F00010BDC0466811002046
:1056F80010B5054C200002F097FD044A044920002B
:1057080005F016FC10BDC04668110020900300206B
:04571800AD5600107A
:10571C00F7B505000C00FEF7F8F885423AD22000E8
:10572C00FBF71CFF041C01201D4B1B689840013823
:10573C00FBF714FF011C201CFBF722FA2B01019331
:10574C00184B2A019F18BC68061C002C0FD128008E
:10575C00FFF796FF0500242005F00AFE040029003F
:10576C0002F028FABC600221200002F0EFF90021BF
:10577C00301CFBF75BF800280DD0200002F038FA43
:10578C002421200005F024FE064A019B94460022A9
:10579C0063449A60F7BD311C200002F0CBF9F9E7A5
:0857AC0078050020980300209D
:1057B400F7B504000D00FEF7ACF884422ED21A4E61
:1057C4002701F319D868002802D0042105F004FE4B
:1057D4002000FFF759FF0190042005F0CDFD0023C0
:1057E4000400038083700199F61904F0F2FAF4605E
:1057F400012D10D0002D06D0022D10D0200002F073
:1058040086F9022103E0200002F081F9290020003A
:1058140002F088F902E0200002F06EF9F7BD2000E2
:0C58240002F075F90121F2E79803002062
:10583000F7B507000E00FEF76EF887421AD20E4D3C
:105840003B01ED18EC68002C10D13800FFF71EFF6B
:105850000700042005F092FD0023040003808370FC
:1058600001220096390004F0D5FAEC6031002000E6
:0C58700006F0DEFBF7BDC04698030020E8
:10587C00F7B50500FEF749F8002485421AD20E4F01
:10588C002B01FF18FE68A64210D12800FFF7F8FE86
:10589C000500042005F06CFD0600048084702300D4
:1058AC0000942200290004F0AFFAFE60300006F0EC
:0C58BC00C5FBC4B22000FEBD9803002014
:1058C800010010B5002807D10420404200F0D5F9A6
:1058D80004235B42180010BD132001F0EFFD0023E4
:1058E8009842F7D10120404200F0C7F90123F0E7C0
:1058F80080B5EFF30583002B03D1EFF31083002B62
:1059080006D00620404200F0B8F90620404280BD8B
:0C591800014F00DFFBE7C046C95800103B
:1059240070B5051E18D084680268002C10D00321BD
:1059340023000B400C4203D1C16815000F2923D862
:1059440009210020494202F04BF80024200070BDD8
:10595400C368002BF4D11500114B1A009032106863
:1059640000280AD000F04FFB0400012300280BD1CB
:105974000521494202F034F8E8E7043301221021FA
:10598400D86F00F0C2FAEFE7F322A370002322706D
:10599400A360E360034A024B65605A66D6E7C046DB
:0859A4007C050020055A0010EB
:1059AC0070B50300022510000124284014402A423F
:1059BC0014D1EFF3108672B61A6815000D40002C46
:1059CC0006D0A94206D1100088431860100001E0EF
:1059DC00281EF8D1002E00D162B670BD18680300E5
:1059EC000B40002C03D09942F7D00020F5E75A1E4B
:0859FC0093415B421840F0E703
:105A0400F8B505008468002C00D1F8BD2800231DDA
:105A1400DA7F616A0C30A768FFF7C6FF061E07D05D
:105A2400200001F011FB00223100200001F0A6FC4F
:045A34003C00E8E763
:105A3800F8B504000D0016001F00002804D00378F4
:105A4800F32B01D1002907DA04212000494201F093
:105A5800C5FF04204042F8BD0C30FFF7A3FF002823
:105A6800F9D1002F10D03900433001F027FD00286C
:105A780008D0064B20005F69390001F0C3FA0437EB
:105A88003D62FE770220E5E70320E3E77C0500207E
:105A980070B5041E02D00378F32B08D0042120002F
:105AA8000425494201F09AFF6D42280070BD8368C1
:105AB800002B0DD003256D42200001F0B9FA002219
:105AC800290001F059FCA0680028F5D101F024FB59
:105AD8000025A3782570DB07E7D5084B1A0090321C
:105AE8001068A84203D0210000F09DFADDE70433D6
:105AF8002100D86F00F03DFAD7E7C0467C050020AA
:105B0800F7B50C00002804D00378F32B01D1002945
:105B180007DA04210424494201F060FF64422000AE
:105B2800FEBD03000C330093EFF3108372B6C26816
:105B38001443C460002B00D162B68568002D03D1E0
:105B4800280001F0E9FAEAE7AB682F1D0193FA7F14
:105B5800696A0098FFF726FF061E0ED00222FB7F17
:105B68000400134201D16B6A9C43280001F06AFAD1
:0E5B780000223100280001F0FFFB019DDEE756
:105B880080B5EFF30583002B03D1EFF31083002BCF
:105B980006D006210020494201F020FF002080BDE8
:0C5BA800014F00DFFBE7C046255900104C
:105BB400B0B5EFF30583002B03D1EFF31083002B73
:105BC4001AD0002804D00378F32B01D1002907DA76
:105BD40004210424494201F003FF64422000B0BDC3
:105BE400EFF3108372B6C4680C43C460002B00D179
:105BF40062B601F0F7F8F1E7014F00DF0400EDE7CA
:045C0400095B001028
:105C0800B0B5EFF30584002C03D1EFF31084002C1A
:105C180016D0002806D00478F32C03D1002B01D12C
:105C2800002906DA0421494201F0D8FE0420404246
:105C3800B0BD0C30FFF7B6FE0028F9D10338F7E7FE
:0C5C4800014F00DFF4E7C046395A00109D
:105C540080B5EFF30583002B03D1EFF31083002B02
:105C640006D00621494201F0BBFE0620404280BD19
:0C5C7400014F00DFFBE7C046995A00100A
:025C800070476B
:025C8200704769
:105C840073B5514C0020237A012B06D0834205D0F2
:105C9400013801F095FE0120404276BD4B4DEB6882
:105CA4002A8AE365230054331A80AB68296B236482
:105CB400EB6A1800019300F00DF9002802D0019A54
:105CC400231DDA676E69A969300000F003F9002822
:105CD40001D1231DDE6F6667EE69296A300000F08A
:105CE400F9F8002801D1231DDE6FA6676E6AA96A40
:105CF400300000F0EFF8002801D1231DDE6FE667C5
:105D04006E6B002E08D0F3683000B268316800F082
:105D140053F923000833DE67AE6B002E08D0F36816
:105D24003000B268316800F047F9230088331E6000
:105D3400EE6B002E08D0F3683000B268316800F0D2
:105D44003BF923008C331E602E6C002E08D0F368C0
:105D54003000B268316800F02FF9230090331E60E0
:105D64006E6C002E08D0F3683000B268316800F021
:105D740023F9230094331E60AE6C002E08D0F36820
:105D84003000B268316800F017F9230098331E60C0
:105D9400EE6C002E08D0F3683000B268316800F071
:105DA4000BF923009C331E602D6D002D08D0EB6889
:105DB4002800AA68296800F0FFF82300A0331D60BA
:105DC40001230020237268E77C050020C03F0110F6
:105DD400F7B51E4C0720257A012D04D101F0A6FB4E
:105DE400002807D101200126404201F0E9FD764256
:105DF4003000FEBDFF23164A1B04116A154F0B43E6
:105E04001362136AD1695B029B0E9B060B4378688D
:105E14001149D36101F068FC061EE3D101F0A8FC2E
:105E2400206101F089FC0D4801F004F901F06EF9DC
:105E34003B6801932B4207D0022383F31488BFF3FA
:105E44006F8F02232372D3E70323F6E77C05002038
:105E540000ED00E0C03F0110D503001098050020BC
:025E6400704785
:105E660070B50D000400FFF708FF2900200001F0BF
:045E760068FD70BD96
:105E7C0080B5FFF7F1FFEFF30583002B03D1EFF3B0
:105E8C001083002B06D00620404201F095FD062021
:105E9C00404280BD014F00DFFBE7C046855C00102F
:105EAC0080B5EFF30583002B03D1EFF31083002BA8
:105EBC0006D00620404201F07FFD0620404280BD06
:0C5ECC00014F00DFFBE7C046D55D001071
:105ED800030010B5002813D002000A43072410005D
:105EE800204022420DD117290AD9102219600839F9
:105EF800C91899605A60086099684A60D86001209A
:065F080010BD0020FCE7C3
:105F0E000300F0B5002817D0081E15D00326140084
:105F1E000020B44384420FD11D000F31073081435E
:105F2E0008352C002D686768281BB743C01B8142BB
:105F3E0003D928680028F4D1F0BD58681E680818E7
:105F4E0058609B19083B5E68B04200D95860606883
:105F5E000A43002803D1200062600830ECE70323D7
:0C5F6E0098432018056042602060F6E7B0
:105F7A00020010B5002812D0081E10D01300002409
:105F8A00083908338B420BD1032158688843010032
:105F9A005068411A5160002C08D15C60012010BD84
:105FAA0018681C000028FAD00300EBE71B6823607E
:025FBA00F4E70A
:105FBC0030B504000800002C1BD0002914D0002A96
:105FCC0019D0002B19D021600021616011004143D0
:105FDC005D18A260E360636125611C000138002834
:105FEC0003D18A1A9850013030BDA51825602C00B9
:0E5FFC00F4E72000F8E71000F6E71800F4E7DD
:10600A000300EFF3108100280BD072B64069002814
:10601A0004D002685A615A6801325A60002900D1D4
:04602A0062B67047A3
:10602E00EFF31082002811D0C3688B420ED803699B
:10603E008B420BD972B643690B6043684161013BD9
:10604E0043600020824200D162B670470420404275
:02605E00FBE75E
:1060600070B5EFF31085036B002B1DD00024CE78A4
:10607000DA78B24210D31A004A608C60002A11D03C
:106080009160002C13D0616072B6836A0133836221
:10609000002D00D162B670BD5A681C00002AEBD0FA
:1060A0001300E5E7C162ECE74B608B60C1620163FE
:0260B000EAE71D
:1060B200EFF3108372B6826A002A11D0511E8162F8
:1060C200002B0FD00122C06A00280ED072B6817850
:1060D2008270002B00D162B6002907D08068F3E7F6
:0E60E200002B02D162B6002AECD100207047DC
:1060F0004B688A68002B05D09A608A68002A03D012
:0C61000053607047C262F8E70363FAE7DF
:10610C00F8B587780400002F31D0C56800262F0021
:10611C0001000C372800FFF7E5FF2100380026703E
:10612C00FFF77FFFAB68B34246D03800FFF767FF3D
:10613C000400B04240D0280000F078FF0700320085
:10614C00310001F017F9380000F0D8FF07002000EB
:10615C006A6AB9680C3008F0A5FDF923A6702370A3
:10616C00FB68E37021002800FFF774FF24E08568CA
:10617C00AB68002BF6D05B78832BF3D1280000F0B2
:10618C0055FF06003A00390001F0F4F8300000F039
:10619C00B5FF210006006A6A80680C3108F082FDA8
:1061AC00F368002B01D0E2781A700023280021003C
:0A61BC0023700C30FFF735FFF8BD2B
:1061C800F7B504000E0017000193002804D00378E7
:1061D800FA2B01D1002907D104212000494201F0FE
:1061E80017FC042040421AE08368002B18D05B7823
:1061F800832B15D100F01CFF05000122002101F0BE
:10620800BBF8280000F07CFF05003100626A806856
:1062180008F04AFD0020EB68834200D01F70FEBDE5
:106228000C30FFF7EEFE051E0FD03100626A0C300D
:1062380008F03AFD0026F923200029002B70AE70E3
:10624800EF70FFF709FF3000E9E7019B0320002BFF
:10625800C8D01900932001F031F9002808D0054B67
:106268002000596900F0CEFEEFF309839E60DF60DD
:086278000220B7E77C050020BD
:10628000F7B504000F0016000193002804D003782E
:10629000FA2B01D1002907D104212000494201F045
:1062A000BBFB042040421DE0FFF703FF051E3BD06F
:1062B00001002000FFF71CFF29003800626A0C3142
:1062C00008F0F6FC002E01D0EB7833702700002692
:1062D0000C37290038002E70FFF7A9FEA368B342DF
:1062E00001D10020FEBD3800FFF78FFE051EF8D05B
:1062F000200000F0A1FE07003100012201F040F86B
:10630000380000F001FF07002800B968626A0C300D
:1063100008F0CEFCF923AE702B70FB68290020003A
:10632000EB70FFF79DFEDCE7019B0320002BB9D04B
:106330001900832001F0C6F8002808D0054B200082
:10634000596900F063FEEFF309839F60DE6002206D
:08635000A8E7C0467C0500200F
:10635800F0B587B007001600019100280AD000297F
:1063680008D0FAF78DFA04000198FAF789FA0019AB
:106378001F2806DC04210020494201F049FB0024C3
:106388007BE00322019B033393430C3305937B4348
:106398000293002E22D0B468002C06D0144202D1F9
:1063A800F368332B04D80921E5E7F368002BFAD109
:1063B8003368356972690393002D09D003212B00D6
:1063C8000B400D4202D10299914259D90A21D2E7D4
:1063D800002AFBD1002C03D004920FE0350003966D
:1063E800294B1A00A032106800281CD0FFF709FEBC
:1063F800041E16D00123002D29D10493224E002219
:106408000299F06FFFF77FFD051E19D1049B002B41
:1064180007D03300A033186800280BD02100FFF7FD
:1064280002FE0521A7E7043301223421D86FFFF7C4
:106438006AFDDDE704362100F06FFFF79AFDF0E70B
:10644800029A002108F0C2FC0223049A1343FA229C
:10645800A370039B2000636000232270019AA3604D
:106468006262A362059AE362236339002B000C3051
:10647800FFF7A0FD044B054A1A67200007B0F0BDDE
:10648800002CE4D1ACE7C0467C0500200D6100106B
:10649800064B10B59A6ED86E0821FFF759FF044BCA
:1064A800D86443425841404210BDC046C03F011025
:0464B8007C0500203F
:1064BC00F7B505000E0001920093EFF30583002B56
:1064CC0003D1EFF31083002B29D0002D07D02B78AC
:1064DC00FA2B04D1002E02D0009B002B07D00421F4
:1064EC002800494201F092FA0420404216E02800AC
:1064FC000C30FFF784FD041E16D031006A6A0C3094
:10650C0008F0D0FBF9232370009B2000A370019BA3
:10651C006660E370A56000F061FC0098FEBD019A16
:10652C00009B024F00DFF9E70320DEE7C961001092
:10653C00F7B504000E000192EFF30582002A03D197
:10654C00EFF31082002A27D0002C06D02278FA2AEA
:10655C0003D1002E01D0002B07D00421200049428A
:10656C0001F054FA0420404215E02000FFF79BFD97
:10657C00051E15D00100626A30000C3108F092FB48
:10658C00019B002B02D0EB78019A13702800EC6071
:10659C0000F024FC0020FEBD019A024F00DFFAE758
:0865AC000320E0E7816200100A
:1065B40070B500283AD0846805684668002C0FD06E
:1065C400032223001340144202D1C2681B2A1CD8A0
:1065D40009210020494201F00BFA0024200070BD7B
:1065E400C368002BF4D1134B1A00943210680028AE
:1065F40006D1043301221C21D86FFFF786FC01E089
:10660400FFF701FD041E0CD00123F522A370002323
:106614002270E6706560A360E360236163612376A2
:10662400DCE70521494201F0E3F9D7E7050006005C
:08663400D9E7C0467C050020F7
:10663C002A4B70B55D6904000E00002D06D10821AF
:10664C00494201F0D1F90120404219E0002802D062
:10665C000378F52B06D004212000494201F0C4F93F
:10666C000420F1E7037E002B0BD10361EB6AC560BC
:10667C004361002B00D018610123EC6200202376CB
:10668C0070BDC278D1070CD5C168A94209D1FF2BC6
:10669C0005D11021494201F0A7F90320D4E70133B9
:1066AC00ECE7002EF9D093070BD51F221F21E068D1
:1066BC006B1C9A56431C5956914202DADA7700F059
:1066CC00CAFC3100532000F0F7FE002803D029004B
:1066DC00200000F095FC0220B6E7C0467C050020A7
:1066EC00354B70B55B690400002B06D1082149427B
:1066FC0001F07AF90120404270BD002802D00278E6
:10670C00F52A06D004212000494201F06DF904203D
:10671C00F1E7027E0F21002A03D0C168994206D00E
:10672C000E212000494201F05FF90320E3E7013A12
:10673C00D2B2027600208242DED16269824201D05E
:10674C00216911612169002923D04A6102209A1C18
:10675C00D27FDD6A52B2002D1DD10133DA77A368E6
:10676C00002B11D0200000F061FC06002A0029004B
:10677C0000F000FEF36AE66025616361002B00D037
:10678C001C610123F4622376002000F0C3FC00207E
:10679C00B2E7DA62DAE7E97801420AD0A96800299F
:1067AC0007D00131C97F0E1C49B2914200DA161C88
:0C67BC0072B26D69CFE7C0467C0500207A
:1067C80070B5041E02D00378F52B08D004212000F0
:1067D8000425494201F00AF96D42280070BD037E84
:1067E800002B1FD06369C068002B01D022691A6191
:1067F8002269002A25D053610225831CDB7FC26AE7
:106808005BB2002A1FD11F21421C5156994202D067
:10681800D37700F022FC03256D42A068002822D11E
:1068280000F07AFC0025A3782570DB07D5D5154B39
:106838001A0094321068A8421DD02100FFF7F3FB1C
:10684800CBE7C362D8E7D17829420AD091680029FA
:1068580007D00131C97F0E1C49B2994200DA1E1CCB
:1068680073B25269CDE7200000F0E2FB0022290054
:1068780000F082FDD1E704332100D86FFFF779FBE0
:08688800ABE7C0467C050020CF
:10689000F8B50400002C00D1F8BD0822E378676940
:1068A000134216D00026A3682676B34211D02000EA
:1068B00000F0C2FB05003200310000F061FDEB6A20
:1068C000E56026616361B34200D01C610123EC6284
:0668D00023763C00DEE728
:1068D60070B50225C3782B4220D01F22C068431909
:1068E6009A56C46AE3782B420DD0A3688B4200D136
:1068F6008B68002B07D00133DB7F1E1C5BB29342F3
:1069060000DA161C72B26469002CEBD11F21431CFD
:0E6916005956914202D0DA7700F0A0FB70BD16
:1069240080B5EFF30583002B03D1EFF31083002B25
:1069340006D006210020494201F05AF8002080BD0B
:0C694400014F00DFFBE7C046B565001006
:1069500080B5EFF30583002B03D1EFF31083002BF9
:1069600006D00621494201F045F80620404280BD8C
:0C697000014F00DFFBE7C0463D66001051
:10697C0080B5EFF30583002B03D1EFF31083002BCD
:10698C0006D00621494201F02FF80620404280BD76
:0C699C00014F00DFFBE7C046ED66001075
:1069A80080B5EFF30583002B03D1EFF31083002BA1
:1069B80006D00621494201F019F80620404280BD60
:0C69C800014F00DFFBE7C046C96700106C
:1069D400F8B5254B1500421E06000F009A4201D857
:1069E400884207D204210020494201F009F800241A
:1069F4002000F8BD002D12D0AC682A68002C0AD003
:106A0400032123000B400C4203D1E96815000F2930
:106A14001DD80921E7E7EB68002BFAD11500134BC9
:106A24001A009832106800280AD0FFF7ECFA040024
:106A3400012300280BD10521494200F0E1FFD7E7EB
:106A4400043301221021D86FFFF75FFAEFE7F62233
:106A5400A37000232270A360054A044B6560A781DC
:106A6400E6819A66C4E7C046FEFF00007C0500206C
:046A7400976A00100D
:106A78000300EFF3108172B602880020824202D030
:0E6A8800013A1A800130002900D162B6704731
:106A9600836810B50400002B0BD00C30FFF7E9FF1C
:106AA600002806D0200000F0C4FA0022110000F0F1
:046AB60064FC10BDAF
:106ABC0070B504000D00002802D00378F62B08D026
:106ACC0004212000494200F097FF04235B42180088
:106ADC0070BD0C30FFF7CAFF00239842F7D19D42DE
:106AEC000CD02900632000F0E7FC002804D0044BF4
:106AFC002000596900F084FA0223E7E70323E5E755
:046B0C007C050020E4
:106B100070B5041E02D00378F62B08D004212000A3
:106B20000425494200F06EFF6D42280070BD836865
:106B3000002B0DD003256D42200000F07DFA0022CD
:106B4000290000F01DFCA0680028F5D100F0E8FA4B
:106B50000025A3782570DB07E7D5084B1A0098328B
:106B60001068A84203D02100FFF761FADDE7043383
:106B70002100D86FFFF701FAD7E7C0467C05002057
:106B800010B5002802D00378F62B06D00421494224
:106B900000F038FF0420404209E08368002B07D052
:106BA00000F04AFA0122002100F0EAFB002010BDAB
:106BB000EFF3108172B68289C489944206D90132FA
:106BC000828118000029F2D162B6F0E7002900D1D5
:0E6BD00062B61121494200F015FF0320DBE7F9
:106BE00080B5EFF30583002B03D1EFF31083002B67
:106BF00006D006210020494200F004FF002080BD9D
:0C6C0000014F00DFFBE7C046D569001023
:106C0C00B0B50C00EFF30583002B03D1EFF3108329
:106C1C00002B16D0002804D00378F62B01D1002CC1
:106C2C0006D00421494200F0E7FE04204042B0BDEA
:106C3C000C30FFF71BFF03002000002BF7D10320C3
:0C6C4C00F4E7014F00DFF2E7BD6A001022
:106C580080B5EFF30583002B03D1EFF31083002BEE
:106C68001BD0002802D00378F62B06D00421494215
:106C780000F0C4FE042040420EE0EFF3108272B62A
:106C88008389C18999420BD901338381002A00D1B4
:106C980062B600F0A5F8002080BD064F00DFFBE7D4
:106CA800002A00D162B61121494200F0A7FE032054
:086CB800E1E7C046816B00100A
:106CC00080B5EFF30583002B03D1EFF31083002B86
:106CD00006D00621494200F095FE0620404280BDC4
:0C6CE000014F00DFFBE7C046116B001005
:106CEC0070B500F03BFD1E4CE3680133E36000F02F
:106CFC00CFF9002000F00EFA236D002B00D098473E
:106D0C00226C002A2BD0A369E16B994204D0D9697B
:106D1C00E363002900D1DA61DA69002A1BD1237AF6
:106D2C00022B1CD1656A002D19D0E36B6A1C013350
:106D3C00D27FDB7F52B25BB29A4210D1280000F0B6
:106D4C007FF9E06B00F09AF9280000F0DBF9236C76
:106D5C00E563EB6103E0013ADA61002ADFD070BD34
:046D6C007C05002082
:106D7000F8B51C4B1D001C0054355634288872B6DB
:106D80002288002A04D162B6002000F0C9F9F8BDBB
:106D90001E00013A22805A363188DF6D8A000131A7
:106DA00089B2D25988420ED0318062B6002AEBD027
:106DB0001078F1380828E1D8F9F74CFB07E00BE030
:106DC000E00D0FE011000021EEE71B6E1000984768
:106DD000CFE75B6EFAE79B6EF8E7DB6EF6E71B6FBB
:086DE000F4E7C0467C05002029
:106DE8000100F8B5EFF31080164A130054331C88DD
:106DF80072B6150056352B889C421BD901332B805F
:106E0800150058352B88D76D9E0001339BB2F15180
:106E18009C4200D100232B80002800D162B6537A0F
:106E2800002B04D18022084B52055A60F8BD01237B
:106E38009372FBE7002800D162B60220FFF70FF833
:0C6E4800F4E7C0467C05002000ED00E0EF
:0C6E54000378F12B00D07047C068F9E70C
:106E6000C26910B503694169541C0ED1002B00D0D2
:106E700059614269002A03D013610023436101E094
:106E8000084A13630023C36110BD002B03D0DC69E3
:106E90005961A218DA614269002AEDD1014AD36230
:086EA000F0E7C0467C0500206C
:106EA80001231F2110B54370C3185956094B0A4ACC
:106EB8005B6A002B04D05C1CE47F64B28C4206DC65
:106EC800C26083609060002B00D0D86010BD1A00AB
:0C6ED8009B68EEE77C0500209805002078
:0C6EE400014B58697047C0467C05002037
:106EF00080B500F099FD044F00DF012100204942D8
:0C6F000000F068FDFEE7C046E5730010DD
:106F0C0070B50300022510000124284014402A42C9
:106F1C0014D1EFF3108672B61A6815000D40002CD0
:106F2C0006D0A94206D1100088431860100001E079
:106F3C00281EF8D1002E00D162B670BD186803006F
:106F4C000B40002C03D09942F7D00020F5E75A1ED5
:086F5C0093415B421840F0E78D
:106F6400002210B508490B6B002B08D101246442A0
:106F7400C46142610361002A04D0106110BD1A008B
:0C6F84001B69F1E70863F9E77C050020B9
:106F9000002310B5827804000380930707D5016BA6
:106FA0000E4BD20610D50833D86FFFF740F8A37800
:106FB000DB0708D5094B1A0088321068002807D073
:106FC0002100FFF734F810BD586FFEF7D6FFEEE74B
:106FD00004332100D86FFEF7D0FFF4E77C050020D2
:106FE000C37810B5DB0702D4FFF7D2FF10BD04232E
:106FF00043700023044AC360536B8360002B00D0AE
:0C700000D8605063F2E7C0467C05002019
:10700C001F2210B54B1C9A568368002B04D05C1CB5
:10701C00E47F64B2944206DAC8608B608160002B16
:0C702C0000D0D96010BD18009B68EEE792
:107038000300806882689A60002A00D0D360002329
:04704800C36070476A
:10704C00C268002A06D083689360002B00D0DA60F7
:06705C000023C360704731
:1070620070B505000400002C09D02378F12B07D05D
:107072002800FFF7EAFF29002000FFF7C6FF70BDD6
:04708200E468F0E7E7
:10708800012310B5010043700148FFF7BBFF10BD95
:047098009805002037
:10709C00F8B5194DEC6A002C1ED0E369013BE36195
:1070AC00002B19D1102620276378732B18D014D8F5
:1070BC00532B19D0BB43432B12D02000FFF7C0FF3A
:1070CC002000FFF7DBFF2469002C04D0E369002BC0
:1070DC00EAD000236361EC62F8BDB343832BECD19F
:1070EC002000FFF7B1FEE8E72000FFF7ADFE21001E
:0C70FC00FFF7EBFBE1E7C0467C0500203D
:06710800806B203070478F
:1071100002234370014B98617047C0467C050020F4
:10712000F8B5154D04002E7A6F69002815D1022E8E
:1071300012D16C6A002C0FD0621C7B1CD27FDB7FCB
:1071400052B25BB29A4207DD2000FFF77FFF3800A2
:10715000FFF7AAFE6670AC61F8BD022E07D1421C93
:107160007B1CD27FDB7F52B25BB29A42EFDC200005
:0C717000FFF78AFFF0E7C0467C05002016
:10717C00F0B587B005910390042100280AD0002AAD
:10718C0056D09768002F0BD0BB0702D1D368432B86
:10719C0009D809210020494200F016FC0024BEE069
:1071AC00D368002BF5D19369146956690093002CB0
:1071BC0006D0630702D1002E00D0BCE00B21E9E71A
:1071CC00009B002B31D0009B0C21013B372BE1D8CD
:1071DC00002E00D0B5E0136802935368049300238B
:1071EC0001939F420BD15C4B1A0088321068002827
:1071FC0025D0FEF704FF071E44D001230193002C79
:10720C0049D1554B002E21D1544A566D1A000832E3
:10721C00D06F00281AD0FEF7F2FE051E1DD01023E9
:10722C00019A1A4301923C0026E018230093CFE701
:10723C00182314001600029200930492D3E704332F
:10724C0001224421D86FFEF75CFED4E72200310006
:10725C00586FFEF756FE051EE5D10025019BAB428B
:10726C000AD03D4B1A0088321568002D0CD028002E
:10727C003900FEF7D6FE00250223019A1A4301922B
:10728C00002C0AD1052185E704333900D86FFEF7AD
:10729C006EFE2C00F0E725003C00F223FF33238028
:1072AC00019B6A46A370049B1278E370029B52B256
:1072BC0063600023611CA360E36023616361A361CD
:1072CC00E361CA77A11CCA776362A362E3623300ED
:1072DC00FD22403BEB18A363039B6284E363204BCA
:1072EC00256366632B601D4B1B6800935B0719D4E9
:1072FC00A36B002019001A00343101C39942FCD150
:10730C00184B20005363039B936380235B04D3636C
:10731C00059B1362104B144A1A66FFF7FBFE200004
:10732C0007B0F0BDB608114B113E002EE0D004356D
:10733C00013E2B60F9E7009B002B00D043E718239C
:10734C000093730700D039E733000949483B8B425F
:10735C0000D840E732E7C0467C050020C03F011052
:10736C00A52E5AE2F16E0010A1730010CCCCCCCC3F
:04737C00B7FFFF7FD9
:1073800070B50400836B15001962FFF769FD2000DA
:10739000002D02D0FFF7C4FE70BDFFF775FEFBE7BE
:1073A00010B543780400332B0BD1031D416ADA7FFB
:1073B0002830FFF7ABFD011E03D000222000FFF7AD
:0473C000DFFF10BD1E
:1073C40010B504008069002803D000221100FFF7E3
:1073D400D5FF6378232B02D10022A3689A6110BDE4
:1073E40070B50E4C267A022E16D1636A002B13D088
:1073F4006569E86AFFF74AFA2800FFF7E1FF0848E1
:10740400FFF718FE4670A061EFF30983AB63002316
:1074140028006361FFF7E2FD70BDC0467C050020D3
:0474240098050020A7
:1074280070B5041E02D00378F12B07D00421200088
:10743800494200F0CBFA0420404270BD0F22437845
:107448001340022B1ED0032B2AD0012B21D1FFF78A
:10745800F9FDE06AFFF718FA2000FFF7AFFF65783B
:10746800022D23D11348FFF7E3FD134B45709861B4
:10747800EFF30982A26300225A612000FFF7ACFDF6
:107488000020DAE70C4B1A7A022A02D15B6A002B39
:10749800DFD103212000494200F098FA0320CBE70E
:1074A800FFF7D0FD2000FFF7D7FCD2E70020FFF759
:0C74B80033FEE2E7980500207C05002070
:1074C40070B5184C0300207A002202280FD1606A9C
:1074D40090420CD0606943704B1C0AD1FFF740FD09
:1074E4001148FFF7A7FD022301224370A061100099
:1074F40070BDE36A002B02D0DD69A9420CD2C161E0
:1075040042610361002A0BD01061002BE8D0DA69D4
:107514005861511AD961E3E71A00491B1B69E9E76D
:0C752400E062F2E77C05002098050020E2
:1075300070B50D4D0021AA6D0C48FFF71FFE0C4CD5
:107540006B6EA0620120002B0DD098470300002035
:10755000834208D1EA6DE16C286EFFF70FFEA0644C
:10756000431E9841C0B270BDC03F01104179001068
:047570007C05002076
:1075740080B5EFF30583002B03D1EFF31083002BC9
:1075840006D006210020494200F022FA002080BDE6
:0C759400014F00DFFBE7C0467D710010D6
:1075A00080B5EFF30583002B03D1EFF31083002B9D
:1075B00002D0034B586980BD024F00DFFBE7C04695
:0875C0007C050020E56E0010BF
:1075C800B0B5040000F038FAEFF30583002B03D1BF
:1075D800EFF31083002B07D006212000494200F06A
:1075E800F5F906204042B0BD2000014F00DFFAE760
:0475F80029740010E2
:1075FC00002230B50C4C636C002B02D01D698D42FF
:10760C000CD901618260C360002B03D01D699860A6
:10761C00691A1961002A05D0D06030BD1A00491BC7
:0C762C00DB68E9E76064F8E77C050020FB
:10763800F8B51B4D6C6C002C2DD023696E69013B8D
:1076480023612369002B25D1E368002B01D0A268B0
:107658009A6021006B640023E86C1A001831FEF769
:1076680029FF00280CD0AB69210003206F696B61EA
:10767800FEF7F5FB6B69002B02D1B74200D11E0063
:10768800E378012B08D120006169FFF7B3FF6C6C28
:10769800002CD6D16E61F8BD01236370F7E7C046B0
:0476A8007C0500203D
:1076AC0010B5FEF7F3FE002803D1034B034A1A650D
:1076BC0010BD01204042FBE77C050020397600100C
:1076CC0037B5012504006D422B00002269462000CD
:1076DC00FEF72EFF0028F7D10198009B9847F3E79F
:1076EC00010010B5002817D00D4B1868F8F7C0FE34
:1076FC00802301385B0498420ED2FF23094A1B06F3
:10770C00116A0B4313620622074B1A605860002063
:10771C009860064B187010BD01204042FBE7C04634
:10772C002807002000ED00E010E000E0F208022045
:10773C00074B1A78002A05D000221A708022054BBC
:10774C00D2045A600123044A11680B43136070473A
:0C775C00F208022000ED00E010E000E068
:0C776800014B1B687047C04610E000E0B9
:06777400012040427047B5
:10777C00094A0A4B10B51A60094B9B1A094A136047
:10778C00094A0A4B1A600A4B9B1A0A4A136000F00A
:10779C0055F800F06DF8C04600FC0320A826002028
:1077AC0000000420A4260020D48902209C2600205E
:0877BC0000FC032098260020C8
:1077C40070B50B251C240C480C4B456003600C4B16
:1077D400C4608360FFF7A4F80A4B18600A480B4B97
:1077E400456003600A4BC4608360FFF799F8094B56
:1077F400186006F06FFE70BD68260020684801100E
:107804007C26002078260020BC2500207548011025
:08781400D0250020CC25002046
:08781C0010B5FDF719FF10BDC6
:10782400012110B5024B49421868FFF78FF810BDCB
:047834007826002092
:1078380010B5024B1868FFF79DF810BD7826002098
:0C78480010B504F047FC00F011F810BD72
:0278540070477B
:02785600704779
:1078580010B500F043F8FFF7F9FFFFF7AFFFFFF7A8
:0C786800F6FF03F04DFAFFF7D5FF10BD4E
:0878740010B5FEF701FB10BD89
:10787C0013B5114B114C0021236180231B02636152
:10788C004423E3600E4B2200A3601823A3610D4B2D
:10789C000D482360FFF768FE031E05D122000B493B
:1078AC0000900B4803F032FAFEF7FAFA002209496D
:1078BC0013000092F5E7C04640090220140902208B
:1078CC00F82700207F4801105978001084480110D7
:0878DC001D010180A04801100C
:1078E40030B585B068460200054B32CB32C21B6806
:1078F4001360FFF715F8034B186005B030BDC046A0
:08790400304001103809022097
:10790C0073B506000C00150003F0FAF900280CD131
:10791C000649A31DA21D02D3054A9B0099580023BA
:10792C0032002800009303F0F1F973BDB548011043
:04793C00D04901101D
:0679400010B500F091F803
:10794800002307B502000138009304281AD8002341
:10795800F8F786FD03080C10140001220B490C48A7
:1079680003F0D6F902220B490B48F9E703220B4929
:107978000B48F5E704220B490B48F1E705220B49B0
:107988000B48EDE70B490C48EAE7C046BD48011033
:1079980025010280DE4801102601028003490110FA
:1079A800270102803849011028010280734901101B
:0C79B8002A010280B34901100001028086
:1079C40010B50100014AFFF79FFF10BD310101808E
:1079D40010B5024AFFF798FF10BDC046320101807E
:1079E40010B5024AFFF790FF10BDC0463701018071
:1079F40010B5024AFFF788FF10BDC046330101806D
:107A04000B0010B5113302D0014AFFF77DFF10BD02
:047A140034010180B8
:107A180010B5024AFFF776FF10BDC0463801018055
:107A280010B5FFF7B9FD034B1B68002B00D0984732
:087A380010BDC0465C280020CF
:107A4000034B10B51B68002B00D0984710BDC046F3
:047A50005C2800208E
:107A540010B502F0F1FF03F0EFF903F0EEF903F0D3
:047A640001F810BD58
:107A680010B5024B1B689847FBE7C046200600206C
:087A780010B5FDF75DFB10BD28
:0C7A800010B50400FDF760FA200010BDF6
:107A8C00F8B50500060010CD002C14D10E4F386847
:107A9C00002803D001214942FEF754FF3468002C22
:107AAC0004D1280003F058FE2C00356038680028FB
:107ABC0001D0FEF75DFFAC4204D08B220349044891
:107ACC0002F008FF2000F8BD380902200C4A011012
:047ADC001B4A011030
:0E7AE00010B50368012200211B69984710BDF4
:0E7AEE00002210B5036811001B69984710BDF7
:107AFC0010B5040002F09CFF0121200004F0CAFA2A
:067B0C0002F0ACFF10BD09
:107B120010B5040002F091FF0021200004F0BFFA2A
:067B220002F0A1FF10BDFE
:107B280070B50D00040002F085FF2900200004F064
:087B380099FA02F095FF70BDFF
:107B400070B504000D1C02F079FF291C200005F01F
:087B500047FB02F089FF70BD44
:107B580070B50D00040002F06DFF2900200005F04B
:087B680093FB02F07DFF70BDEC
:107B7000837E10B50400002B03D103F05FF90123CD
:047B8000A37610BD1B
:107B8400837E10B50400002B03D003F056F90023C4
:047B9400A37610BD07
:107B980010B5040002F04EFFE37E002B09D1182334
:107BA800E15E200005F0C6FA2000FFF7DDFF0123A3
:087BB800E37602F055FF10BD59
:107BC0000023002210B5040001834383C2610362D5
:087BD000FFF7E2FF200010BDE9
:107BD80010B5040002F02EFFE37E002B07D0200032
:107BE80005F0DEFA2000FFF7C9FF0023E37602F074
:047BF80037FF10BD86
:0C7BFC0010B50400FFF7EAFF200010BDE8
:027C08007047C3
:107C0C0070B506000400831D3E229A5E0C36031DDF
:107C1C003E21595E300005F055FBE56C236D002DBF
:107C2C0001D1DA0711D558102018DB0701D50368EC
:107C3C005D592300583300229B5E220056320021EE
:107C4C00525E210054310978A8473000E16B05F0F1
:107C5C009EFB30002200024905F0D8FB70BDC046E7
:047C6C00517F001034
:107C7000F7B50093836C04000E001500002B05D0AF
:107C800036222B492B48FF3202F02AFE2A4A03658E
:107C90000368C2641B6898472300270054331E7092
:107CA00002331D800193009B58373B80042E0DD872
:107CB0003000F8F7D9FB15031015190001232A002D
:107CC00001215B4220000C3005F01DFC23682000E0
:107CD0005B689847F7BD01222B0002215242F1E771
:107CE0002A003100009BEDE72300012270331A7057
:107CF0006B1C0CD0042003F041FB019B050000210C
:107D0000595E00230380837002F065F8E565002268
:107D1000BB5E0133DAD0042003F030FB0022050003
:107D20000023F95E0280827002F05AF82566CDE7E2
:0C7D3000574A0110664A0110717C0010D7
:107D3C0010B50400FBF712FE2000FDF7F9F8200047
:107D4C0010BD10B50400FBF709FE2000FDF7F0F89C
:047D5C00200010BD36
:107D600070B5040003680D001B68984720002900C7
:107D70000C3005F012FB2368E56320005B68984730
:027D800070BDD4
:107D8200F8B504001F0003680D001B681600984731
:107D920020003B00320029000C3005F00EFB236866
:087DA20020005B689847F8BD62
:107DAA0070B5040003681B68984720000C3005F082
:107DBA009AFB230070331B780500002B06D0206E37
:107DCA00002803D06942694104F02DF92368200094
:087DDA005B689847280070BDAA
:107DE20070B5040003681B68984720000C3005F04A
:107DF20084FB230070331B780500002B05D0E06D57
:107E020004F021F9434258410540236820005B6891
:067E12009847280070BD36
:0A7E180010B50C3005F058FB10BD4A
:0E7E220010B50C000C3005F05AFB200010BD0E
:107E3000F7B5002504001F001D4B0E00083303603A
:107E40001C4B290043600192856010220C3006F023
:107E5000C1FF20001C30FCF715FF20002C30FCF780
:107E600011FF0222A31CFF32E763DA87019A231D68
:107E7000DE87A31DDA874E33A564E56425652200FD
:107E80001D70012356325B421380538023007033F0
:107E90006566A566E5661D70A268636850102018C7
:107EA000D20701D50268D35898472000FEBDC046CE
:087EB000804A01100D7C001056
:107EB800F7B50500036816001B680F0098472B00EC
:107EC80040331B783401002B01D0002E11D02B0039
:107ED80041331B78002B01D0012E0AD020001C3022
:107EE80039002818FDF70EF92B6828005B689847B9
:107EF800F7BD02F09FFD3800FDF711F92B001C3487
:107F08000C332C190193002812D02000FDF707F933
:107F1800002801D102F08EFF39002000FDF7F2F8A9
:107F280001223100019805F085FA02F099FDDBE79E
:107F38002000FDF7F4F8002801D002F07CFF2000B3
:087F4800FFF7F8FE0022ECE750
:107F500009011C3110B544182000FDF7E4F8002891
:0A7F600002D02000FFF788FD10BDDD
:107F6A00F8B504002600036840361B680D009847E0
:107F7A003378AB4233D0002D0DD0230041331B7828
:107F8A00002B08D1A268636850102018D20701D5C7
:107F9A000268D3589847270002F04BFD1C37002D82
:107FAA0022D03800FDF7BAF800280AD03800FDF7C9
:107FBA00BEF802F03EFF2000012200210C3005F03D
:107FCA0038FA02F04CFD3570002D08D123004133F8
:107FDA001B78002B03D120000C3005F0D4F923685C
:107FEA0020005B689847F8BD20002A000C30290061
:107FFA0005F01FFA3800FDF791F80028E1D002F0E9
:04800A0019FFDEE795
:10800E00F8B504002600036841361B680D0098473A
:10801E003378AB4233D0002D0DD0230040331B7884
:10802E00002B08D1A268636850102018D20701D522
:10803E000268D3589847270002F0F9FC2C37002D20
:10804E0022D03800FDF768F800280AD03800FDF776
:10805E006CF802F0ECFE0122200011000C3005F04D
:10806E00E6F902F0FAFC3570002D08D123004033FA
:10807E001B78002B03D120000C3005F082F9236809
:10808E0020005B689847F8BD20002A000C300121C3
:10809E0005F0CDF93800FDF73FF80028E1D002F0E9
:0480AE00C7FEDEE744
:1080B4001FB50400194B0021083303606846FCF720
:1080C400E6FD002269462000FFF7F4FE6846FBF750
:1080D40050FC00216846FCF7DAFD012269462000C5
:1080E400FFF7E8FE6846FBF744FC230040331B78A7
:1080F400002B04D1230041331B78002B03D0200034
:108104000C3005F043F920002C30FBF732FC200042
:108114001C30FBF72EFC200004B010BD804A011077
:1081240010B50400FFF7C4FF2000742103F054F9D4
:04813400200010BD5A
:1081380010B5437D0400002B04D0037D002B01D033
:0881480002F079FE200010BDD9
:1081500013B5040001A802F08DF8637D002B0BD14C
:10816000237D002B01D002F069FE206902F040F867
:10817000012320606160637501A802F081F813BDDE
:1081800037B5040001A80D0002F074F800230022A6
:10819000226063606B7D002B08D0286902F028F80C
:1081A0002A686B68801A99412060616001A802F01A
:0681B00067F820003EBD4F
:1081B60030B50D0085B0040003A802F058F8290078
:1081C6006846FFF7DAFF00980199AA68EB6812186B
:1081D6004B4103A82260636002F04FF8200005B00F
:0281E60030BDAA
:1081E80013B5040001A802F041F8206901F0FCFF72
:1081F8000022002320606160A260E36001A802F011
:048208003BF813BD6F
:10820C0010B50B0004000021002023610023206026
:10821C006160A060E160227520006375FFF7DEFFEE
:04822C00200010BD61
:1082300010B5040002F006F8012201002000FFF74B
:06824000E5FF200010BD67
:04824600002070475D
:0C824A001D20404270471D20404270473C
:0C8256001620404270471620404270473E
:08826200012070470120704764
:08826A0000207047002070475E
:10827200F8B5050000248EB2CB0704D5FFF794FDB4
:10828200441EA04104B210273E4205D02800FFF749
:0C829200A7FD002800D03C432000F8BDF0
:1082A00008B4024B9C46743808BC604773820010C7
:0A82B00010B5FFF75AFE002010BDC4
:1082BC0008B4024B9C46743808BC6047B18200106D
:0A82CC0010B5FFF79EFE002010BD64
:1082D80008B4024B9C46743808BC6047CD82001035
:1082E80010B50400024B0360FFF7E0FE200010BD4C
:1082F800A04A011008B4024B9C46743808BC604779
:04830800E9820010F6
:10830C0010B50400FFF7EAFF2000782103F060F8B5
:10831C00200010BD08B4024B9C46743808BC604762
:04832C000D830010AD
:10833000F7B505000C00161E1BD002F07BFB0123D5
:108340004340DFB2002F03D02B6828001B689847FA
:10835000A3190193019B9C4205D021782800FFF7C7
:1083600060FD0134F6E7002F03D02B6828005B681E
:0683700098473000FEBD3D
:1083780008B4024B9C46743808BC6047318300102F
:1083880070B504000D00101E0CD0236820001B6877
:1083980098472000FFF73CFD2870236820005B68A1
:0683A8009847012070BDA2
:1083B00008B4024B9C46743808BC6047898300109F
:1083C00010B50400FFF734FD024B20002360024B80
:0C83D000636710BDA04A0110DC4A0110D8
:1083DC00F8B504000D0016001F0003681B689847D1
:1083EC003B00320029002000FFF73CFC23682000F2
:0683FC005B689847F8BD24
:1084020070B504000E0002F018FBA569002D0BD018
:1084120020000830FFF79AFC0122631CDA77002360
:10842200A21CE361D677A36102F01DFB002D03D0ED
:0A8432002100280000F090F970BD51
:10843C0010B5002802D003F097F910BD02F0F8FA3D
:02844C00FBE74C
:10844E0010B5002802D003F0AAF910BD02F005FB0A
:02845E00FBE73A
:10846000F0B5040089B00E00170002F0E7FAA56924
:1084700002F0FAFA002D29D003AD0021280003F004
:10848000D5F902F0DBFAA3690193E369002B04D06C
:1084900039220F490F4802F023FAE56102F0E4FAAD
:1084A000019B002B0FD03900280003F0C9F90028E8
:1084B00009D13000FFF7C2FF20000121FFF7A1FF23
:1084C0003000FFF7C4FF280003F0DDF909B0F0BD6C
:0884D000414B01104D4B01105E
:1084D80070B500250400064B45600833036008307A
:1084E800FCF7CCFB2000A561E561258470BDC04682
:0484F8006C4B0110B8
:1084FC00084B10B50833036083690400002B04D0CB
:10850C0026220549054802F0E5F90830FBF72DFA5B
:10851C00200010BD6C4B0110414B01105B4B011046
:10852C0030B50400250085B0083502F081FA290029
:10853C006846FFF79FFA2800FFF703FC0023E06969
:10854C00A361984201D003F093F902F087FA6846D0
:10855C00FCF7E3FD002802D06846FFF787FA68466F
:08856C00FBF703FA05B030BD76
:0E85740000234360836001330160037370478E
:02858200704740
:108584000300007B002805D00CCB002012689A421F
:068594004041C0B2704737
:10859A00F0B5036885B001930123050018008840EF
:1085AA0019001E0051400290039101989900445C01
:1085BA000299214205D030210C40002A07D0102C04
:1085CA0007D10133112BF0D10120404215E0002CD4
:1085DA00F7D0100059000239084300913100814058
:1085EA00AF680F42EDD1202C07D10399009C0C43B0
:0E85FA00210034008C402742E3D105B0F0BDD3
:1086080070B5040008001100020020001D00FFF7EB
:10861800C0FF002802DA0020207370BD41082368DB
:108628008A009A18D3885279666855439B195B1952
:10863800636001238340A268C00113430843A36019
:04864800C0B2EAE7EB
:0E864C0010B513000A000121FFF7D8FF10BD82
:0E865A0010B513000A000021FFF7D1FF10BD7C
:1086680070B50D0004000A000021FFF7EBFF2A0097
:0A86780000212000FFF7EDFF70BDA8
:08868200002303604360704710
:02868A00704737
:04868C0000687047CB
:1086900000230B604368002B02D1016041607047EA
:0486A0001960FBE77B
:1086A40003000068002806D00268002A00D15A603E
:0886B4001A6000230360704707
:1086BC0010B50468002223008B4204D0002B10D08C
:1086CC001A001B68F8E7002A01D00B6813608C4273
:1086DC0001D10B68036043688B4200D142600023D8
:0486EC000B6010BD52
:0C86F00010B50400FFF7C5FF200010BD0E
:0E86FC0010B5FFF7C5FF43425841C0B210BD94
:10870A0070B505002800FFF7BCFF00280ED0041F33
:10871A00236820009B689847002807D02800FFF7A5
:0E872A00BCFF23682000DB689847EBE770BDBA
:1087380070B504000D00FFF7A5FFAC610600291D08
:108748002000FFF7A1FF002E02D12000FFF7D9FF7C
:0287580070BDF2
:10875A0070B505000C00FFF794FF0600002C00D04E
:10876A00043421002800FFF7A4FFA64202D1280002
:06877A00FFF7C6FF70BD11
:1087800010B504002000FFF781FF002804D0043852
:0A8790000368DB689847F5E710BDA9
:10879A0010B50400FFF7EFFF2000FFF771FF20007C
:0287AA0010BD00
:0287AC00704714
:0287AE00704712
:0A87B00010B503689B6D984710BDDB
:1087BC0030B587B06B46040005220021981D06F0E9
:1087CC0003FBC8239B00E258238901AD8921AB81AF
:1087DC000A4B4900EB8104232980EA711139626844
:1087EC00FF390A34E9700392FF331222290020006A
:1087FC002B8206F057FA200007B030BD01020000B2
:08880C00004870475C4E0110AA
:0888140000487047944E01106A
:08881C0000487047604E011096
:0888240000487047A64E011048
:08882C00004870478C4E01105A
:0888340000487047764E011068
:10883C00036810B55B6F04009847BB239B00E0589E
:10884C0003681B6F9847236820009B6F984710BDE7
:10885C00CD239B00C35810B5002B04D1024A034909
:10886C00034802F037F810BDCD060000A14B0110F3
:04887C00AF4B0110ED
:1088800010B5040002F0DAF8CD229200A3580133AB
:10889000A350002B05D1D72202490348D20002F091
:0C88A0001FF810BDA14B0110AF4B0110E0
:1088AC00CD239B00C35870B50400012B16D1C925EC
:1088BC00CA26AD00B6000122A05963590240002B14
:1088CC0001D1002A0AD00021401061512018A15179
:1088DC008A4201D00268D3589847ECE7CD22920027
:1088EC00A358002B04D1054A0549064801F0F2FFB4
:1088FC00013BA35002F0B2F870BDC046C6060000A2
:08890C00A14B0110AF4B01105B
:1089140007B50022024913000248009202F0FAF956
:08892400BB4B01100E01158090
:10892C0007B50022024913000248009202F0EEF94A
:08893C00E34B0110040115805A
:10894400036870B5DB6F04009847BE239B00E55AAB
:108954002B12022B28D0032B5BD00020012B06D135
:10896400236820001B6B9847002801D1002070BDAC
:10897400236820001B6B98470678122EF6D12368D3
:1089840020001B6B98474578012DEFD1C1239B0034
:10899400E650236820001B6B9847C0239B00E050DF
:1089A40008332800E554E2E72368EDB229002000EB
:1089B4005B6B98470028D9D0236829005B6B2000A3
:1089C40098470378092BD1D1236829005B6B2000D9
:1089D40098474378022BC9D1236829005B6B200098
:1089E40098472368867829005B6B20009847C1224A
:1089F400C37892001B023343A3502368290020004C
:108A04005B6B9847C0239B00E05001200833E0547F
:108A1400ADE7EDB20020052DA9D82800C1252368B3
:108A2400AD00F7F71FFD030D151D252D9B6B2000D1
:108A340098470378635123689B6B20009847E1E7CC
:108A4400DB6B20009847037863512368DB6BF4E702
:108A54001B6C200098470378635123681B6CECE778
:108A64005B6C200098470378635123685B6CE4E7F0
:108A74009B6C200098470378635123689B6CDCE768
:108A8400DB6C20009847037863512368DB6CD4E7E0
:108A94001F200B78DB0913700B785B069B0F537058
:108AA4000B78034093704B78D370C8788B780002AE
:108AB4000343938048790B7900020343D380C87938
:0A8AC4008B79000203431381704711
:108AD000036870B55B6F04000D009847C3239B00CB
:108AE000E35C022B05D03E2209490A48FF3201F01F
:108AF000F7FEC423084A9B00E5541433E2500022D9
:108B00000433E250236820009B6F984770BDC04635
:0C8B1000A14B0110024C01107D900010E0
:108B1C00036870B5DB6F04009847C2239B00E35CCD
:108B2C00002B02D00025280070BDBB25AD0060597C
:108B3C0003685B6C9847C1239B00E2589042F1D8C4
:108B4C00C026B600A159121A0918A151E250002AE8
:108B5C0014D102210833E1540E4BE55C002D07D0F3
:108B6C00E254163BE118236820009B6E9847DAE725
:108B7C0001212000FFF7A6FF0125D4E7C8239B00A5
:108B8C00E3586059934200D913000268146C1A0020
:088B9C00A047F1E70A03000005
:108BA400036813B5DB6F04009847C7239B00E35C9D
:108BB400012B06D8002213000F4900920F4802F03F
:108BC400A9F8C3239B00E35C002B04D000220C49CA
:108BD40013000092F2E70B4BE35C032B0AD0200056
:108BE400FFF79AFF002805D1BB239B00E0580368D8
:108BF400DB6C984713BDC046BB4B01100E011580BA
:088C04002D4C01100B030000D0
:108C0C00036870B5DB6F04009847C2239B00E35CDC
:108C1C000025012B36D1C1239B00E358AB4206D172
:108C2C001C4AA15CA94201D101252BE0A354C82206
:108C3C009200A5589D4200D91D00BB23C0269B0065
:108C4C00E058B60003682A009B6CA1599847A359B9
:108C5C005B19A351C1239B00E258551BE550E3D18E
:108C6C000C4BE25C002ADFD102210333E1540A4BA6
:108C7C00E55C002D08D0E254163BE1182368200077
:108C8C009B6E9847280070BD01212000FFF71AFF4A
:0C8C9C00CAE7C046090300000A030000FC
:108CA800036810B5DB6F04009847C7239B00E35C9B
:108CB800012B01D8FFF72AFE074BE35C032B0AD0F0
:108CC8002000FFF79FFF002805D1BB239B00E05839
:0C8CD8000368DB6C984710BD0B03000024
:108CE400036870B55B6F04000D009847C3239B00B5
:108CF400E35C032B05D0C32209490A48520001F062
:108D0400EDFDC423084A9B00E5541433E2500022CD
:108D14000433E250236820009B6F984770BDC0461F
:0C8D2400A14B0110774C0110459A001083
:108D3000036810B50400DB6F98470120044BE2186C
:108D40001D3BE2500433E0500433E05410BDC046F4
:048D50001D030000FF
:108D5400036810B5DB6F04009847C7239B00E35CEE
:108D64000020042B0CD1074B0130E25A064BE2528F
:108D74003633E218303BE2500433E0500433E0541D
:0C8D840010BDC0462E030000FA020000E3
:108D9000036810B5DB6F04009847C32304229B00CF
:108DA000E254143BE25C044B2000E15A23681B6F41
:0C8DB0009847012010BDC046FA020000E8
:108DBC00036870B55B6F04000D009847C3239B00DC
:108DCC00E35C042B05D0EB2209490A48520001F060
:108DDC0081FDC423084A9B00E5541433E250002261
:108DEC000433E250236820009B6F984770BDC04647
:0C8DFC00A14B0110A34C01101D910010B0
:108E0800036870B5DB6F04009847C7239B00E35CD9
:108E1800042B04D000201E4BE35A834215D11D4B6E
:108E2800E15C012912D0022913D0002081420CD123
:108E38000122194B1A80C023174A9B00E2500222D4
:108E480001200433E2500433E05470BD0022124B79
:108E5800F0E70F4BE25A8F231000984303000020DD
:108E68008342F2D10C48130702D100230380E2E7C2
:108E78001E2553002B40D2111A431823023A53439C
:108E8800E31830331B780B42EFD00123EEE7C046DE
:0C8E9800FA020000F60200006028002032
:108EA40030B5036891B0DB6F04009847BB23C82238
:108EB4009B00E058920003686946A258DB6B984710
:108EC400BD239B00E5182A0069462000FFF7E0FD5A
:108ED400C02200239200A3500432A3500432A350B2
:108EE400C32301229B00E2542368290020005B6E07
:068EF400984711B030BDEB
:108EFC00036810B5DB6F04009847C7239B00E35C45
:108F0C00012B01D8FFF700FDCB2201239200A354C3
:108F1C00203AA25C002A03D12000FFF7BDFF10BD50
:0C8F2C00014AA354FBE7C0462D030000DF
:108F3800F8B51D00036804005B6F0F001600984722
:108F4800C3239B00E35C012B04D00B4A0B490C485C
:108F580001F0C2FCC4239B00E7540433E650094ADD
:108F68000433E5500C33E25000220433E250236806
:108F780020009B6F9847F8BDBA020000A14B011072
:088F8800CB4C0110D59800103C
:108F9000036870B5DB6F04009847BF239B00E35A5A
:108FA000002B34D0BD229200A55C1432A25C012DAE
:108FB00025D1012A06D0BB239B00E0580368DB6C57
:108FC000984770BDC1229200A158994200D9A35080
:108FD000C1229200A0581F4E012D28D1834208D9EA
:108FE000C8239B00E158F7F7CFFA002901D11A4BAB
:108FF000E55402232000A355FFF708FEE1E7002A0D
:10900000D9D1C1229200A2589A42E1D0D3E7BB2322
:10901000C1229B009200E058A15803680029CED1DC
:1090200003250C4A9B6CA5540A009847C9E7012305
:10903000C822A355BB239200A2589B00E35882424A
:1090400000D90200196818000D6CC0218900615810
:0C905000A847B6E70B030000090300006E
:10905C00036810B5DB6F040098470022024BE25402
:10906C00024B0332E25410BD2D0300000B03000031
:10907C00036810B5DB6F04009847C423C32200219A
:10908C0092009B00E35CA154134AA15C002903D01D
:10909C002000FFF7DDFF10BD002B06D1BB239B008A
:1090AC00E0580368DB6C9847F5E70C4BE25C012A4F
:1090BC0008D10232E2541F3BE05803689B6C0A0053
:1090CC009847E8E7022AE6D10132E254BB239B0021
:1090DC00E05803681B6CF2E72D0300000B03000043
:1090EC00036810B5DB6F04009847CB2300229B006C
:1090FC00E254203BE35C934203D12000FFF7A8FF2E
:10910C0010BD0122014BE254FAE7C0462D030000CA
:10911C00036810B5DB6F04009847C423C3220021F9
:10912C0092009B00E35CA1540E4AA25C8A4203D0DD
:10913C002000FFF78DFF10BD002B0BD00A4B200039
:10914C00E25A0A4BE252363BE25A3833E254FFF70A
:10915C0019FFF0E7BB239B00E0580368DB6C9847D2
:10916C00E9E7C0462D030000FA0200002E030000C0
:10917C0070B5BC2504000368AD005B6F9847635D58
:10918C00002B10D1BB26B600A059210003689B68A8
:10919C009847A059402103689B6B9847C8239B00B4
:1091AC00E05001236355236820009B6F984770BDE6
:1091BC00036870B55B6F05009847C7239B00EC5C98
:1091CC002B68E4B228009B6F043C984760426041D6
:0491DC00C0B270BDF0
:1091E00070B5040003680B4D5B6F98472000FFF7D4
:1091F000C5FF635D002B07D1BB239B00E0580368CC
:109200005B69984701236355236820009B6F98474B
:0892100070BDC046F102000030
:10921800BB239B0010B5C05803685B6B984710BD13
:1092280070B50D00036804005B6F98472B0708D1E1
:10923800C8239B00E558236820009B6F98472800A7
:1092480070BD1E2369001940ED0929430239063B08
:08925800594361188D8DEEE70A
:10926000F7B50E00036804005B6F984737008F2343
:109270009F4301D1330706D1002217491300174835
:10928000009201F049FD1E2375001D40F3091D43A6
:109290001823023D5D4365192B0030331B78DB0733
:1092A00009D42000FFF78AFF002810D00C4A0D498E
:1092B0000D4801F015FB31352B78002B07D0BB236F
:1092C0009B00E05831000368DB6E98472F702368DD
:1092D00020009B6F9847F7BDE34B011004011580F8
:0C92E0008C050000A14B0110EE4C0110A9
:1092EC0073B50D00036804005B6F98478F232A0049
:1092FC009A4301D12B0706D100221A4913001A48B0
:10930C00009201F003FD1E236E001E40EB091E436C
:10931C001823023E5E43A619320030321178CB0777
:10932C0009D42000FFF744FF002816D00F4A10493B
:10933C00104801F0CFFA02230B431370BB239B00A0
:10934C00E0582900036831369B6D98473378002B21
:10935C0003D029002000FFF77DFF236820009B6FBE
:10936C00984773BDE34B011004011580CC04000039
:08937C00A14B0110EE4C0110A1
:10938400036810B5DB6F04009847C7239B00E35CB8
:10939400042B04D000200E4BE35A834217D10D4B0B
:1093A4000020E35C022B12D1094BE15A8F230A00FF
:1093B4009A4382420BD10B0709D0BE239B00E35A88
:1093C400834204D12000C9B2FFF78EFF012010BDF3
:0893D400FA020000F60200009D
:1093DC0073B50D00036804005B6F98478F232A0058
:1093EC009A4301D12B0706D100221D4913001D48B9
:1093FC00009201F08BFC1E266B003340EE091E43DD
:10940C001823023E7343E3181A0030321278D20745
:10941C0009D42000FFF7CCFE00281BD0124A1349B8
:10942C00134801F057FA31331B78002B03D0290075
:10943C002000FFF70FFF182302217343E31830338A
:10944C001A788A431A70BB239B00E05829000368E2
:10945C00DB6D9847236820009B6F984773BDC0460F
:10946C00E34B011004011580F1040000A14B011025
:04947C00EE4C0110A1
:10948000036810B5DB6F04009847C7239B00E35CBB
:10949000042B04D000200E4BE35A834217D10D4B0E
:1094A0000020E35C022B12D1094BE15A8F230A0002
:1094B0009A4382420BD10B0709D0BE239B00E35A8B
:1094C000834204D12000C9B2FFF788FF012010BDFC
:0894D000FA020000F6020000A0
:1094D800F0B50F001E00036885B05B6F03920500AE
:1094E8003C0098478F239C4301D13B0706D10022BB
:1094F800130020492048009201F00AFC1E237A003C
:109508001A40FB0913431822023B5A43AA181300B6
:1095180030331B78DB0709D42800FFF74BFE041E05
:1095280012D0164A1649174801F0D6F9938DB3425E
:1095380005D923002200144914480094DCE731328D
:1095480016001278002A06D02B6828009B6F9847CF
:10955800200005B0F0BDBB229200A858390002686F
:10956800146E039AA047041EEED03378013333708B
:10957800EAE7C046E34B011004011580AF0500007F
:10958800A14B0110EE4C0110FC4C01100501158097
:1095980037B50D00036804005B6F98478F232A00D6
:1095A8009A4301D12B0706D100221549130015480B
:1095B800009201F0ADFB1E226B001340EA091A432A
:1095C8001823023A5343E31830331B78DB0709D4D6
:1095D8002000FFF7EFFD051E0CD00B4A0B490C4885
:1095E80001F07AF9BB239B00E058290003685B6E01
:1095F80098470500236820009B6F984728003EBDC8
:10960800E34B011004011580E9050000A14B01108E
:04961800EE4C011003
:10961C00F0B50F0087B00393036805925B6F0500EC
:10962C003C0098478F239C4301D13B0706D1002275
:10963C00130024492448009201F068FB1E237E008D
:10964C001E40FB091E431823023E5E43AE19330035
:10965C0030331B78DB0709D42800FFF7A9FD041E63
:10966C0014D01A4A1A491B4801F034F9B38D039AE5
:10967C00934205D223002200174918480094DBE7D7
:10968C003300313304931B78002B06D02B68280051
:10969C009B6F9847200007B0F0BDBB239B00E85898
:1096AC0039000368059A9C6E039BA047041E07D0E3
:1096BC00039B049AF385049B1B7801331370E5E735
:1096CC00F085E3E74D4D0110040115800A060000FA
:1096DC00A14B0110EE4C01106B4D011005011580D2
:1096EC0037B50D00036804005B6F98478F232A0081
:1096FC009A4301D12B0706D10022124913001248BC
:10970C00009201F003FB1E216B000B40ED091D4381
:10971C00023D06394D4365192B0030331B78DB07AE
:10972C0009D42000FFF744FD051E05D0074A08495F
:10973C00084801F0CFF8ED8D236820009B6F984707
:10974C0028003EBDE34B01100401158049060000C2
:08975C00A14B0110EE4C0110BD
:10976400036870B5DB6F04000E009847C7218900B9
:10977400625C6654D3B2B24226D00025032B03D9CF
:109784000322B2426D41EDB2012B04D9012E02D85D
:10979400002D11D002E0002D11D00025B4222000AC
:1097A400920000211C3005F013FB0023074AA35448
:1097B400074AA3549D4202D02000FFF795FC23687A
:1097C400310020001B6E984770BDC0461D03000089
:0497D400F20200009D
:1097D800036870B5DB6F04009847BB23BE259B0068
:1097E800E058AD000368615DDB6A9847635B02215E
:1097F800002B00D003212000FFF7B0FF012070BD2F
:10980800036810B5DB6F04009847BE239B00E15C3A
:109818000C4BE15400290AD1313BE05803681B6A1C
:10982800984703212000FFF799FF012010BD01226E
:10983800054B2000E2541A330232E2542368DB6EEF
:0C9848009847F2E71D030000F202000048
:10985400036810B50400DB6F984700201A4BE35CE3
:1098640083420ED1194BE05C0B282BD8F6F7FAFD96
:10987400060A2A0E2A12162A1A1E22262000FFF78A
:10988400C1FA10BD2000FFF7F9FDFAE72000FFF749
:1098940077FDF6E72000FFF79DFFF2E72000FFF7D2
:1098A4004FF8EEE72000FFF741FAEAE72000FFF760
:1098B400A9FFE6E72000FFF74BFAE2E72000FFF7F5
:1098C40065FADEE70020DCE7F5020000F70200009D
:1098D400036870B5DB6F04009847C5229200A15855
:1098E400C4230432C325A05800229B00AD00E35CCE
:1098F40062551B4AA25C002A10D0012B0AD802230D
:109904006355BD239B00E1182368012220009B6E50
:10991400984770BD2000FFF79FFBFAE7042B12D194
:109924002000FFF795FF002806D1BB239B00E058D9
:109934000368DB6C9847ECE7635D002BE9D12000FA
:10994400FFF724FBE5E7032BEFD00125054AA554D7
:10995400063AA050043AA1500832A354EFE7C04697
:089964002D0300000A030000BE
:10996C0010B504000368DB6F984702212000FFF755
:10997C00F3FE0022044B2000E254FFF7B1FB2368F6
:0C998C002000DB6D984710BD1E0300009A
:1099980070B504000368104D5B6F9847635D002B3A
:1099A80007D0BB239B00E05803689B6998470023B6
:1099B8006355C7239B00E35C012B03D901212000D9
:1099C800FFF7CCFE0023054A2000A354044AA35401
:1099D80023689B6F984770BDF10200001D030000CB
:0499E8001E0300005A
:1099EC0070B5BC2504000368AD005B6F9847635DE0
:1099FC00002B0AD02000FFF7C9FFBB239B00E058C7
:109A0C000368DB68984700236355236820009B6F2D
:049A1C00984770BD3A
:109A2000036870B5DB6F0D0004009847002D08D166
:109A3000C7239B00E35C002B03D029002000FFF725
:049A400091FE70BD66
:109A4400F8B503680400DB6F9847C4231A4E9B00E3
:109A5400E75CA35D002B01D1002F0FD12000FFF79D
:109A6400ABFB051E0AD10100B422200092001C3079
:109A740005F0AEF9114BE554114BE554C323002214
:109A84009B00E254A35D934203D02000FFF7E4FA65
:109A9400F8BDBB239B00E0580368002F09D0DB69A5
:109AA400984720000421FFF75BFE2000FFF76EFAC1
:109AB400EEE7DB6C9847EBE72D0300001D03000085
:049AC400F2020000AA
:109AC800F0B50D0089B00693036817005B6F0400BA
:109AD80098478F232A009A4301D12B0706D10022E9
:109AE8002A4913002A48009201F012F9294BE65C32
:109AF800002E06D1236820009B6F9847300009B0DC
:109B0800F0BD1E2368001840EB0918430300182213
:109B1800023B5343E3180393303304931B78173AFB
:109B28001A40079201220590134205D08E221A4945
:109B38001A48D20000F0D0FE8023DB009F4203D9F0
:109B4800174A15491748F5E7BB239B00E0583A0028
:109B5800036829001E6D069BB047061ECAD018234D
:109B680005980E990138584304302018FBF7CAFAB3
:109B78000122049B1B781343049A1370039B079AD2
:109B880031331A70039B9F85B4E7C046E34B01103D
:109B980004011580F2020000A14B01108C4D011048
:089BA80071040000AE4D011034
:109BB000F0B5060085B002930AAB1B881C360393F0
:109BC000214B04000360BB2335009B0000910192F0
:109BD000C71828001835FBF755F8AF42F9D1B42261
:109BE000019B0021A380029B3000E380039B920035
:109BF000238105F0EFF8BD239B00E0182822002107
:109C000005F0E8F8C322002300999200A354203AFB
:109C1000A150012120000432A3520C4AA354423225
:109C2000A350143AA3500432A3500432A350043278
:109C3000A3500432A354143AA154054AA354054A2C
:109C4000A35405B0F0BDC046DC4D0110F202000087
:089C50001D0300001E030000CB
:109C58000E4B70B50360BC239B00C35C0400002B53
:109C680004D00B4A0B490C4800F036FEFFF7BAFE49
:109C7800BB2326009B00E5181C36B54204D0183DCE
:109C88002800F9F774FEF8E7200070BDDC4D0110DC
:0C9C980062050000A14B0110C64D011038
:109CA40070B50D0003680400DB6F98478F232A000A
:109CB4009A4301D12B0701D1FEF736FE1E2318204B
:109CC40069001940ED0929438B1E4343E3183133DE
:109CD4001A78002A0DD0013941430431013A64183D
:109CE40020001A70FBF71DFA002802D02000FDF7AF
:049CF400C1FE70BD80
:109CF80070B50D0003680400DB6F98478F232A00B6
:109D08009A4301D12B0701D1FEF70CFE1E23182020
:109D180069001940ED0929438B1E4343E318313389
:109D28001A78002A0DD0013941430431013A6418E8
:109D380020001A70FBF7F3F9002802D02000FDF785
:049D480097FE70BD55
:109D4C00EFF3108172B6054B1A78002A05D1013257
:109D5C001000884302491A7008707047F3080220FB
:049D6C00EF080220DA
:109D700010B5EFF310820123934304D03622064935
:109D8000064800F0ADFD064A1370064B1B78002B09
:109D900000D062B610BDC046C14E0110DD4E0110AC
:089DA000F3080220EF08022085
:0C9DA800014B18787047C046F3080220F9
:109DB40070B50D000400160002F04DF96B1C07D0BD
:109DC4000021200002F06AF93100200002F04CF971
:029DD40070BD60
:0A9DD60010B50022FFF7EBFF10BDEF
:109DE00070B50D000400160002F037F96B1C0BD0A3
:109DF0003100200002F01CF90121200002F050F98E
:0A9E00000021200002F032F970BDCD
:0A9E0A0010B50022FFF7E7FF10BDBE
:109E140070B504000D001E00002A09D11A00FFF7D6
:109E2400C7FF6B1C03D02000049902F0FFF870BD3B
:109E340002F011F96B1CFAD02000049902F0F6F834
:109E44002000012102F02AF93100200002F00CF96F
:029E5400EDE738
:109E560003000022885E421C02D0984201D1486865
:069E660070470C31F5E726
:109E6C0013B50400431C0AD0FFF7EFFF431C06D1C7
:109E7C000023220002490348009300F047FF16BD5F
:089E8C00F74E011030010180C6
:109E9400F7B54668330032331C78002C32D103689E
:109EA4005B6898470300306A98422BD03269181ACD
:109EB400104033223362B256002A24DB2100F6F725
:109EC4005DFC3427F75704000D00002F14D0002147
:109ED400706A24184D41009401958F421ADB3A00B0
:109EE40020002900F6F73EFC3A0004000D00F6F7C6
:109EF40045FC009B181A7062B26AF36AA4185D41AB
:109F0400B462F562F7BD020023002100B068F6F7E1
:109F14001BFDD6E7F7680B00009801993A00F6F7A5
:109F2400F3FC4743009B0400DF1B0D007762E3E76B
:109F34000300824206D901208A4202D9994289410A
:109F44004842704700208B42FBD991424041F8E7D8
:109F5400F0B546683B4B326B040085B01A4266D1BB
:109F6400FFF796FF7368002B63D018685968F36A8B
:109F74008B4207D302D1B36A834203D323685B695C
:109F8400984754E06568AA6AEB6A801A9941EB69BC
:109F94006F698B4224D302D1AB69834220D334222C
:109FA400AA56002A29DBF6F7E9FB2B0033331B788A
:109FB4005BB29C46002B10D0AB680393039B013B20
:109FC400009300230193009A019B80185941634632
:109FD400002B19DB6246F6F7C5FB874200D9070060
:109FE4002B6AFF182B691F40336ABB4211D1CA2266
:109FF40015491648FF3200F071FC02000B00E868B6
:10A004000021F6F7A1FCD0E7039A019BF6F77CFC4C
:10A01400E3E7236838001B69984723685B6898471F
:10A024003A000100306AFFF783FF0028A6D105B08B
:10A03400F0BD336A726930699B18184023681B6944
:10A044009847F4E700FFFF002C4F01103E4F01102A
:10A054004368F0B51A0030321278040085B0002A43
:10A0640000D080E032331B78002B7CD103681B685E
:10A0740098472368DB69984706680390002E06D149
:10A08400330032003A493B48009600F043FE30006A
:10A0940039490F00F6F776FA38000029F9D139006A
:10A0A4003548F6F7E9F91F23012265680290A86094
:10A0B400013B04D31100029899408842F8D12A0048
:10A0C4003332137039003000F6F7D6F91F2302003B
:10A0D4000121E86008009840824201D0013BF9D296
:10A0E400290034310B70039B5868011F1C2905D9C2
:10A0F40000222249130022480092C6E701232028A7
:10A1040033D08340013B07200027884016002B6191
:10A11400029A3B006861C117F6F716FC02000B00B7
:10A1240001204042C11780197941801859413200F9
:10A134003B00F6F7E9FB2368A861E9615B682F60DF
:10A144006F609847002128620122002063689862AA
:10A15400D9625F621A86323320001F70FFF798FEBF
:10A164002000FFF7F5FE05B0F0BD5B42CBE7C0462B
:10A17400624F01100E01048040420F007B4F01101A
:04A18400050104804D
:10A1880070B5050000F056FC2B686C68DB689847D2
:10A19800230032331B78002B02D000F061FC70BD25
:10A1A80026000123313633706368002B16D028004F
:10A1B800FFF76CFE6368E26A596891420ED803D1D2
:10A1C8001A68A16A8A4209D86A68DB6852686360BB
:10A1D8002368002BE8D090689847E5E7002328001B
:08A1E8003370FFF7B3FED8E766
:10A1F00070B50400FFF72EFF00F020FC2000FFF7F1
:10A2000049FE63689C6ADD6A00F02EFC290020008C
:02A2100070BD1F
:08A2120010B5FFF7ECFF10BDD1
:10A21C0010B50022024B1A7003F0F5F910BDC046C0
:04A22C004089022043
:10A2300010B503F0A5F90122014B1A7010BDC046FC
:04A24000408902202F
:08A2440000487047B84F0110FB
:10A24C00034B10B51B68002B01D00248984710BD7A
:08A25C0024060020B84F011098
:10A2640010B50C23CA5E0423C95E03F02FF810BD99
:0CA2740010B5040000F0E0FB200010BD5D
:0CA2800010B5040000F0F0FB200010BD41
:04A28C00007B70479C
:10A290000F4B70B50833036000230E4E436081609E
:10A2A0000273040030000D00FDF7F0FB01F062FACC
:10A2B000002D0AD0084B1A681C6062603000FDF760
:10A2C000E5FB01F073FA200070BD6560F6E7C0465B
:0CA2D000EC4F0110C81C0020C41C002032
:10A2DC0070B50400154B164D083303602800FDF7CC
:10A2EC00CFFB01F041FAA368002B05D0114962683D
:10A2FC000B68A34213D10A600F4B1A68A24201D11A
:10A30C0000221A602800FDF7BBFB01F049FA237B01
:10A31C00002B02D1201F01F071F8200070BD190034
:10A32C005B68A342FBD14A60E6E7C046EC4F0110E4
:0CA33C00C81C0020C41C0020F01C0020E5
:10A3480010B50400FFF7C6FF2000102101F042F805
:04A35800200010BD14
:10A35C00F7B51A4E019030000D00FDF791FB01F09E
:10A36C0003FA174B1C68002C16D0A768002F11D0CD
:10A37C00380005F01DF8A8420CD12A0038000199CC
:10A38C0004F06AFC002805D13000FDF779FB01F0E0
:10A39C0007FA11E06468E6E7072DF5D12A00019968
:10A3AC00084804F059FC0028EED13000FDF768FB9A
:10A3BC0001F0F6F9044B1C682000FEBDC81C0020FF
:0CA3CC00C41C0020E44F0110F01C002015
:04A3D80000207047AA
:10A3DC00036870B5012200211B6904009847051E13
:10A3EC000DDB2368022200211B6920009847060020
:10A3FC0023682900002220001B699847350028009B
:02A40C0070BD21
:10A4100070B50E000025040010490560456030004D
:10A4200004F0FEFF29003018206023681A782F2AD4
:10A4300008D10133236000290AD12A22084909489A
:10A4400000F04EFA002AF6D0013301312360ECE728
:10A45000FFF784FF6060200070BDC0464C500110C3
:08A46000685001107550011055
:04A4680000687047D1
:10A46C00436810B5181E05D0FFF70AFF01384342A8
:06A47C005841C0B210BD02
:10A4820010B50400FFF7F1FF0023984203D0636880
:0AA49200002B00D0043B180010BDA1
:10A49C00436810B5181E04D0FFF7F2FE4342584132
:04A4AC00C0B210BD6D
:10A4B00010B50400FFF7F2FF0023984203D0636851
:0AA4C000002B00D0043B180010BD73
:0AA4CA004068431E9841C0B270477D
:04A4D40000207047AD
:10A4D800F8B50E00036804001B6D8D18984733000B
:10A4E80022689D4207D019785F1C2000936C98471A
:10A4F800431C06D13D00236820005B6D9847A81BCC
:06A50800F8BD3B00ECE78A
:10A50E00F8B50E00036804001B6D8F1835009847D0
:10A51E002368AF4207D0DB6C20009847431C02D063
:10A52E0028700135F4E7236820005B6D9847A81B5F
:02A53E00F8BD66
:04A540000020704740
:04A54400002070473C
:02A5480070475A
:10A54C0013B504000F4B002208C0FFF79BFE0E4B07
:10A55C0020001A0068336360002308320B49226024
:10A56C00636100F0A9FF6061002806D103000200BE
:10A57C0000900749074800F0C9FB00F0DEFC200002
:10A58C0016BDC04604500110F45001107E5001104D
:08A59C0081500110190101803A
:10A5A400094B10B51A000400083268330260436096
:10A5B400406903F0ABF8054B201D2360044B636036
:10A5C400FFF78AFE200010BDF45001109C500110CA
:04A5D400EC50011036
:10A5D80030B5002585B01A4CAB002900E25819485F
:10A5E800013500F00DFA0D2DF5D1A36C1648029334
:10A5F800636C0193236C0093E36BA26B616B00F0B7
:10A60800FFF9124B1248196800F0FAF9E36C1B07BE
:10A6180012D5104800F0F4F9236D0F48DB0700D479
:10A628000E4800F0EDF9E36C0D485B0700D40D48C7
:10A6380000F0E6F905B030BD0B4800F0E1F9EFE7AE
:10A6480044890220645101107251011000ED00E0AC
:10A65800C1510110CF510110DE510110EB51011011
:0CA668000E5201101A520110FE51011098
:10A67400F7B51B4F05000E003800012100F046F924
:10A684000024A04216D1174800F0BCF9302D18D090
:10A69400402D1BD0202D1ED1134800F0B3F9134CCC
:10A6A400134800F0AFF9FFF795FF124800F0AAF93C
:10A6B40000233B700023320020000F49009300F078
:10A6C40029FB0E4800F09EF90D4CE9E70D4800F017
:10A6D40099F90D4CE4E70D4800F094F90C4CDFE7D0
:10A6E40098890220265201104F5201103E01FF802A
:10A6F4007C52011087520110A65201105E520110C3
:10A704003F01FF80675201104001FF807252011027
:04A714003D01FF8084
:10A71800F7B50C007746160000F06CFB0194002C8E
:10A7280003D02300083B1B6801930025AE420FD0DD
:10A73800300003F07FFF051E0AD0019AB24200D90B
:10A7480032002100280004F0AFFA200003F07CFF5B
:10A758003B0032002100280000F008FB00F05AFB03
:04A768002800FEBD0A
:10A76C00F7B516007746019100F042FB019D754349
:10A77C00280003F05DFF041E03D02A00002104F022
:10A78C0023FB3B0032000199200000F005FB00F098
:06A79C003FFB2000FEBDA2
:10A7A400F7B50D000192060000F026FB204F38009B
:10A7B400FDF76AF900F0DCFF2B001E4C093332D898
:10A7C40029003000083103F04BFF00282BD006008D
:10A7D400A268194B521905604360A260226923687C
:10A7E400013222616268EB1808362360934200D973
:10A7F400636004380368002B00DAC0180122036880
:10A804009343A269521B9B18A3613800FDF73CF9DE
:10A8140000F0CAFF29003000019A00F095FA00F018
:10A82400FBFA3000FEBD6369002601336361ECE787
:0CA83400801C0020081C0020EFBEADDEE0
:0AA8400010B57246FFF7AEFF10BD21
:10A84C00F7B50C000500160000F0D2FA1B4F3800CB
:10A85C00FDF716F900F088FF002C21D021000839F3
:10A86C00174B4A689A4227D123000C3B18680A6898
:10A87C00002800DA1B1818680123984300234B604A
:10A88C00104B01901868801A18601869013818610B
:10A89C00986912180198121A9A61280003F0B2F9FB
:10A8AC003800FDF7EDF800F07BFF3100200000F0E0
:10A8BC008BFA00F0ADFAF7BD2100EEE7801C00200A
:08A8CC00EFBEADDE081C002008
:0AA8D40010B57246FFF7B8FF10BD83
:10A8E00007B50B00009201000022014800F014FAA5
:04A8F0004401FF80A0
:10A8F40070B5050000F0A0F82C780123E4B2601EC6
:0CA9040084412B7000F0AEF8E0B270BD92
:10A9100070B504000E0000F091F825782670EDB2B5
:08A9200000F0A2F8280070BD50
:10A9280037B500F087F8192101A8FFF76AFA012561
:10A938000424290001A801F077FB104800F094FED8
:10A94800002101A801F070FB013C0C4800F08CFECE
:10A95800002CEED10434290001A801F065FB084859
:10A9680000F082FE002101A801F05EFB013C0448D2
:10A9780000F07AFE002CEED1DAE7C046F04902007A
:04A98800801A06002B
:10A98C0037B5002201000400022000F083FB0D25E6
:10A99C0000F04EF800222378002B02D100F05EF874
:10A9AC0037BD0A2B08D10D2A06D06B460122D91DC2
:10A9BC0002200D7000F06EFB01222100022000F03D
:08A9CC0069FB22780134E6E783
:10A9D40010B5A2B002000B0001A8842107F0DCFB33
:10A9E4000400832805D9832005220549684404F01E
:10A9F4005DF9002C02DD01A8FFF7C6FF22B010BDEF
:04AA0400B652011035
:10AA08000FB407B504A901C90191FFF7DFFF03B02F
:06AA180008BC04B0184761
:0AAA1E00EFF3108301209843704706
:0CAA2800EFF30580431E9841C0B2704758
:08AA340010B5FFF7B7F910BDE2
:10AA3C0010B5FFF785F9064A1368591C04D13F225B
:10AA4C0004490548FFF746FF0133136010BDC046AB
:0CAA5C00B8250020D5520110E552011071
:10AA6800054A10B51368002B05D0013B1360002B75
:0CAA780001D1FFF779F910BDB8250020CE
:10AA840010B50C48FFF734FF002805D0FFF7D4FFBA
:10AA9400BFF34F8F20BFFDE7FFF7C4FF002801D0AD
:10AAA400FFF740FFFFF7B9FF0028F9D0012000F0BD
:08AAB40043FAC046F00802203D
:10AABC00F0B54A4C0E0021689BB04B000700059284
:10AACC009B0F8DB2032B00D14D420B1444482A002E
:10AADC00DBB2FFF793FF28003238FF3813280FD86A
:10AAEC00F5F7BCFC0A6366696C726F750E0E0E0E80
:10AAFC000E0E0E0E0E0E0E78A1683A48FFF77EFF72
:10AB0C003800FFF73DFF61683748FFF777FF002EED
:10AB1C0009D03648FFF734FF3000FFF731FF0599B5
:10AB2C003348FFF76BFFA1683248FFF767FF2368D4
:10AB3C00314A9A18012A06D9304A934203D0304A36
:10AB4C000020934207D10020A368834203D0DB6C22
:10AB5C000130DB089843E3682A49002B03D059687D
:10AB6C00002900D12749284A002800D1274AE0694A
:10AB7C0006AD0390A0690290606901902069009075
:10AB8C002348FFF73BFF280000F044FDEB68069AD2
:10AB9C0001932B7A1F4800936B682168FFF72EFFF7
:10ABAC001D48FFF72BFF1BB0F0BDA1681B48A5E7A4
:10ABBC00A1681B48A2E7A1681A489FE7A1681A4838
:10ABCC009CE7A168194899E7A168194896E7A1681C
:10ABDC00184893E71848FFF711FF91E73426002037
:10ABEC002B5301107C5301102454011035540110C7
:10ABFC003D54011041540110C2FE007F4001FF8002
:10AC0C003D01FF80165301102053011041550110D6
:10AC1C0055540110AE5401102855011092530110D7
:10AC2C00A2530110B1530110C4530110D853011099
:0CAC3C00EC530110FB53011011540110E7
:02AC4800704753
:10AC4C00F0B505000E0017008FB0002800DB224D78
:10AC5C003022002102A804F0B7F8204B01ACEB180D
:10AC6C000195A660012B05D91D4B9D4202D01D4BB1
:10AC7C009D422AD1F36B6360736BE3611A4B5B6982
:10AC8C00DA6BE36022615A6B1B6B6261A361FFF7A5
:10AC9C00CFFE164A136801331360012B04D1342202
:10ACAC002100134803F0FEFF124D3422210028002E
:10ACBC0003F0F8FF104B28001B68002B08D09847B6
:10ACCC00FFF7CCFE00200FB0F0BD6760E461D5E764
:10ACDC00FFF7B4FFF4E7C0460101FF80C2FE007F1E
:10ACEC004001FF803D01FF807C050020EC25002009
:0CACFC00F425002034260020F025002064
:04AD08000020704770
:0CAD0C00014B1878C0B2704798890220F3
:10AD1800F7B5050001910A480121774616001C0085
:10AD2800FFF7F2FD002809D13A0031002800FFF7AB
:10AD380089FF2100089A0198FFF7BCFEFFF79EFEE5
:04AD480098890220C4
:10AD4C000B00074970B50D680400002D06D00549AD
:10AD5C000978012902D801000020A847200070BD05
:08AD6C00281C0020E328002050
:10AD740037B5040010001A00074B1D68002D08D0D9
:10AD8400064B1B78012B04D80B00009021000120F6
:10AD9400A84720003EBDC046281C0020E328002010
:10ADA40037B5040010001A00074B1D68002D08D0A9
:10ADB400064B1B78012B04D80B00009021000220C5
:10ADC400A84720003EBDC046281C0020E3280020E0
:10ADD4000A00074910B50C680300002C06D0054989
:10ADE4000978012902D800210320A04710BDC046DC
:08ADF400281C0020E3280020C8
:10ADFC0010B50548FCF744FE00F0B6FC034A137886
:10AE0C000133137010BDC046301C0020E328002015
:10AE1C0010B5054A05481378013B1370FCF730FE5A
:10AE2C0000F0BEFC10BDC046E3280020301C002002
:02AE3C0070475D
:02AE3E0070475B
:06AE40001D204042704796
:06AE460016204042704797
:04AE4C00012070472A
:04AE50000020704727
:02AE5400704745
:10AE5800044B10B51868002803D001214942FBF7BC
:08AE680073FD10BD3809022042
:10AE7000034B10B51868002801D0FBF77FFD10BD0B
:04AE8000380902206B
:10AE840070B515000C008E18B44205D02178034823
:10AE940002F024FB0134F7E7280070BD9C890220EE
:10AEA40070B500248DB2CB0705D5084802F01EFB0F
:10AEB400441EA04104B21026354205D0034802F0D6
:10AEC4001BFB002800D03443200070BD9C89022065
:10AED400002010B50C00824204D0034802F0F6FAB8
:0CAEE4002070012010BDC0469C89022097
:10AEF000094B70B508330360084B04001B6815004C
:10AF0000002B07D1064E3000FFF7ACF929003000C6
:10AF100002F043FA200070BD585601104828002066
:04AF20009C890220E6
:04AF24000020704752
:04AF2800002070474E
:0CAF2C0010B5002801D0FFF7F9FCFEE78B
:04AF3800012070473D
:06AF3C0010B5FFF7F5FF60
:04AF42000120704733
:0AAF460010B5002104F0C3F810BD9F
:08AF500010B5FCF767FC10BD11
:08AF580010B5FCF76DFC10BD03
:10AF600070B50400037803252B40012B07D0FFF7B1
:10AF700073FF22781540012D03D1FFF779FF0020E0
:10AF80000BE0002D05D0D42204490548D200FFF77C
:10AF9000A7FC022313432370012070BD5C550110F0
:04AFA0006E550110D9
:10AFA40010B50378032219001140022904D0064A7F
:10AFB40006490748FFF792FC9343012213430370A9
:10AFC400FFF754FF10BDC046A90600005C550110F0
:04AFD4008C55011087
:10AFD800F8B5040000203F2C19DC174EA500A8592D
:10AFE800431C14D1022C12DC2000FFF799FF002823
:10AFF8000CD12000FFF792FF002807D10F4F3B78B4
:10B00800BFF35B8F0E4CDB0702D520007051F8BDF3
:10B018003800FFF7A1FF0028F7D0E12209495202C2
:10B028002000FFF761FF3800FFF7B8FF2000064A4D
:10B038000649FFF77DFFE8E728060020041C0020EA
:10B0480048240020A85601109003002055AE001097
:10B0580070B50400FFF7BCFFA30000240B4A9C5006
:10B06800A04206D102F0DEFA092303600120404223
:10B0780070BD03685B69984705002000002DF7DA6A
:10B0880002F0D0FA6D420560F0E7C04628060020BD
:08B0980010B5FFF7DDFF10BD4C
:10B0A00070B50C001500FFF797FF002807D102F0DC
:10B0B000BDFA0923036001246442200070BD0368C7
:10B0C00021002A00DB689847041EF6DA02F0AEFA87
:06B0D00064420460EFE79A
:10B0D60070B50C001500FFF77CFF002807D102F0C1
:10B0E600A2FA0923036001246442200070BD0368AC
:10B0F60021002A009B689847041EF6DA02F093FAAC
:06B1060064420460EFE763
:10B10C0010B5FFF763FF041E05D102F089FA09237D
:10B11C000360200010BD0368DB699847041EF8DA51
:0CB12C0002F07EFA644204600024F2E7A6
:10B1380030B585B0019009200C004023042202ADEF
:10B1480001A968442B7003F0AFFD2100280002F02C
:10B15800FFFC041E07D00198FFF7D4FF002802D097
:0CB168002000FFF7ECFE200005B030BD19
:10B17400F0B585B006000F000292FFF753FC051EE0
:10B1840006D0002332002C492C480093FFF7C2FD5F
:10B19400FFF743FC0028F4D0029B002B08DA02F0EE
:10B1A40043FA1623036001246442200005B0F0BD75
:10B1B4003000FFF7A9FF041E2AD02C00204B9B5D12
:10B1C4000393029BAB4223DD7B5D0A2B1CD1039BC3
:10B1D4000D2B19D0AC420CDA30002A1B3919FFF7B9
:10B1E4005DFF0028DFDB2418A542DEDC144B039A44
:10B1F4009A55012230001349FFF750FF0028D2DB93
:10B20400D3D00D220E4B9A557B5D01350393D8E7BD
:10B21400029BA342C9DD30001A1B3919FFF73EFF18
:10B224000028C0DB2418002CBFD03F19013F3A7816
:10B23400034B9A55B9E7C046C35501102F0101804D
:08B24400A3280020FD550110B4
:08B24C0010B5FFF75DFF10BD16
:10B254007FB504000D001600FFF7E4FB002806D0BC
:10B26400002322001E491F480093FFF753FDFFF7F8
:10B27400D4FB0028F4D0002E06DA02F0D5F9162308
:10B2840003600120404219E02000FFF73DFF002841
:10B294001FD00F266E44012231002000FFF719FF52
:10B2A4000028EEDB0AD033780F4A0D2B08D1115D4C
:10B2B4000A290AD013550A2301202B7004B070BD4B
:10B2C4000A2B04D1115D0D29F4D11355E1E713556F
:10B2D400F2E7320029002000FFF7FBFEEEE7C0464C
:0CB2E400FF5501102F010180632800209D
:10B2F00070B50C001500FFF76FFE002807D102F0B3
:10B3000095F90923036001246442200070BD03689D
:10B3100021002A001B699847041EF6DA02F086F91C
:06B3200064420460EFE747
:08B3260010B5FFF7E2FF10BDB6
:10B3300070B50D00FFF750FE041E06D102F076F93D
:10B34000092303600120404270BD0368DB69984710
:10B35000431E9841802243420548120203409B1835
:10B360006B60236820009B6A984728610020EBE708
:04B3700000A0FFFF3B
:08B3740010B5FFF7DBFF10BD6F
:10B37C0013B50400074B724621001868FFF70CFA4E
:10B38C00002806D103000090220003490348FFF770
:10B39C00BDFC16BD900700203B5601101F0101801B
:10B3AC0010B5034B010072461868FFF7F5F910BD94
:04B3BC0090070020D6
:08B3C00010B5FFF7F3FF10BD0B
:10B3C80010B5034B010072461868FFF73BFA10BD31
:04B3D80090070020BA
:10B3DC0010B5034B010072461868FFF731FA10BD27
:04B3EC0090070020A6
:0EB3F00010B504000421FFF7F1FF200010BD8E
:08B3FE0010B5FFF7E2FF10BDDE
:10B4080070B50C4D04002800FCF73CFB00F0AEF9C9
:10B4180000231900084A1068A04200D111600133C6
:10B428000432402BF7D12800FCF72CFB00F0BAF9C6
:0CB4380070BDC046581C002028060020F3
:10B4440070B50324114D2800FCF71EFB00F090F9A1
:10B454000F4BA200995800290ED00134402CF8D18A
:10B4640002F0E2F8182303602800FCF70DFB00F05B
:10B474009BF9413C200070BD012128004942D15074
:10B48400FCF702FB00F090F9F4E7C046581C0020DA
:04B494002806002066
:10B4980010B50400FFF7D2FF002807DB044A830039
:10B4A8009C500023034A1354034A135410BDC0464A
:0CB4B8002806002063280020A3280020A4
:10B4C400F8B506000F000025FFF7E4FF0400A842CA
:10B4D4000ADB3900FFF72EFE051E05D1064BA4003A
:10B4E400E258964202D1E0502800F8BD02F09CF8E0
:0CB4F40009230360F8E7C046280600208A
:10B500000EB4F0B586B00500FFF79CFF041E13DBF8
:10B510000023290004A80393FEF77AFF04A8FEF78E
:10B52000D4FFA600051E1D4F0CD102F07FF8132397
:10B530000360BD5101246442200006B0F0BC08BC89
:10B5400003B0184704A8FEF7A9FF0300009004A861
:10B55000002B0AD0FEF7ACFF0390039B104ABB51AF
:10B56000002313550F4A1355E6E7FEF78AFF051E21
:10B57000DBD0036804A89B680193FEF775FF0B9B63
:10B58000020003A92800019DA847051EE5D002F08E
:10B590004DF8009B6D420560BB51CBE728060020AB
:08B5A00063280020A32800200D
:10B5A80073B50E0018490500F7F7E6FE041E03D12F
:10B5B800FFF70EFD200076BD28001449F7F7DCFEE2
:10B5C800002804D10130FFF703FD0124F2E7280029
:10B5D8000F49F7F7D1FE002804D10230FFF7F8FC35
:10B5E8000224E7E72B78402B06D10422691C01A826
:10B5F80003F05AFB019CDDE7064928003140FFF7BC
:10B608007BFF0400D6E7C046C8560110CF5601108C
:08B61800C0560110FFFFFEFF08
:10B6200010B5041E04D190220C490D48FFF758F9BB
:10B630004C220021043003F0CDFB0A4B2360802311
:10B640009B05236180235B052363074B1B686360B5
:10B6500002232372054BE36010BDC046F156011072
:10B66000FE56011004F1000000ED00E058600100FA
:10B6700070B50500FEF7E6FD0400FEF7CAFD060002
:0EB680002000FEF7C6FD801BA842F9D370BD66
:10B690001FB500230193031D029310230400684685
:10B6A00000910393FAF770FA2060002804D1352244
:10B6B00002490348FFF714F91FBDC0462257011085
:04B6C00031570110ED
:10B6C40010B504000249FFF7E1FF200010BDC04699
:04B6D40035570110D5
:0AB6D80010B50068FAF76AFA10BD19
:0EB6E20010B504000068FAF7B4FA200010BD9D
:10B6F00010B502AC2478002C01D10234224300683A
:06B70000FAF782FA10BD09
:0EB7060007B5009313000022FFF7EFFF0EBD02
:08B7140010B5FFF7F6FF10BDB0
:10B71C001FB5002304000362994200D10B49231D7D
:10B72C0002931C2368460393113B00910193FBF792
:10B73C00F3F82060002808D1FFF7E2FA002804D1C2
:10B74C003D2203490348FFF7C5F81FBD55570110AB
:08B75C00855701108F57011001
:0EB7640010B504000021FFF7D7FF200010BD34
:10B7740037B50121040049420068FBF7E7F8051ECC
:10B7840003D1236A0133236237BDFFF7BDFA031ED9
:10B79400FAD12A00024903480093FFF7BBFAC046D6
:08B7A400B357011015010280EA
:10B7AC00036A13B5013B03620068FBF7E1F8041E62
:10B7BC0009D0FFF7A5FA031E05D10090220002491B
:10B7CC000248FFF7A3FA13BDC557011017010280F9
:0EB7DC0010B504000068FBF7E1F8200010BD76
:10B7EC007FB504000E00150000210822684603F006
:10B7FC00EBFA231D029310236A46310028000393B1
:10B80C00FBF7E8F92060002804D1372202490348ED
:10B81C00FFF760F87FBDC046EF570110FD570110D0
:10B82C0010B50400024AFFF7DBFF200010BDC04634
:04B83C00FFFF00000A
:10B8400013B500680C00FBF7E1F9021E0ED00023CF
:10B85000C11C07D19C420BD0009306490023064827
:10B86000FFF75AFA1800911CF6D116BD0120FCE72B
:0CB870002000FAE70C58011014010280BF
:0AB87C0010B50068FBF7EAF910BDF3
:0EB8860010B504000068FBF718FA200010BD92
:10B8940010B5002808D0FAF72DF8002804D0E322C8
:10B8A40002490348FFF71AF810BDC0463B5801107F
:04B8B400CF58011058
:10B8B800F7B501930723089D04000F002E0000929E
:10B8C8001D4201D09E4308362000442200217830D2
:10B8D80003F07CFA6A426A412300002120003C33CD
:10B8E80061611C301A705970202203F06FFA009BB6
:10B8F8002363019BED180723AD1B9D43099BE5625C
:10B90800002B01D1034B0993099BA6626763A361CE
:08B91800F7BDC046DE58011026
:10B9200013B5049C0093019413000A000021FFF753
:04B93000C3FF13BD81
:10B9340070B50500040054352800FFF719FF2000F6
:10B9440040306669FFF798FF002363613D34237834
:10B95400002B05D000242800FFF726FF200070BD2F
:10B9640001232370002EF5D03000FBF72BFE0400DA
:02B97400F1E7F9
:10B9780010B504000E4B08330360FFF7D7FF230010
:10B988003C331B78002B06D0A06A002801D0FFF7B3
:10B9980032FD0023A36220005430FFF71BFF200074
:10B9A8004030FFF76CFF201DF7F7E1FF200010BDC6
:04B9B800FC58011026
:10B9BC0010B50400FFF7DAFF2000BC21FFF708FDEB
:04B9CC00200010BD8A
:10B9D00070B505000400543528000E00FFF7CAFEBC
:10B9E0006369002B04D123003D331B78002B05D065
:10B9F0002800FFF7DBFE0420404270BDA36A002B45
:10BA00000AD000232449E26A92089A4218D9A06A0F
:10BA10009A0011500133F6E7E06A204B98420CD8A7
:10BA2000032398431E49FFF7CBFCA0620028E8D10E
:10BA30002800FFF7BBFE0520DEE701204042F1E7CA
:10BA4000442363622300783331002362201DF9F719
:10BA50005DFB2200210013481832FBF78BFD60616B
:10BA6000002814D123003C331B78002B06D0A06A99
:10BA7000002801D0FFF7C3FC0023A3622800FFF7D2
:10BA800095FE20004030FFF7F9FE0320B4E72800C0
:10BA9000FFF78CFE0020B0E7A52E5AE2FBFFFF7FE8
:08BAA000F0620110A9BA0010C8
:10BAA80010B504000430FBF7E3FF20005430FFF723
:10BAB8005DFE002363612300012220003D331A70DC
:08BAC8004030FFF7D7FE10BD6E
:02BAD0007047BD
:04BAD2000120704798
:10BAD800054B064A1A608022054B5202DA6480221E
:10BAE8009205DA647047C046900011509314010023
:04BAF80000201150C9
:02BAFC00704791
:10BB00008022024B92021A607047C046902011506A
:10BB10008022024B92021A607047C046903011504A
:04BB20008160704789
:10BB24008022024B5201DA647047C0460020115053
:08BB340000487047605A01103F
:04BB3C0040207047EE
:10BB4000D03003790160591E8B4192055B03920D41
:10BB50001A438023DB001A43034BDA6703795A4206
:0CBB6000534103717047C04608001050AC
:10BB6C000322054B9A668022044B1201191D0833DF
:10BB7C00CA67DA677047C0460000115000001050C9
:10BB8C00F0B57F270F400400CE111648791EC9006E
:10BB9C000D18002E01D014480D18E8200001844621
:10BBAC00E16800205118614519D20C217943864275
:10BBBC0016D01031002061180871E0680B4E9B06FE
:10BBCC00861981308E60FF30094903430B432B608B
:10BBDC003F2301203F329A43E3689A18E260F0BD9C
:10BBEC00D031E7E70C0010500800105080011050C5
:04BBFC00000002A0A3
:02BC000070478B
:10BC04007F231940044BC900C9188023CA6F1B0144
:0CBC14001343CB677047C0460800105077
:10BC20007F231940034BC900C918CB6F024A134048
:0CBC3000CB67704708001050FFF7FFFFC3
:10BC3C0030B57F242140733C4C4300190400D034B0
:10BC4C002260D43002789B051400651EAC419B0D1C
:10BC5C00640323438024E4002343044CC9000919E2
:10BC6C004B6053425A410270012030BD800010508D
:10BC7C00C82110B504004900FFF7AAFB200010BD35
:10BC8C0010B5054A0021054803F09EF88022044BAC
:10BC9C005202DA6410BDC046F80F000008001050C4
:04BCAC000030115003
:10BCB000080010B5082A00D90822024902F0F8FF4E
:08BCC00010BDC0460000105049
:10BCC800094B10B5DA6F002413040AD50300D033EA
:10BCD80018689205940D002803D02200996802F094
:0CBCE800E3FF200010BDC0460800105013
:10BCF40070B504001500002902D0806902F0D6FF57
:10BD0400FFE7FFE7FFE7FFE7FFE7FFE7227D531EBB
:10BD14009A41842352032A431B021A43034BDA67D2
:10BD2400237D5A425341237570BDC0460400105010
:10BD34007F230D4A1940CB009B185B6810B5002483
:10BD44001A040ED59C050C23594341180B00D0331B
:10BD54001868A40D002804D0D8312200096802F024
:0CBD6400A5FF200010BDC046800010505C
:10BD7000F8B57F24060017001D000C40002A07D0EC
:10BD80000C236343C3182A003900986902F090FF1E
:10BD9000FFE7FFE7FFE7FFE7FFE7FFE70C20604370
:10BDA0003018027D10341300591E8B4184215B032F
:10BDB0002B4309020B430449E400635053425A41A8
:0CBDC00002750120F8BDC04600001050C4
:10BDCC00036810B59B6998472022034BDA67BFF3D1
:0CBDDC004F8FBFF36F8F10BD04E100E03B
:10BDE8002022074B10B5DA67BFF34F8FBFF36F8F71
:10BDF800044B1B6858680368DB6A984710BDC04647
:08BE080004E100E0BC1C002075
:10BE10000023202210B58360134B41601860134B40
:10BE2000DA67BFF34F8FBFF36F8F8023104A5B0435
:10BE30001360104A10481360190082689143FBD1C7
:10BE400080220E48520102F0C5FF09220C4B5A67AE
:10BE500003329A670B3A1A640A4B0B4A9B685A657D
:10BE600020220A4B1A6010BDBC1C002004E100E037
:10BE700000E0004000F0004000C000400000105012
:10BE80000000115000ED00E0E9BD001000E100E00D
:10BE9000F0B5040085B080224A4E520133684A4D05
:10BEA000134218D00026494A310049482E6002F05A
:10BEB00091FF80231B03E6602B6501F033F8606877
:10BEC00003689B689847C0212022424B49005A5082
:10BED0001A6005B0F0BD802233685202134210D0C0
:10BEE000210001223C4BD4312275A3610A7022004B
:10BEF0006068D83213600368DB68984780239B0230
:10BF00002B653368DB0621D433689B0353D4336835
:10BF10001B0408D58022314B60685201DA64036843
:10BF20000021DB69984733685B0406D510236068FD
:10BF30002B6503680121DB6998471022336893431E
:10BF4000C1D03368029301230393A4E7AB6D01933F
:10BF50000123019A1A420AD06068AB6503685B69E5
:10BF60009847A368002B02D02B600023A360022314
:10BF7000019A1A4204D06068AB6503681B69984750
:10BF800002270123BB40019A1A420AD00E4A606878
:10BF90009365012203687910174206D05B6AC9B223
:10BFA00098470137202FECD1AEE78022524211434F
:10BFB0009B6AC9B2F4E76068A96C03681B6A98477A
:10BFC000A5E7C0469800115000001150F80F00007E
:10BFD0000800105000E100E0000110500020115056
:10BFE00070B50E4D01232A78BFF35B8F16000C4C01
:10BFF0001E401A4210D12800FEF7B2FF00280BD0D5
:10C00000084B2800083323606660FEF7CBFF200052
:10C01000054A0649FEF790FF200070BDFC1B00207A
:10C02000241D0020E459011090030020D1BA001013
:10C030000023C25E01239340D0221206002901D0C2
:08C04000536170479361FCE7B6
:10C04800D0231B060021425E5B680120D3401840C4
:02C0580070472F
:10C05A0010B501804B1C02D0080000F042FA10BD56
:10C06C000023C05E10B5431C04D131220749084897
:10C07C00FEF730FC8A1E013953425A414B4259415A
:10C08C00D2B2C9B200F0F6F910BDC046D75A0110B1
:04C09C00E25A011053
:10C0A0000023C25E10B5531C04D10A490A48393234
:10C0B000FEF716FC8170012904D1D02391401B06A4
:10C0C000596210BD0029FCD101239340D0221206F1
:0CC0D0009362F6E7D75A0110E25A011003
:10C0DC0010B500F08DFF0122014B1A6010BDC04657
:04C0EC00A02600206A
:10C0F000024BC918890001607047C04640000034F7
:10C1000010B5040000F066FC01002000FFF7F0FF0E
:0AC11000FF232371BFF35F8F10BD02
:10C11A0010B5040000F059FC01002000FFF7E3FF0E
:0AC12A00FF23A380BFF35F8F10BD59
:02C13400704752
:10C13800EFF3108072B6034A1368002BFCD0BFF3EC
:08C148005F8F70472C0100D04D
:10C15000BFF35F8F0022024B1A6080F31088704794
:04C160002C0100D0DE
:10C164000722CB08C35C0120114088401840431EBD
:06C174009841C0B27047C3
:10C17A00F8B505000C001700FFF7D9FF21000600EB
:10C18A002800FFF7EAFF002803D02100380000F05A
:10C19A009EFF07210123E2080C40A340A95C30005E
:0AC1AA000B43AB54FFF7CFFFF8BDC5
:10C1B40070B505000C00FFF7BDFF21000600280044
:10C1C400FFF7CEFF002805D13321084B084A094860
:10C1D40000F0FAFE07210122E0080C40A2402B5C8B
:10C1E40093432B543000FFF7B1FF70BDFA5A01108E
:08C1F400775B0110195B0110DB
:10C1FC00F0B585B01D000A9B0700009103929D428B
:10C20C0005D22D21314B324A324800F0D9FE0C2494
:10C21C002B0E02932D02002328000A9A0299F4F7A0
:10C22C006FFB7C432C4B0600E4186368834200D2FE
:10C23C0060603B1FDBB20193C023019A9B01234337
:10C24C00012A34D8009A012A31D102321A60009B9B
:10C25C00A2681A42FCD0039A236852015A408021EA
:10C26C00E02349011A40019B21430A60012B0BD8A2
:10C27C002368009A5340032213400B600123009A59
:10C28C009340A2681342FCD0802380229B0123435D
:10C29C0012011A6028003200002302996660F4F73C
:10C2AC002FFB0E4BBF00D851012005B0F0BD8022F2
:10C2BC0012011A60094BBA00D1580029CBD0586929
:10C2CC00F4F7D6F801300138FDD1C4E7865B0110D4
:10C2DC00F75B0110975B0110008000409025002057
:10C2EC0073B50C2000F066FD00F026FE00280AD085
:10C2FC0000232B4A2B489900013388500A2BFAD182
:10C30C00294B536273BD294CA06700F05BFD0122E1
:10C31C00274B1A60636C012BFCD10322254B1A604E
:10C32C00A66B012EFCD10224310000940623224A74
:10C33C00224800F0BFFA310000940523204A21481E
:10C34C0000F0B8FA204B214D21000093002204206C
:10C35C00FFF74EFF2B003100002200950520FFF760
:10C36C0047FF00220F4C1100230000940720FFF719
:10C37C003FFF00222300110000940820FFF738FF34
:10C38C000022094B1100009309202300FFF730FF16
:10C39C0000222B00110000950620FFF729FFB1E7C2
:10C3AC0090250020006CDC021BB7000000800040D0
:10C3BC003CB0004030B00040002F68590080024073
:10C3CC0000389C1C00C00240001BB700405973078A
:0CC3DC00014B8000C058704790250020E5
:10C3E80030B5002489B009222100050001A8009475
:10C3F80002F0ECFC0922210005A8049402F0E6FCF6
:10C408006A464B236846137004A90D2200F00CF805
:10C4180004AB1B195B792B550134082CF8D109B0F2
:10C4280030BD00000000000001B40248844601BC91
:08C43800604700BFB5020020BF
:10C44000084B8200D218402310B51468C000634026
:10C45000C02423408024640122431360024BC0188F
:0CC46000416010BD04C0014000400140DC
:10C46C00034BC000C0181F23406818407047C046DB
:04C47C00004001403B
:10C48000094B8000C0184B1E9941531E9A41C900A8
:10C49000036892001143594080230C225B01114034
:0CC4A000184301607047C04604C0014012
:10C4AC00064BC000C018036809045940C0239B0206
:10C4BC00194080235B011843016070470440014020
:10C4CC00064BC000C018036809035940C0239B01E8
:10C4DC00194080235B011843016070470440014000
:10C4EC000123D022834010B512069362052193617B
:06C4FC00FFF7A0FF10BDD8
:10C50400074B10309B688000C150BFF35F8FBFF3AF
:10C514005F8F0021034B196082F310887047C04677
:08C5240000ED00E0240100D04D
:10C52C00038810B5DA0A1C2A05D09921044B054A58
:10C53C00054800F045FD5B051B150433C01810BD04
:0CC54C003A5C01108E5D01104F5C011084
:10C558000439081A430810B5000B05D08B21044B89
:10C56800044A054800F02EFD0448184380B210BD67
:10C57800A95C01106B5D01104F5C011000E0FFFF2A
:10C5880001228240034B1B681340581E8341D8B2D6
:08C598007047C04600E100E01D
:10C5A000002904D0034B1860034B18607047034BFD
:10C5B000FBE7C04680E200E000E100E080E100E04F
:0EC5C0000123834010B51800FFF7EAFF10BDFD
:10C5D000024B10309B688000C058704700ED00E0AF
:10C5E00070B504000D00EFF3108672B60C4A1368A4
:10C5F000002BFCD0BFF35F8F2000FFF7E9FF094B52
:10C60000984207D0A84205D06E21074B074A084838
:10C6100000F0DCFC320029002000FFF773FF70BD42
:10C62000240100D0CD010010B95C0110515D011052
:04C630004F5C01104A
:10C63400F0B5060085B00F00EFF31083029372B6D5
:10C644004E4A1368002BFCD0BFF35F8F34004C4B71
:10C6540010349B68A200D3580193019A494B9A4223
:10C6640067D0BA4200D181E0474D531B2F2B60D8CD
:10C674003000FFF787FF002103903000FFF79EFF93
:10C68400BFF35F8FF3F7E1FD002808D0844206D0A2
:10C694001E213E4B3E4AFF313E4800F095FC0123EB
:10C6A4000C21019C3C4A9C4323005B1B5B415A4385
:10C6B400120D8C4600230625A1686557B9420ED198
:10C6C400002D14DA002841D1002B3CD0FF219971B0
:10C6D40032499980324B19781A70A17125E0002DE6
:10C6E40046DB63465D43284923004C19E3E70C20ED
:10C6F4006843254F3B189A68A260DA79E2710622F2
:10C704009A56A2719B797F2B1AD80430C019FFF76F
:10C714000BFF0100201DFFF71DFF0C236B43FF18C7
:10C724001F4BA0801A781D70BA7130000399FFF76F
:10C7340045FF3000029A0199FFF7E2FE05B0F0BD13
:10C74400BD200002E9E70F4B0193C3E7154B1B1B08
:10C75400083B5A081B0B03D09321134B134A9BE746
:10C76400134BA380134B1343E380DEE70193E0E70D
:10C77400A921114B064A49008EE7C046240100D086
:10C7840000ED00E0CD0100102C070020EF5C01104B
:10C794009D5D01104F5C0110AAAA000000BDFFFFBF
:10C7A400F108022066070020A95C0110775D0110E2
:0CC7B40000F0FFFF00F8FFFF135D011014
:10C7C000F8B50126294C06430500331B2F2B04D94D
:10C7D0007821274B274AFF3107E0F3F738FD00287F
:10C7E00006D1BD21244B234A4900244800F0EEFB2A
:10C7F000EFF3108772B6224B9C461A68002AFCD0D1
:10C80000BFF35F8F1F4B2A00121B524153431B0D76
:10C810001D4A800092685BB2125811000022B1429A
:10C820000FD1194A194992681150194A1178137099
:10C83000A971BFF35F8F00236246136087F31088EE
:10C84000F8BD06216156994208D10C214A43074997
:10C850008A18FF2191710F499180E6E701320C346B
:10C86000042AEED18C210C4B024AB4E72C0700209D
:10C87000195D0110B05D0110415D01104F5C0110A8
:10C88000240100D0AAAA000000ED00E0CD010010B4
:0CC89000F108022000BDFFFF4B5D01100D
:10C89C00054B064A1360064A136053609360D360DD
:10C8AC0013615361936170478080808000E400E0E5
:04C8BC0004E400E0B0
:10C8C000F7B504000C2017001D000E00F3F7D6FD8D
:10C8D0002E49019041433800F3F7D0FD0200982320
:10C8E000103A5B009A4205D91621294B294A2A4859
:10C8F00000F06CFB6B1E062B03D8089B013B062B3C
:10C9000003D91921254B234AF1E7089B9D4203D205
:10C910001F21234B1F4AEAE7019B3A099A4203D29F
:10C920002221204B1B4AE2E7089B2D041F032368AA
:10C930002F43002B0ADA3F2223681340B34205D16C
:10C94000A3681B051B0D834200D1E368164B9C4274
:10C9500019D080235B01154A15491360154A1360ED
:10C960001D008A689543FBD1C023221D9B01134300
:10C9700021222660A0601A602268002AFCDA0822C0
:10C98000E7601A60F7BD80239B01E4E740420F0097
:10C99000CA5D0110BB5E0110E65D0110405E011032
:10C9A000895E0110A05E011000C0024000E000405E
:08C9B00000C0004000F000404F
:10C9B8000021044B044ABFF35F8F02C39342FAD1AC
:0CC9C8007047C046000100D0800100D084
:10C9D400044A1078431CDBB2172B01D8137070473C
:08C9E4001023FBE7740700209B
:10C9EC00F7B5EFF305823F231A401000019210387F
:10C9FC00EFF3108772B6184B1A68002AFCD0BFF3FD
:10CA0C005F8F012634008440144D154B6C631B78EA
:10CA1C001A00C24094466146002231420AD0114E9F
:10CA2C00696A8500AE59B1420FD30F4A0C49A34332
:10CA3C00AA580B70BFF35F8F002307490B6087F375
:10CA4C0010889A4200D09047F7BD019B07499B0084
:10CA5C005B1819681960EDE7280100D0004005400B
:10CA6C00F40802204C28002080240020D03F0540F0
:10CA7C0010B50100024A0348FFF779FB10BDC04610
:08CA8C00C45E0110EE08022057
:10CA940010B501000148FFF78BFB10BDEE08022022
:10CAA400034B596A0A00986A596A8A42FAD1704754
:04CAB40000400540F9
:10CAB800054B5A6A8A42FCD38A4202D19A6A824258
:0CCAC80000D370475A6AF7E700400540B1
:10CAD40070B504000D00FFF7E3FF02000B00200017
:10CAE4002900801859418B4204D801D1824201D8CF
:10CAF400002905DA3F21044B044A054800F064FA92
:10CB0400FFF7D8FF70BDC046E65E0110E25F01107A
:04CB1400015F0110AC
:10CB1800F7B504000D00EFF3108772B61C4B1A68C6
:10CB2800002AFCD0BFF35F8FA3001A4E0193002D9B
:10CB38001BD02000FFF748FD86420BD031002000B3
:10CB4800FFF74AFD01212000FFF736FD0123A3402E
:10CB5800114A1360114B019A9D50BFF35F8F002358
:10CB68000B4A136087F31088F7BD0C4BA2009D5049
:10CB78000122A2400A4920000B7893430B70310030
:10CB8800FFF754FD29002000FFF716FDE5E7C04632
:10CB9800280100D0EDC9001038600540802400202D
:04CBA800F40802206B
:10CBAC00F0B587B01E0007000492FFF775FF049BD9
:10CBBC00350003938E4202D850D183424ED9EFF305
:10CBCC001083059372B6264B1A68002AFCD0BFF36B
:10CBDC005F8F0124BC40234B04991B7801932343A2
:10CBEC00DBB20293029A1F4B1A701F4B3A1D920034
:10CBFC005C63D1501D49BA0056501A6A1E0022427D
:10CC0C0013D11B6C23420AD00020BFF35F8F00238B
:10CC1C00134A1360059B83F3108807B0F0BDC12144
:10CC2C00134B144A144800F0CBF9FFF735FF8D4233
:10CC3C00EAD802D1039B8342E6D8029B019A0120D9
:10CC4C009342E2D01F2302003B409A400B4B3462CC
:10CC5C0074631A60034B019A1A70D6E70120DCE763
:10CC6C00280100D0F4080220004005404C28002088
:10CC7C00635F0110F75F0110845F011080E200E038
:10CC8C0010B5EFF3108472B60A490B68002BFCD078
:10CC9C00BFF35F8F01238340074A08481362027871
:10CCAC009A430270BFF35F8F00230B6084F31088EC
:10CCBC0010BDC046280100D000400540F4080220F9
:10CCCC00054B984204D08023DB03044A1360704761
:10CCDC0080231B04F9E7C0460080034000E00040BD
:10CCEC0070B5060006200C00FFF772FB2100C00097
:10CCFC00F3F7BEFB0124C50907D00E4B9D4215D896
:10CD0C007F23184000192C004508802000237462F2
:10CD1C008001B5622C36064333600620FFF758FBC2
:10CD2C00A10149198000F3F7A3FB70BD0025024C4B
:0CCD3C00EBE7C046FEFF0000FFFF000018
:10CD480070B5040006200D00FFF744FB002825D02D
:10CD5800144B9C4223D08023DB03134A13491360EE
:10CD6800134A136018008A689043FBD129002000F9
:10CD7800FFF7B8FF6023E26A210053406E22134098
:10CD880080222C3152010A4313600A4B102223637C
:10CD980080239B010B431A600323A36470BD802387
:10CDA8001B04DAE70080034000E0004000C00040B8
:08CDB80000F00040010300003F
:10CDC0008023024A9B000343D362704700800540E2
:10CDD000AA22064B12011A602F220549DA60054A81
:10CDE00011605A68002AFCDA7047C04600400240D1
:08CDF00000B0FA0000600240EF
:10CDF800142310B50100188804331B88984710BD08
:10CE080070B50400012689004518AC4201D13000F4
:10CE180070BD2068FFF7ECFF01C4431E98414042F3
:04CE28000640F2E7E7
:10CE2C008022094B5202196D1142FCD009225A671B
:10CE3C00064B053ADA67064B1A68064BDA67064B5F
:10CE4C001A68064B1A6470470000115004301150D8
:10CE5C0028260020004001403C28002000C0014052
:10CE6C0010B51020FFF7FCFA082802D11D4800F07D
:10CE7C002DF91D4B0F20DA6F1C4B1A601C4B1A6CD2
:10CE8C001C4B1A6001221100FFF7F4FA02210F204B
:10CE9C00FFF716FB184B03211A68082353401F2277
:10CEAC001340164A0F201360FFF7FAFA0222144BB4
:10CEBC00DA67144B9218DA67134B08325A671B6DFA
:10CECC001B079B0F012B05D07B21104B104A1148DF
:10CEDC0000F076F8FA2000218000FFF7F5FDFFF74F
:10CEEC009FFF10BD1160011000400140282600205A
:10CEFC0000C001403C2800207C4001407C50014097
:10CF0C00002011500420115000001150336001100A
:08CF1C00D96001104B60011007
:10CF240010B500F015F8012807D1032203490B6D51
:10CF34009B081342FBD0FFF797FF10BD0000115070
:10CF4400024B18688007C00F7047C04600C00640F7
:10CF54008023DB0518680B49030B020510B59BB24F
:10CF6400120D8A4205D02221074B084A084800F0D6
:10CF74002BF8022B03D02321064B044AF6E7000FBB
:10CF840010BDC04627090000F76001108961011037
:08CF9400186101107861011021
:10CF9C00084A03001168002901D107491160106883
:10CFAC000649C3188B4201D81360704701204042D8
:10CFBC00FBE7C0462C260020D489022000FC03206D
:10CFCC0013B50C001900074B002A01D1064B1A00AF
:10CFDC000192009302002300044801F057FF00BEA9
:10CFEC00FDE7C0469D610110D8610110AA610110D6
:10CFFC00264B274A70B51A60264A274C1500274B3A
:10D00C002360180091688843FBD1254E254B9E4226
:10D01C0025D3FFF765F9244B2360AB68DB01803324
:10D02C00FBD14022214B22489A675A671A67DA666D
:10D03C00204B984216D3204D204CC0222800A168CA
:10D04C0001F030FEA560F3F7FCF8002800D000BE1C
:10D05C00FFF7ACFCFFF71CFCFFF766F870BD08CEC1
:10D06C009847D3E7040003680834002B0BD0012B3E
:10D07C0005D08321124B134A1348FFF7A1FFFFF78A
:10D08C0046F82000D4E7FFF735F8FAE700E0004057
:10D09C00BFCDFBFE00C0004000F00040FE7F3C0016
:10D0AC003C11002040110020FFFFFF0100F0014067
:10D0BC003C1100203C1100200000002000ED00E09D
:0CD0CC00D961011064620110F6610110CE
:10D0D8000FB407B5074801F03DFF049B002B07D0AC
:10D0E80005A91800019105F00FF8034801F032FF77
:0CD0F80000BEFDE75462011062620110EE
:10D1040014235843094BC0184B1E99410B019A40F4
:10D11400074B49421940074BC91803685A408023FA
:10D124005B011140184301607047C0460C00054084
:08D134000100FEFFFFFF0000F7
:10D13C0070B504000E00002804D13922144915489A
:10D14C00FDF7C8FBFC239B05A3601023142523616A
:10D15C00FA23080701210022400F45439B0063611D
:10D16C000D4B3140ED18A070E1702680A280E2607A
:10D17C002A60AA60FFF7C0FF636930002B61236946
:10D18C0004216B60E3682B60FFF754F970BDC04657
:0CD19C00A4620110B16201100000054007
:10D1A80010B5002804D14F2208490948FDF794FB1F
:10D1B800142382785343074A9B18012219681140A7
:10D1C800802252011343196010BDC046A4620110A9
:08D1D800B162011000000540E6
:10D1E00070B50600081CB1600D490023F55EF3F729
:10D1F000A5FEF3F7D5FB0124290082B228072140C0
:10D20000400FFFF77FFF1423B2785343054A9B1862
:10D210001A6894438022520113431C6070BDC046BB
:08D2200000407A4400000540C3
:10D2280070B50500818005200C00FFF7D3F80600D3
:10D238002000F4F795F93100041C1148F3F71AF9A6
:10D24800F4F7D8F9011C201CF3F79CFC8321C905CD
:10D25800F3F770FEF3F7A0FB142400222861A878E6
:10D26800084B4443E418E9782260A260FFF746FFC0
:10D278006B6923612B696360EB68236070BDC046EE
:08D2880000CA9A3B00000540BA
:0ED29000FA2310B59B005943FFF7C6FF10BDEF
:10D2A00010B5034B034A1B6800211068984710BD56
:08D2B000302600204028002078
:10D2B80010B5034B034A1B6800215068984710BDFE
:08D2C800302600204028002060
:10D2D000F7B5160004000D001022002907D1254BD8
:10D2E0001B68002B03D0244901F026FDF7BD002167
:10D2F000200001F06FFD01235B422049A36028005C
:10D30000E580A680FCF7B2FD1D49C7B23000FCF7EE
:10D31000ADFDC0B2874206D000221A4913001A4858
:10D320000092FDF7F9FC78427841E121174B404229
:10D330008003C01849022060FFF706FD0221280083
:10D34000FFF77EF802213000FFF77AF81022100074
:10D350002368D96A2C338843802149010B43186024
:10D36000002DC3D12100044801F0E6FC0122014B4D
:10D370001A60BBE7482800209C89022078590110D8
:10D380000C590110BD6201100901098000800340A1
:0AD3900010B50068FFF79AFC10BD0D
:10D39A0010B50400C1600068FFF7D1FC10212368B2
:10D3AA00DA6A2C339143802252011343196010BD6B
:10D3BC0037B51D00022A1CD8114B00689C5C4B1F12
:10D3CC00691EC9005B010B4321004D1EA941013CA4
:10D3DC0049000B4361424C41C16AA40023434B40BA
:10D3EC006E2102000B4080212C3249010A4313604C
:10D3FC0037BD00220349130003480092FDF786FC59
:0CD40C00E4620110D162011009010980E6
:10D4180010B50068044C054BA04203D11A60044BB8
:10D42800196010BD5A60FAE7004003404028002008
:04D43800302600207A
:10D43C00F8B50C0003681F4915005E18711E8E416B
:10D44C001D4A07001D491436934200D01C496A1E20
:10D45C0095413000FFF7BEF83000E9B2FFF7AAF8AB
:10D46C003B68012C15D0002C16D1210010220A4348
:10D47C006142614189010A439A63002C0FD1382122
:10D48C005A6B34330A40190080235B010B431A603A
:10D49C00F8BD20210022EAE700210A00E7E7012C71
:10D4AC00F6D10722596B34331140802252011343B9
:10D4BC001960EDE700C0FCBF00400340A1D2001092
:04D4CC00B9D20010C1
:10D4D0001022036899691142FCD11868C0B27047E4
:10D4E0008022036898691042FCD0C9B21960704765
:0CD4F000036801209B691B0998437047EA
:0AD4FC00036898690006C00F70472E
:10D5060070B504000D00100022816381531C02D007
:10D516000221FEF792FF0A23E05E431C02D002219D
:10D52600FEF78BFF246880222300C021303352018E
:10D536001A430902032D03D1236B9943116070BD71
:10D54600022D09D00023012D09D00020246B0343AE
:10D5560063400B401360F2E780231B02F5E780204F
:04D56600C001F3E726
:0CD56A0010B5002801D1FCF76CFE10BDCC
:08D5780000487047E862011051
:10D5800010B50020FFF77AFA00200249FFF7C4FA2D
:08D5900010BDC0466BD5001070
:0CD59800014B986A7047C04600400540F7
:10D5A400F7B50025124C0190FDF746FA019EA36AD7
:10D5B4002F009E420DD2FFF773FA2A004B1CB618B7
:10D5C4005F4132003B000020FFF7EEFAFDF74AFA14
:10D5D400F7BDFFF765FA0029F3D0FFF761FA0123DD
:10D5E40001225B428018594160602560E9E7C0462A
:04D5F40000400540AE
:08D5F80010B5FCF727FE10BD81
:0AD6000010B50020FFF742FB10BD3B
:08D60A0010B5FFF7F8FF10BD99
:0AD6120010B50020FFF73DFA10BD2F
:10D61C0010B5062001F05CFE0120FDF781FCC04630
:0CD62C00014B18687047C04690070020B2
:10D6380070B505000C1E47D0002802D0836B002B64
:10D6480048D001260C22A35E626E32423FD19B0570
:10D6580030D52100280000F061F8E36A0600002BAD
:10D6680004D0E1692800984700283CDBA3891B0601
:10D678003CD4216B002908D023004033994202D0C2
:10D688002800FDF723F900232363616C002904D0E7
:10D698002800FDF71BF90023636400F0F3F9002369
:10D6A800A381636EDB0726D5A06D00F045FF00F06F
:10D6B800F1F90AE0A06D00F041FF0C22A35E002BF7
:10D6C800C7D1636E1E401AD00026300070BD002BF3
:10D6D800FAD0BEE7012600F04FF90C22A35E626E75
:10D6E8003242F4D1B3E701267642BFE72169280028
:10D6F800FDF7ECF8BDE7A06D00F022FFD4E7A06DC0
:08D7080000F01EFFE1E7C0463E
:10D7100010B5034B01001868FFF78EFF10BDC0461F
:04D72000900700204E
:10D72400F0B5C64600B50C23CA5E804693B20C0021
:10D73400190746D480231B0113436268A381002A7E
:10D744005FDDA56A002D5FD042464146166800227F
:10D754009BB20A60E169DA0400D57EE0012300226D
:10D764004046A847431C55D0A389A56AE1695B07D5
:10D7740006D56368C01A236B002B01D0E36BC01A73
:10D78400002302004046A847431C4FD0A389364AD1
:10D7940013400022626022691BB2A3812260DB0471
:10D7A40059D44346216B1E6000292DD023004033F9
:10D7B400994202D04046FDF78BF8002300202363F2
:10D7C40023E02669002E1FD022682660951B0022C4
:10D7D4009B071DD0A260002D04DC15E036182D1A1D
:10D7E400002D11DD2B003200E1694046676AB8471D
:10D7F4000028F3DCA389402201201343A381404283
:10D8040003E0E26B002A9CDC002004BC9046F0BDDF
:10D814006269DFE743461B68002BA5D01D2B01D0AE
:10D82400162B1CD1434600201E60EEE743461D68BC
:10D834000C22A35E1D2DDED80C490122E9408A4347
:10D84400D9D10949626022690B40A3812260DB04BB
:10D85400A7D5002DA5D12065A3E7206D87E7402239
:10D86400A3891343A381D0E7FFF7FFFF0100402002
:10D8740070B505000C00002802D0836B002B16D075
:10D884000C22A35E0026002B0FD0626ED20701D4B7
:10D894009B0513D521002800FFF742FF636E0600A5
:10D8A400DB0702D4A3899B0504D5300070BD00F0CA
:10D8B40065F8E5E7A06D00F045FEF6E7A06D00F021
:04D8C4003FFEE7E755
:10D8C80010B5011E04D0054B1868FFF7CFFF10BD37
:10D8D800034B0449186800F0D5FDF8E790070020CD
:08D8E800F863011075D800106F
:10D8F000002310B5040003604360836081814366A8
:10D90000C281036143618361082200215C3001F020
:10D9100061FA2000064BE4612362064B58306362D3
:10D92000054BA362054BE36200F008FE10BDC04644
:10D9300021F3001049F3001085F30010B1F300103B
:10D9400010B5024900F0A2FD10BDC04639D6001046
:10D9500070B568244A1E54430E0021007431FCF750
:10D960006FFF051E09D000232200036046600C30C3
:10D97000A8606832002101F02DFA280070BDC04671
:10D9800070B50400144D280000F0DCFDA36B002BE3
:10D990001DD1124A0421E263B8229200A350B92398
:10D9A00003229B00E2500833E218043BE250606817
:10D9B0000022FFF79DFF01220921A068FFF798FFD1
:10D9C00002221221E068FFF793FF0123A3632800DE
:10D9D00000F0BAFD70BDC046B089022041D90010E8
:10D9E000F8B5274E0700300000F0ACFD254B1D6850
:10D9F000AB6B002B31D0B8239B009C4665446B6811
:10DA0000AC68013B03D523E06834013B20D30C21F3
:10DA1000625E002AF8D1002520001B4B5830E360DD
:10DA2000656600F08BFD300000F08EFD2000256063
:10DA3000A560656025616561A561082200215C30F3
:10DA400001F0C8F9256365636564A5642000F8BD2D
:10DA50002868002805D00500D1E72800FFF790FFCF
:10DA6000C9E704213800FFF773FF28600028F2D1CE
:10DA7000300000F069FD0C2300243B60E6E7C0465F
:0CDA8000BC890220F86301100100FFFFC8
:10DA8C0010B5024800F058FD10BDC046BC890220FC
:10DA9C0010B5024800F052FD10BDC046BC890220F2
:10DAAC00F0B583B00F00110001AA050005F0D6FCFB
:10DABC00061E36D02800FFF78DFF041E31D0DB2365
:10DACC0039005B00019A280001F0CCF9071E1FDB1E
:10DADC00636EDB0715D5194BE7812362184BA681C2
:10DAEC006362184BE461A362174BE362F3051AD42B
:10DAFC00636EDB0702D4A3899B051BD5200003B002
:10DB0C00F0BDA3899B05E6D4A06D00F015FDE2E7FE
:10DB1C00FFF7B6FF0023A06DA38100F00BFDFFF70C
:10DB2C00B7FF0024EAE7022300222100280000F0BE
:10DB3C0053F9DDE7A06D00F001FDDFE721F30010E4
:0CDB4C0049F3001085F30010B1F3001045
:10DB580010B5044B0A001B6801001800FFF7A2FF6C
:08DB680010BDC046900700202B
:10DB7000F8B50C000600FDF7EBF9204FBB685D68B7
:10DB800003239D431E4B2C1B9C466444240B1D4BBE
:10DB9000013C24039C4207DD0021300001F088FA9B
:10DBA000BB685B19984204D03000FDF7D5F900201E
:10DBB000F8BD6142300001F07BFA431C0DD0012218
:10DBC000BB682D1B15435D600F4B30001A68141B9A
:10DBD0001C60FDF7C1F90120EAE70021300001F0E7
:10DBE00067FABA68831A0F2BDEDD08490968401A04
:10DBF0000549086001210B435360D5E72C0D002037
:10DC0000EF0F0000FF0F00004C2400203411002013
:10DC1000F8B5CE464746050080B50C1E55D0FDF739
:10DC200097F9210008394F68012438000323A043E5
:10DC30000A1856689E43B146644EB368934229D091
:10DC40004B465360D3189C463C4242D10F68C91BD7
:10DC50008B68C019984663465F6808239C46B444A5
:10DC60002740E0456AD04346CC68DC60A360002FC3
:10DC700032D1012448440443A0469368544C0F1801
:10DC8000A34200D17FE0D268DA60936043464B60E4
:10DC9000386025E003004B443C4206D10A68891AEB
:10DCA00088689B18CA68C260906001221A434A6063
:10DCB000484AB16012689A4204D8474B2800196854
:10DCC000FFF756FF2800FDF747F90CBC9046994630
:10DCD000F8BD5F682740CCD0012303434B60085058
:10DCE0003E4B98421AD9430A042B33D882091400B8
:10DCF00039323834D200B218083A936803279A426E
:10DD000039D05C68BC43844233D99B689A42F8D1CD
:10DD1000D368CB608A609960D160D3E7C008FF3BCD
:10DD20008210FF3B93407268C000134373608619F2
:10DD3000B368CE608B60B160D960C3E7002F41D17A
:10DD4000030090684B44D2681C43C26090604C60F2
:10DD5000CB50B7E7142B07D9542B1CD8020B140057
:10DD60006F326E34D200C6E71C005C335B34DA00DD
:10DD7000C1E71A00CCE70123A410A3407068034355
:10DD800073601300C5E7D9609960CB608B60434630
:10DD90004B60386096E7AA225200934205D8C20B26
:10DDA000140078327734D200A5E70D4A934205D8A3
:10DDB000820C14007D327C34D2009CE7FE227E244B
:10DDC000920098E704434C6010607BE72C0D002024
:10DDD000340D0020381100207C240020FF010000B9
:04DDE00054050000E6
:08DDE40010B500F001F810BDBC
:10DDEC00F0B545465746DE464E46E0B50C0097B0BA
:10DDFC00050090461F00002802D0836B002B4AD0F0
:10DE0C00626EA389D20702D49A0500D4F9E0842269
:10DE1C0052001340934200D1EEE0A36A9946002BC6
:10DE2C003CD0012F15D0022F44D0002F42D0162306
:10DE3C002B60636EDB0702D4A3899B0536D50125C5
:10DE4C006D42280017B03CBC90469946A246AB46A2
:10DE5C00F0BD21002800FFF707FDA389DA0400D5E7
:10DE6C0034E101230022E1692800C8470600431C65
:10DE7C0000D1CBE0A3892269590700D4D8E06368AC
:10DE8C00F61A236B002B01D0E16B761A0123B044F8
:10DE9C009B46002712E0FFF76DFDB1E71D332B60A9
:10DEAC00636EDB07CBD4A3899B05C8D4A06D00F0AF
:10DEBC0045FBC4E7002300269B462269002A00D1BB
:10DECC00C0E00C23E25E914993B20B4272D18021E7
:10DEDC00C9008A460B4266D0C246002F00D0CEE065
:10DEEC005B46002B00D0B2E0A389DB0400D5C4E074
:10DEFC0001230022E1692800C847431C5AD06368FB
:10DF0C00216B1A00C61A8B46002900D1ABE0E16BDD
:10DF1C00761A2269F61894466046A26B121AB61A43
:10DF2C005218B24500DBD3E0E36CE1695E42534624
:10DF3C001E40320000232800C847431C3AD000235F
:10DF4C00216B636023692360002908D023004033D0
:10DF5C00994202D02800FCF7B7FC0023236320224F
:10DF6C00A3899343A38153469E1B0DD02100280007
:10DF7C0001F006F800281DD16368B3421AD3226859
:10DF8C0092199E1B22606660082220000125002148
:10DF9C005C3000F019FF636E1D4002D1A3899B0514
:10DFAC005CD500254DE75A4B994574D080231B0155
:10DFBC001A43A28121002800FFF756FC002832D119
:10DFCC003B004246E1692800C847431C2BD0216B1B
:10DFDC00002908D023004033994202D02800FCF7D6
:10DFEC0073FC0023236323694A4A23600023636084
:10DFFC00A3891340A381C7E721002800FFF734FC55
:10E00C000BE7A06D00F098FAA38900E7636E3B4222
:10E01C0000D014E7A3899B0500D510E7A06D00F094
:10E02C008DFA35000DE7636EDB0700D404E706E7D5
:10E03C001B0700D42AE72368002B00D126E79B1A84
:10E04C00F61823E72100280000F0AAFA39E7236B21
:10E05C009B46002B06D06368E16B5AE7A06D00F07D
:10E06C006DFAEEE6626823699C4661462368591A8C
:10E07C000023761A52189B4653E7206D3FE70E2378
:10E08C00E15E6A46280000F047F8002892D1049B14
:10E09C0043449A4624E70E23E15E002986DB6A4658
:10E0AC00280000F039F80C23E25E002800D07DE750
:10E0BC00F021019B09020B40802109028B4200D008
:10E0CC0074E753461A43E364A28105E7266DD2E652
:10E0DC00B318534500D827E753469E1B63469B193C
:10E0EC0023605B46921B6260002B09D023004033F7
:10E0FC009B4503D059462800FCF7E6FB002323631D
:10E10C002022A3899343A381183A3EE71A08000002
:08E11C0085F30010DFF7FFFF9F
:10E12400002370B5074C0500080011002360FDF7BB
:10E134001FF9431C00D070BD2368002BFBD02B605B
:08E14400F9E7C046AC89022096
:10E14C00F0B54546DE4657464E46E0B5936883B07B
:10E15C0000900D009046002B2DD08B891A0732D5DC
:10E16C000A69002A2FD0424616689A0737D56B6A7F
:10E17C0000279A46AD4B00249946E969002C16D02D
:10E18C0023004C4500D9A94B3A000098D0470028F1
:10E19C0000DC8FE043469B683F18241A181A43464C
:10E1AC00986008D06B6AE9699A46002CE8D1376808
:10E1BC0074680836E2E7002003B03CBC90469946F0
:10E1CC00A246AB46F0BD2900009804F077F8002871
:10E1DC0000D028E14246AB8916689A07C7D4DA0703
:10E1EC0070D4002291468022920000279346AC689E
:10E1FC002868002F53D05A46134200D1A8E0A246FB
:10E20C00BC4200D9D7E09022D20013422ED029690B
:10E21C00441AA4466869019442001218D00F82185F
:10E22C00781C521060449246904201D982460200FA
:10E23C005B0500D4D0E011000098FCF7FBFA041E3B
:10E24C0000D1EAE0019A296900F02CFDAB89784AEB
:10E25C00134080221343AB815246019B2C61E01882
:10E26C00BA463C00D31A28606A61AB6052464946F4
:10E27C0000F05CFDAB681C1BAC603C0000272B68FD
:10E28C0053442B6043469B68A1441C1B43469C6033
:10E29C0000D190E7AC682868AB89002FABD132680D
:10E2AC00776891460836A4E729000098FFF7DCFA56
:10E2BC0000282DD00C22AB5E402201201343AB81F1
:10E2CC00404279E7002399469A46330000204E4697
:10E2DC000027994625E000282FD0B346BE4200D92E
:10E2EC00BB4628682A696B69904203D9AA689C18B6
:10E2FC00A34563DC5B4500DD82E06C6A5246E9694C
:10E30C000098A047041ED5DD361B0120002ECBD073
:10E31C0043469B68A2443F1B1C1B43469C6000D198
:10E32C0049E7002FD7D14B461B689A464B465F688E
:10E33C0008239C46E144002FF5D03A000A215046B0
:10E34C0000F04AFC002859D053460130C61AC4E7E5
:10E35C002B69834217D36B699A46BB4213D8354B52
:10E36C0038009F4200D934485146F2F70BF9534616
:10E37C004A464343E96900986C6AA047002899DD36
:10E38C0004003F1B7EE7BC4200D93C0022004946FA
:10E39C0000F0CCFCAB682A681B1B1219AB602A601E
:10E3AC00002BEED129000098FFF75EFA002800D070
:10E3BC0080E73F1B66E73C00BA4657E75146220010
:10E3CC0000F0B4FC2B6829001B192B600098FFF798
:10E3DC004BFA002898D06DE70098FCF797F9041ECB
:10E3EC0000D039E7009C29692000FCF76DFA8022E7
:10E3FC00AB899343743A1BB222605DE77E1C6CE7D9
:10E40C005A46514600F092FC5A46AB685C469B1A41
:10E41C00AB602B685B442B6076E70C23009A13608F
:10E42C000C22AB5E48E701204042C5E600FCFF7FB2
:0CE43C007FFBFFFFFEFFFF7FFFFFFF7F65
:10E44800B823F0B5C6469B00C71800B58846002615
:10E45800002F13D07B68BC685D1E0CD4A389012BE8
:10E4680006D90E22A35E013302D02000C04706431E
:10E478006834013DF2D23F68002FEBD1300004BC74
:04E488009046F0BD0D
:10E48C00F8B54746CE4680B5B8278046BF0047440E
:10E49C0089460026002F14D07B68BC685D1E0DD405
:10E4AC00A389012B07D90E22A35E013303D02100CF
:10E4BC004046C84706436834013DF1D23F68002FFF
:0CE4CC00EAD130000CBC90469946F8BD27
:10E4D80070B50D4E0D4DAD1BAD1006D00024A30038
:10E4E800F35801349847A542F9D1F1F7BFFE084E19
:10E4F800084DAD1BAD1006D00024A300F35801341D
:10E508009847A542F9D170BD3C1100204011002068
:08E51800401100205811002001
:10E52000044B1B685B6B002B00D1034B9422520001
:0CE53000985C704790070020C00B002092
:04E53C007047C0461E
:04E540007047C0461A
:04E544007047C04616
:04E548007047C04612
:10E54C0070B50C001E000E23C95E96B01500002994
:10E55C000EDA00233360A3891B0605D48023002028
:10E56C00DB002B6016B070BD402300202B60F9E758
:10E57C006A46FFF7D1FD0028EBDBF022019B12026B
:10E58C001340064A8020944663445A4253413360F8
:10E59C008023DB002B600001E4E7C04600E0FFFFB6
:10E5AC0070B58B8982B006000C009B0707D5230041
:10E5BC004333236023610123636102B070BD01AB5F
:10E5CC006A46FFF7BDFF009905003000FCF732F9F1
:10E5DC0000281ED08022154BF363A38920601343BF
:10E5EC00009A1BB26261019AA3812061002A02D1B8
:10E5FC002B43A381E1E70E23E15E300004F07CFFA6
:10E60C00002810D00322A3899343012213431BB289
:10E61C00EEE70C22A35E9A05CFD403229343022289
:10E62C001343A381C3E70C22A35EE1E741D9001099
:10E63C0010B5034B01001868FCF7FCF810BDC04680
:04E64C009007002013
:10E6500010B5034B01001868FCF73CF910BDC0462B
:04E6600090070020FF
:10E66400F0B557464546DE464E46E0B50D000B353F
:10E6740083B00700162D28D8102900D9C1E0FCF773
:10E6840065FC102518230220CC4EF3181A005C6890
:10E69400083A944200D15BE1032362689A43130071
:10E6A400E268A168CA6091600122E31859683800E1
:10E6B4000A435A60FCF74EFC2000083003B03CBC0F
:10E6C40090469946A246AB46F0BD07239D4300D52C
:10E6D40097E0A94200D994E0FCF738FCF823FF3313
:10E6E4009D4200D859E1680A00D18EE0042800D97F
:10E6F40034E138239846A80980443930C100AF4E2C
:10E7040071180839CC68A14218D0032362689A436F
:10E714001300521B0F2A00DD18E1002AC0DA03237C
:10E724009C4608E06246636893435A1B0F2A00DD47
:10E734000CE1002AB4DAE468A142F3D1320034696E
:10E744000832944267D00323616899438A460B00D8
:10E75400491B0F2900DD0DE1726132610029A3DA42
:10E76400974A924500D94AE1DB08FF3A9910FF3AEB
:10E774008A40DB0071689B190A4399687260E36000
:10E78400A1609C60CC60012183109940914248D8DB
:10E794000A4205D103239843490004300A42FBD0BE
:10E7A40003239846C3009946B144CC468246634647
:10E7B400DC68A44507D1F4E0002A00DB10E1E4683A
:10E7C400A44500D1EDE04246636893435A1B0F2AE7
:10E7D400F2DD01208046611905436560A068E568A3
:10E7E4000836C560A8604046F160B16010434860D7
:10E7F400CE608E603800E250FCF7ACFB200008309D
:10E804005CE70C2300203B6058E780213F2389000C
:10E814004020984673E70121726883109940914221
:10E82400B6D90323B46862689A439046AA4202D3D5
:10E83400531B0F2B7CDC634A634B93461B681268A3
:10E84400EB18013200D13BE1604A944663441B0B50
:10E854001B0301930199380000F028FC0300814652
:10E86400013300D1F9E04346E318834200D9F2E0D2
:10E87400574A01999246126894465246614411607F
:10E88400834200D13EE15A461268013200D155E17B
:10E894004A46D31A59185346196007234A46134067
:10E8A40000D123E1082189464A49D21A9144CB1A5E
:10E8B400019A38004A441105090D5B1A19009B4658
:10E8C40000F0F4FB431C00D134E14B46C01A012391
:10E8D4005844184353461B685B4419005346196057
:10E8E4004B46B3605860B44212D043460F2B00D855
:10E8F4001CE1072260680C3B9343063A0240052062
:10E904001A436260E218506090600F2B00D933E123
:10E91400314B1A68914200D919600323B4686268C4
:10E924009A432E4B1868814200D89AE0196098E007
:10E934000122290013431143651961603800B56051
:10E944006B60FCF707FB20000830B7E64046F5E6AD
:10E95400DC680230A34200D1F0E69DE6142874D9A5
:10E96400542800D9AFE06E239846280B80446F30BA
:10E97400C100C4E6012360191D4365607061306104
:10E98400C26082601A0053460A4342603800E15074
:10E99400FCF7E0FA2000083090E62B00E808083382
:10E9A40072E608239B46073BDC449B46DA44434615
:10E9B4005246134200D0FAE66DE0C0462C0D00200A
:10E9C400FF010000341100207C2400200F100000FF
:10E9D4004C24002008100000742400207824002017
:10E9E4000122E318596838000A435A60E368A268B0
:10E9F400D3609A60FCF7AEFA200008305EE65A0A4B
:10EA0400042A39D9142A74D85B23984690445C327A
:10EA1400D20008235B429C46B2189444634699682A
:10EA2400032399468C4559D04B464A689A4352452C
:10EA340002D989688C45F7D1CB6872689C466346D5
:10EA4400A160E3609C60CC609DE65B2398468044B3
:10EA54005C30C10053E6B44274D00323B4686268E6
:10EA64009A43531B954202D80F2B00DD60E7380010
:10EA7400FCF770FA002021E69A093823984690445E
:10EA84003932D200C5E74B461A68083B0138914633
:10EA94009A4200D087E043460342F4D173688B4323
:10EAA40073604900994200D9BBE6002904D1B8E655
:10EAB400042294464900E2440B42F9D0504671E6E0
:10EAC40010330193C6E6AA235B00984224D8DD3BA9
:10EAD4009846E80B80447830C10010E64346012292
:10EAE4009B109A4073681A437260A8E780235B0105
:10EAF400DEE6542A2FD81A0B6E23984690446F32C0
:10EB0400D20086E71A0500D0BDE60120019BB26859
:10EB1400434403435360FBE6244B984226D87C23AA
:10EB24009846A80C80447D30C100E8E501234A469C
:10EB340053609CE7002301209B46CBE65B464A4694
:10EB44001A60AAE61A4A01999246126894465246F5
:10EB54006144116097E6AA2149008A4214D8DA0B6D
:10EB64007723984690447832D20052E7FE217E23E0
:10EB740089007F209846C2E5210038000831FBF760
:10EB8400A7FE53461968C3E608498A4206D89A0C78
:10EB94007C23984690447D32D2003AE7FE227E23BD
:10EBA4009200984635E773687BE7C0465405000039
:04EBB4004C240020CD
:10EBB80082B000290AD0002A0BD0002B0BD0137882
:10EBC8000B601078431E984102B0704701A9002AD3
:0CEBD800F3D10020F8E702204042F5E7EE
:10EBE40070B5CCB2830734D0531E002A1BD00278F0
:10EBF400A24219D0032504E0013B14D30278A242B7
:10EC040012D001302842F7D1032B0ED8002B0AD0A2
:10EC14000278A24208D0C31802E00278A24203D0CC
:10EC240001308342F9D1002070BDFF220D062D0C66
:10EC3400114029430D04084E0D43026807496A40F8
:10EC4400511891433142E3D1043B0430032BF4D8EF
:10EC5400DCE71300D8E7C04680808080FFFEFEFE1C
:10EC640030B5032A1CD903000B439B070FD004784B
:10EC74000B789C4217D1012305E0C45C5D1CCB5C7E
:10EC84009C4210D12B009342F7D1002030BD036881
:10EC94000C68A342EBD1043A04300431032AF6D8B9
:0CECA400002AE4D1F1E7E01AF0E7C046D6
:10ECB000F0B50F2A37D90D0005430C000300AD074E
:10ECC00035D11500103D2D092E0136181036276854
:10ECD0001F6067685F60A7689F60E7681034DF6047
:10ECE0001033B342F3D10F2401352D0149191440DB
:10ECF0004519032C1DD90023CE58EE500433E61AD3
:10ED0000032EF9D80323043CA4080134A4001A40BC
:10ED10002D190919002A05D00023CC5CEC540133CD
:10ED20009342FAD1F0BD0500002AF5D1FAE70500BB
:08ED3000F2E72200F8E7C046FB
:10ED3800F0B588420AD98B18984207D2531E002A88
:10ED480003D0CA5CC254013BFBD2F0BD0F2A09D8DC
:10ED58000500002AF9D00023CC5CEC54013393421F
:10ED6800FAD1F2E70D0005430C000300AD0729D1E5
:10ED78001500103D2D092F013F18103726681E6019
:10ED880066685E60A6689E60E6681034DE601033D0
:10ED9800BB42F3D10F2401352D01491914404519FF
:10EDA800032C11D90023CE58EE500433E61A032E53
:10EDB800F9D80323043CA4080134A4002D19091927
:0CEDC8001A40C6E70500C6E72200C2E7BB
:10EDD400F0B5830746D0541E002A42D0CEB20200BA
:10EDE400032502E01A00013C3BD3531C16702B424E
:10EDF400F8D1032C2DD9FF220A40150215432A0409
:10EE040015430F2C16D92700103F3F093E01B44685
:10EE14001E001A0010366644156055609560D56072
:10EE24001032B242F8D10F2201373F01DB191440EE
:10EE3400032C0ED9261FB608B700BC461A001F1DA6
:10EE4400674420C2BA42FCD103220136B6009B19A2
:10EE54001440002C05D0C9B21C19197001339C420E
:0CEE6400FBD1F0BD14000300C3E7C04662
:10EE700070B50500080011000022064C22601A003F
:10EE8000FCF792FB431C00D070BD2368002BFBD025
:08EE90002B60F9E7AC890220B8
:10EE98000FB400B5064983B004AB086804CB816899
:10EEA800019301F0AFFD03B008BC04B01847C04699
:04EEB800900700209F
:10EEBC0030B5050089B008000C0000F079FA04ABFD
:10EECC00214A01930223069201220293AB6B059017
:10EEDC000130049407920390AC68002B25D00C23CE
:10EEEC00E25E636E91B2DB0701D48B0525D58023DE
:10EEFC009B01194205D11343A381626E134B13403E
:10EF0C006366280001AA2100FFF71AF945426841FF
:10EF1C000B254042636E0540013DDB0702D4A389FB
:10EF2C009B0506D5280009B030BD2800FEF722FD50
:10EF3C00D5E7A06DFFF702FBF4E7A06DFFF7FCFA35
:10EF4C000C23E25E91B2D2E710640110FFDFFFFFE9
:10EF5C0010B5034B01001868FFF7AAFF10BDC0469F
:04EF6C0090070020EA
:10EF7000092310B5828913400022092B01D010000B
:0CEF800010BDFEF7A1FC0200F9E7C0463E
:10EF8C00F8B505000C00002802D0836B002B45D08F
:10EF9C0080210C22A35E89019AB20A4206D10B434E
:10EFAC003D4A616EA3810A4062669AB2002161609B
:10EFBC0091063ED451071DD4D10664D508261642BD
:10EFCC0050D104221343A3812369002B56D00C2368
:10EFDC00E75EBEB2B3072FD12369280023602269F4
:10EFEC006369E169256AA847030060600020002B73
:10EFFC0017DDF8BD216B0029E6D023004033994280
:10F00C0002D02800FBF760FC00232363E36B6360F2
:10F01C00002BD9D0A36B00202360EAE7FEF7AAFCF3
:10F02C00B6E70C21625E002B17D040231A436060B8
:10F03C00A28101204042DCE70123A381174B184930
:10F04C001868FFF7FBF90923A7811E40092EC3D1CD
:10F05C0021002800FEF760FBBEE720231A43A281A3
:10F06C000138C6E721002800FEF7FEFB0028E0D19E
:10F07C00A389A060B3431BB2A061A2E721002800C2
:10F08C00FFF78EFAA3E709222A60402201201343DE
:10F09C00A3814042ADE7C046FFDFFFFFF8630110DC
:04F0AC0071EF0010F0
:10F0B000002370B5064C050008002360FDF76EFFC5
:10F0C000431C00D070BD2368002BFBD02B60F9E7F8
:04F0D000AC890220E5
:10F0D4004A424A41802310B55200DB0000F002F896
:04F0E40010BDC04655
:10F0E800F0B5CE46474680B51F00614B83B01D681A
:10F0F800040089461600002D03D0AB6B002B00D10D
:10F108007DE0022E05D0012E00D9ACE0002F00DAF8
:10F11800A9E0636EDB0733D521002800FEF7A6FBC4
:10F12800216B002908D023004033994202D02800DF
:10F13800FBF7CCFB002323630023A36163600C224D
:10F14800A35E1A065FD44B4A13400022A38190465F
:10F15800022E1CD1022213430022A2602200433255
:10F16800226022610122616EA3816261114201D194
:10F178009B0560D5404603B00CBC90469946F0BD4F
:10F18800A3899B05C8D4A06DFFF7D8F9C4E701ABE4
:10F198006A4621002800FFF7D5F9A3891843A08102
:10F1A800002F37D1009F3800FFF744FA8146002826
:10F1B80047D08022A3891343A381AB6B002B2FD0A8
:10F1C8000C22A35E009ABA4203D080221201134394
:10F1D800A381012E02D101221343A3814A46226052
:10F1E800226108229BB267611A401DD1A2600122E8
:10F1F800616E11408846BBD000239846BAE72800C4
:10F20800FEF7BAFB7DE721692800FBF75FFB0C22BC
:10F21800A35E98E74B46002BC5D0AB6B002BCFD134
:10F228002800FEF7A9FBCBE7DA0708D500227F42C2
:10F23800A260A761DBE7A06DFFF782F99AE7A760F4
:10F24800D5E7009B9846BB4205D10C22A35E01225C
:10F25800524290467EE71800FFF7ECF981460028F5
:10F26800F3D04746A5E701235B42984682E7C046AC
:08F27800900700205CF3FFFF8A
:10F2800070B505000C001F2922D8B7239B00C35876
:10F29000002B0ED08A009B181A68002A09D0012A78
:10F2A00010D0511C10D00021200019609047002080
:10F2B00070BD280000F030F822000100280000F0A6
:10F2C00017F8F5E70020F3E7162303600120EFE7C6
:0CF2D0001623036001204042EAE7C0461C
:10F2DC0010B5034B01001868FFF7CCFF10BDC046FA
:04F2EC009007002067
:10F2F000002370B5074C050008001100236004F0DE
:10F300001FFE431C00D070BD2368002BFBD02B6078
:08F31000F9E7C046AC890220B8
:08F3180010B504F009FE10BD60
:10F3200070B50C000E25495F04F074FC002803DB67
:10F33000236D1B18236570BDA389024A1340A38166
:08F34000F9E7C046FFEFFFFFF3
:10F34800F8B516001F000C228B5E0C0005000E227B
:10F35800895EDA0507D50022022304F0EDF80C22B5
:10F36800A35E0E22A15E044A28001340A381320046
:0CF378003B0002F091FFF8BDFFEFFFFF2B
:10F3840070B50C000E25495F04F0D8F8431C06D074
:10F394008023A2895B011343A381206570BDA389E7
:0CF3A400014A1340A381F9E7FFEFFFFFCF
:0CF3B00010B50E23C95E02F0F1FF10BD85
:10F3BC0010B5040083070AD00378002B23D0032256
:10F3CC0002E00378002B1CD001301042F9D1026806
:10F3DC000E4B0F49D31893430B420FD104300268E4
:10F3EC000A4BD31893430B4208D104300268074BE5
:10F3FC00D31893430B42F1D000E001300378002B7B
:10F40C00FBD1001B10BD0020FCE7C046FFFEFEFE3A
:04F41C0080808080EC
:10F4200070B504780600002C13D00D78002D09D09B
:10F43000A54209D00B0001E0A24205D001331A78A1
:10F44000002AF9D1801B70BD01300478002CEDD169
:08F45000F8E70020F7E7C046D1
:10F45800F0B5DE464E4657464546E0B5C3B00C000B
:10F46800079191461093089004F05AF80368180021
:10F478001A93FFF79FFF1990A3891B0605D52369E7
:10F488000993002B01D100F023FF32AB2593002311
:10F4980025AFBB607B601893002400231693179454
:10F4A8000023CA4632AE14931B930C9353461B7821
:10F4B800002B47D05446252B02D11BE0252B03D027
:10F4C80001342378002BF9D15346E51A0FD0336065
:10F4D800BB6875605B19BB607B6801337B60072B79
:10F4E80027DC08360C9B9C46AC4463460C93237877
:10F4F800002B27D0631C9A46002316AAD377012233
:10F508005242934600220B92203290462032914676
:10F51800383A6378944600210024002552461800A2
:10F5280020380132099158283ED8BF498000085830
:10F5380087463A000799089804F07CFB002809D10F
:10F5480032AECFE7BB68002B04D03A000799089881
:10F5580004F070FB079B9B895B0601D501F058F905
:10F568000C9843B03CBC90469946A246AB46F0BDC9
:10F578000021303B1800099B0A959A460D00AB0004
:10F588005D1913786D0045191800511C30380A00B0
:10F598000928F4D952468A46099252460B950A9D83
:10F5A800180020385828C0D9099913939246002981
:10F5B80001D001F01CFA139A002AC3D028AB1A70A4
:10F5C800002216A9CA770A9501327EE1802309999B
:10F5D8001D431378A3E7531C0A9313782A2B01D1F0
:10F5E80001F0CFF91800002230389346092801D9D4
:10F5F80001F097F8099B5946A2469B460A9A8B0048
:10F608005B185B0019181378541C18003038220056
:10F618000928F4D920005A465446824609928B4656
:10F628005246BDE7099913780420054377E7137814
:10F6380001212B2473E710980999036804300B9370
:10F6480010900B981378002800DB68E740420B9075
:10F65800EAE7012309991D43137860E709991378AC
:10F66800002C00D05BE70121203458E70999139357
:10F678009246002901D001F0B2F96C4B1493AB0605
:10F6880000D409E30722109B0733934301329446C1
:10F698009C4462465C681B680E930F941092022388
:10F6A800EA0769D50E990F9A0800104364D03021F3
:10F6B8001EAA11704C206946091809781D4351701B
:10F6C800002216A9CA775A4601325BD10022914618
:10F6D8000A95012B00D1CFE0022B01D100F036FCB6
:10F6E8000E980F995B4632AA90460993B34600E0FC
:10F6F800A0464A079446434665465C1EC60807234B
:10F70800CA08354311002A0003403033237028000B
:10F718000A43EDD10E900F9109995E468B460A99DE
:10F7280042461294C90701D500F0F1FC32AB1B1B0D
:10F738000D935B4609930D9B9B4500DA09930023C3
:10F7480015934B46002B00D1C8E0099B0133099360
:10F75800C4E013939246AB0600D4B2E20722109B92
:10F7680007339343013294469C4462465C681B68A5
:10F778000E930F9401231092002216A9CA775A46B5
:10F788000132A3D0002291468022290091430A9198
:10F798000E990F9A080010439BD15A46002A01D0AF
:10F7A80000F047FE002B01D000F071FC012003009F
:10F7B80032AA2B400D931292BBD02723302128AABE
:10F7C800D15416AA9446483363441293B1E713936D
:10F7D800109B92461C1D1B6816A91A001293002341
:10F7E800CB77002A01D100F0A5FD5B46013301D19A
:10F7F80000F08DFE5A4600211298FFF7EFF9002815
:10F8080001D100F096FF129BC21A16ABDB7F0D9256
:10F818009946D343DB171A400023099210940A959E
:10F828009B4615938DE7C046146401109C65011032
:10F83800099913939246002901D001F0D4F8AB0638
:10F8480000D40FE20722109B0733934301329446FA
:10F858009C4462465C681B680E930F9410920F9B41
:10F86800002B01DA00F077FC16ABDB7F99465A468D
:10F878000123013288D10A950E9B0F9C002C01D0E0
:10F8880000F07EFD092B01D900F07AFD27220E9B9E
:10F8980028A930338B54012316AA94460D936E334E
:10F8A8006344129345E7109992460A682420099206
:10F8B8006A4612181278139328AB1A70002216A8F9
:10F8C800C2770A1D109201220A95099200229146D8
:10F8D80001320D92002293461592129302230A9A3E
:10F8E8001A40904602D0099B0233099384230A9A4E
:10F8F800BC681A40119238D10B9B099A9D1A002DA9
:10F9080033DDCC4A7B689146102D1FDD22004C4622
:10F9180003E0103D0836102D16DD1021103201339A
:10F9280034607160BA607B60072BF2DD3A0007999A
:10F93800089804F07FF9002800D00BE6103DBA685B
:10F948007B6832AE102DE8DCA14614004A466419E3
:10F95800013332607560BC607B60072B01DD00F00D
:10F968003BFD16ABDB7F083699464B46002B0FD084
:10F9780016AA1F23944663443360012373607B688F
:10F9880001340133BC607B60072B00DDC6E208361A
:10F998004346002B0CD01EAB3360022373607B6898
:10F9A80002340133BC607B60072B00DDC2E20836FD
:10F9B800119B802B00D120E25B460D9A9B1A9B4637
:10F9C800002B32DD5A467B689B4D102A22DD10221F
:10F9D800A84691465D4603E0103D0836102D17DD18
:10F9E800424632604A46103401337260BC607B6024
:10F9F800072BF1DD3A000799089804F01BF9002855
:10FA080000D0A7E5103DBC687B6832AE102DE7DC5E
:10FA1800AB4645465A465C44013335607260BC606B
:10FA28007B60072B00DDAFE208360A9BDB0500D5BB
:10FA380084E1129B33600D9B9C4673607B68644431
:10FA48000133BC607B60072B00DD6BE108360A9B45
:10FA58005B0731D50B9B099A9D1A002D2CDD754A41
:10FA68007B68914610229046102D04DC1BE0103D67
:10FA78000836102D17DD6F4A1034326042460133C4
:10FA88007260BC607B60072BF1DD3A00079908982B
:10FA980004F0D0F8002800D05CE5103DBC687B6815
:10FAA80032AE102DE7DC4A466419013324C6BC6027
:10FAB8007B60072B00DD36E30B9A099B9A4200DA3C
:10FAC8001A000C9B9C46944463460C93002C00D06F
:10FAD800CEE1002332AE7B60E8E413939246AB0696
:10FAE80051D50722109B07339343013294469C4417
:10FAF80062465C681B6810920E930F9400233BE6E5
:10FB080009999246002901D000F061FF109A08CAAD
:10FB18001092AA0600D52BE3EA0601D500F058FC9E
:10FB28006A0601D400F054FC6A46128E1A80BDE4BD
:10FB3800434609991D431378F1E4109992460B68DE
:10FB48003E4A0E9300230F9302331D431EAB1A80C7
:10FB580078220B1D10933A4B1392149302230BE651
:10FB6800137809996C2B00D1D2E310200543D6E411
:10FB78004B4609991D431378D1E4139310231D4371
:10FB88009246AB06ADD4109A08CA1092EA0602D47F
:10FB98006A0600D59BB20E9300230F93ECE56346EB
:10FBA80009991D431378BAE40999139392460029D9
:10FBB80001D000F010FF0722109B073393431A006F
:10FBC80018CA984610920122169317946400640884
:10FBD80052421C4B40462100F3F72CFA002800D073
:10FBE800CCE20122174B524240462100F0F7F0FDCB
:10FBF800002800D0C2E21698179900220023F0F7D7
:10FC0800DDFD002801D000F048FD16ABDB7F9946EA
:10FC1800139B472B01DD00F080FC0B4B12938023D4
:10FC28009D437D3B09930D9300230A959B461593AD
:10FC380087E5C046BC650110CC650110307800002E
:10FC48009C650110FFFFEF7F7865011009991393F8
:10FC58009246002901D000F0ABFE10231D43AB06ED
:10FC680000D5EFE5109A08CA1092EA0600D56AE2B4
:10FC78006A0600D467E21BB20E93DB170F93EEE51A
:10FC8800099913939246002901D000F09CFEC44BB9
:10FC98001493AB0600D5F5E4109A08CA1092EA0648
:10FCA80000D54BE26A0600D448E29BB20E930023CB
:10FCB8000F93F4E4139310231D439246AB0600D52B
:10FCC8004CE5109A08CA1092EA0602D46A0600D5D2
:10FCD8009BB20E9300230F9301334DE501330D932F
:10FCE8001300A34691460C0008334A46594615604E
:10FCF80051600D9A5C44BC607A60072A00DDF6E228
:10FD08001E00994601320D9208364A4621AB13600F
:10FD18001B9B9C4653600D9B6444BC607B60072B17
:10FD280000DC94E63A000799089803F083FF00285E
:10FD380001D0FFF70FFCBC6832AE88E6139B652B39
:10FD480000DC9FE01698179900220023F0F730FD99
:10FD5800002800D12AE1934B0134336001237360FA
:10FD68007B68BC6001337B60072B00DDB6E3083697
:10FD78001F9B189A934204DB0A9BDB0701D4BC68DB
:10FD880065E61A9BBA683360199B9C4673607B686A
:10FD9800624401331400BA607B60072B00DDBDE2CA
:10FDA8000836189B013B9846002B00DC4FE642467C
:10FDB8007B687D4D102A00DC43E310229146220027
:10FDC800444604E00836103C102C00DC37E3494672
:10FDD8001032013335607160BA607B60072BF1DD4A
:10FDE8003A000799089803F025FF002801D0FFF78B
:10FDF800B1FBBA687B6832AEE5E70B9B099A9B1AA0
:10FE08009846002B00DCD7E542467B68664D102AF1
:10FE180022DD102291462200444603E0103C0836B9
:10FE2800102C17DD49461032013335607160BA6015
:10FE38007B60072BF2DD3A000799089803F0FAFE79
:10FE4800002801D0FFF786FB103CBA687B6832AE09
:10FE5800102CE7DCA04614004246444401333560C8
:10FE68007260BC607B60072B00DDF6E20836A3E514
:10FE78003A000799089803F0DDFE002800D128E62B
:10FE8800FFF768FB082189467A6818990134531CE2
:10FE9800B144012900DC29E1129ABC6032600122D8
:10FEA8007B607260072B00DDA6E24A461A9901338F
:10FEB8001160199A4946944664444A60BC60984661
:10FEC8007B60072B00DDA5E208239C46E1444346FE
:10FED800169817994E465D1C189B0022013B9B46BD
:10FEE800002311950D950836F0F762FC002800D024
:10FEF800D3E04A46129B5C44013313604B465A4692
:10FF0800BC605A607D60072D00DDF0E14346023396
:10FF18000D934B461033B1461E00F6E63A0007999A
:10FF2800089803F087FE002801D0FFF713FBBC6890
:10FF380032AE2DE53A000799089803F07BFE0028B9
:10FF480001D0FFF707FBBC6832AE31E50F20B4469D
:10FF580032AB19000E9A0F9B0400149D14402C5DBF
:10FF680016091D07013935430C701C0923002C00A4
:10FF78002A001C43F0D10E920F9332AB5B1A1291F8
:10FF880066460D93FFF7D5FB3A000799089803F0EA
:10FF980051FE002801D0FFF7DDFABC6832AE44E517
:10FFA80088650110B8650110CC6501101F990029FA
:10FFB80000DC5FE2159B1D00189B9D4200DD5DE1A2
:10FFC800002D0BDD129B641933607B68756001336B
:10FFD800BC607B60072B00DD53E30836EB43DB177F
:10FFE8001D40159B5B1B9846002B00DD4AE11F9BBB
:08FFF800189A934200DAB4E10B
:020000041001E9
:100000000A9AD20700D5B0E11899159ACB1A8A1A24
:100010001D00934200DD1500002D0EDD1599129A8A
:100020008C46624432607A68641901327560BC6043
:100030007A60072A00DD69E30836EA43D2171540E3
:100040005B1B9846002B00DC05E542467B68E04DD3
:10005000102A00DCF9E1102291462200444604E017
:100060000836103C102C00DCEDE14946103201331B
:1000700035607160BA607B60072BF1DD3A0007994B
:10008000089803F0DBFD002801D0FFF767FABA6893
:100090007B6832AEE5E700230D9332AB1293FFF796
:1000A0004CFB5B46002B00DC33E6102B01DC00F040
:1000B00042FC2100C64D10264A465C46119B05E0D5
:1000C0000832103C102C00DC0CE6013310311560B6
:1000D0005660B9607B60072BF2DD3A0007990898FB
:1000E00003F0ACFD002801D0FFF738FAB9687B684F
:1000F00032AAE6E701210A98014200D0D0E6129820
:1001000071603060BC607B60072B00DDF3E0931C06
:100110000D931036FDE5302B00D120E13023023A5B
:10012000137032AB9B1A0D931292FFF706FB3A0045
:100130000799089803F082FD002801D0FFF70EFA16
:10014000BC68BDE40E9300230F93FFF7ACFA0E9347
:10015000DB170F930F9B002B01DBFFF789FB0E9939
:100160000F9A00244B4294410E930F942D2316AA0C
:10017000D3779946FFF77FFB0C9A1A60D2175A6023
:10018000FFF798F91698179902000B00F2F756FF3F
:10019000002800D0ACE32023139A9A435B46914693
:1001A000013300D1C6E2472A00D1C7E180235B00BA
:1001B0002B430A93179B002B00DA78E2169A0993D7
:1001C000002390461193139B662B00D188E2462BA7
:1001D00000D1E7E24B46452B00D1B6E123AB0493B7
:1001E00020AB03931FAB02935B460193022342466D
:1001F00000930898099B02F08DF9139B1290672BCE
:1002000000D0D6E3129B1A005A441400EA0700D427
:10021000D2E10023002240460999F0F7CDFA2300ED
:10022000002809D1239B3021A34205D25A1C2392D6
:100230001970239B9C42F9D8129A9B1A18931F9B02
:1002400015934B46472B00D1BEE1139B662B00D084
:10025000C2E1159B002B00DC64E35B46002B00D061
:1002600053E3EB0700D550E3159B09930D93119BC6
:10027000002B00D0E0E116ABDB7F994600239B46C4
:10028000FFF763FA1D1E00DDA0E6ABE642467B6881
:100290004F4D102A00DC32E11022914622004446E4
:1002A00004E00836103C102C00DC26E149461032F0
:1002B000013335607160BA607B60072BF1DD3A0075
:1002C0000799089803F0BAFC002801D0FFF746F917
:1002D000BA687B6832AEE5E740210898FAF7B0FAD1
:1002E000079B18601861002800D169E34023079A32
:1002F0005361FFF7CEF83A000799089803F09EFC87
:10030000002801D0FFF72AF97B68BC6801330D9300
:1003100032AB34AE9946FCE4434601321D431378B8
:10032000FFF701F93A000799089803F087FC0028C5
:1003300001D0FFF713F9BC6832AE36E55B4609938E
:10034000062B00D9F1E0099B10940D9300239946E8
:100350009B4615931F4B0A951293FFF7C3FA129A07
:1003600032AB9B1A0D93FFF7E8F91A9A3260199A8B
:10037000944672607A6864440132BC607A60072AED
:1003800000DD75E108363FE632ABB0460E9C0F9DAE
:100390001E00200029000A220023F0F7B7FA013ED0
:1003A000303232700023200029000A22F0F7AEFA22
:1003B000030004000D000B43EBD1320032AB9B1A5B
:1003C00012960E940F9546460D93FFF7B6F9C04668
:1003D000CC650110B06501100C9A1A60FFF76AF83D
:1003E0003A000799089803F029FC002801D0FFF78C
:1003F000B5F816ABDB7FBC68994632AEFFF7B9FAA9
:100400003A000799089803F019FC002801D0FFF77B
:10041000A5F832AABC687B6891464AE53A0007997C
:10042000089803F00BFC002801D0FFF797F87B68D1
:10043000BC68984632AB99464DE5012B01D0FFF7D9
:100440004FF9FFF727FAA04614004246444401330F
:1004500035607260BC607B60072B01DCFFF7FAFA45
:1004600064E43A000799089803F0E8FB002801D0FB
:10047000FFF774F8BC6832AEFFF7A2FAD64B01342E
:100480003360012373607B68BC6001337B60072BA2
:1004900000DD18E10836002902D1189B002B47D057
:1004A0001A9B3360199B9C4673607B6864440133DC
:1004B000BC607B60072B00DD4CE132000832002974
:1004C00000DA82E112990133116018997B608C4641
:1004D00064445160BC60072B00DD27E4083216003D
:1004E000FFF7B9FA3A000799089803F0A7FB00282C
:1004F00001D0FFF733F832AE3EE4A0461400424686
:100500004444013335607260BC607B60072B00DDC2
:100510003CE108366FE51298FEF750FF0200FFF746
:1005200078F9AE4B1293FFF77EFB062309930AE797
:100530000A9BDB0701D4FFF78EFAB1E75B46002B7D
:1005400000D033E601239B4630E65B465A1C23ABC2
:10055000049320AB03931FAB029302230D920192ED
:1005600000934246099B089801F0D4FF1290139B18
:10057000472B00D003E2EB0700D4ECE10D9A129B6D
:10058000944663441C00139B462B00D041E6129B0B
:100590001B78302B02D01F9BE4183AE60022002380
:1005A00040460999F0F708F90028F4D101230D9A83
:1005B0009B1A1F93E4182CE6239AD31A18931F9BB7
:1005C00015934B46472B07D1159BDA1C01DB9B4546
:1005D0003ADA139B023B13936A464C21159B52183F
:1005E00012785C1E21AB1F9499461A70002C00DA19
:1005F0006CE12B234A465370092C00DD11E13023B6
:100600004A4630349370D47022AB4A469B1A189AEB
:100610009C46110061441B930D91012A00DC5CE1B2
:10062000199B0D9A9C466244D343DB170D921A40E6
:100630000023099215931AE62D2316AAD37799461B
:1006400000239B46FFF785F8159B18998B4200DA2B
:100650008EE0EA0700D42FE1199B159A9C4662446C
:100660000D92D343DB171A40672309921393FEE5DB
:100670003A000799089803F0E1FA002801D0FEF744
:100680006DFF1F9BBC6832AEBEE43A000799089824
:1006900003F0D4FA002801D0FEF760FFBC6832AE48
:1006A000A0E42D2316AAD3779946FFF7B5FA802246
:1006B000169B179C120698469446230063440993A0
:1006C0002D2311937FE53A000799089803F0B6FAB5
:1006D000002801D0FEF742FF1F99BC6832AEDAE66F
:1006E00023AB049320AB03931FAB02935B460193B0
:1006F0000323424600930898099B01F00BFF030077
:100700005B441C005B4612900D9340E73A0007994A
:10071000089803F093FA002801D0FEF71FFF189BFA
:100720001F9ABC689B1A32AE87E40A9A92465246D8
:10073000FEF73AFF06239B4638E516ABDB7F1094A5
:1007400099465B4609930D9300230A959B461593A2
:10075000FEF7FBFF3A000799089803F06FFA0028AC
:1007600001D0FEF7FBFE1F99BC687B6832AAA6E6A3
:10077000199B189A9C46159B62440D92002B00DD34
:100780006FE7159A0D9B981A421C69E73A00079982
:10079000089803F053FA002801D0FEF7DFFEBC688A
:1007A00032AE28E423AB049320AB03931FAB029338
:1007B0005B4601930323424600930898099B01F08E
:1007C000A9FE5B4612900D93D8E64E42044D1031BF
:1007D00068DA1021884609E0B86501107C650110CF
:1007E000CC6501100832103E102E5BDD41461034FE
:1007F000013315605160BC607B60072BF2DD3A006D
:100800000799089803F01AFA002801D0FEF7A6FE0F
:10081000BC687B6832AAE6E701235B420C93FEF7D3
:10082000A3FE16AA3B2394466344B346A8461E0083
:1008300000E02E0020000A21EFF790FF751E3031F6
:10084000297020000A21EFF7A3FE04000928F0DC3C
:1008500032002B0016A95E464546934698468C46C4
:1008600013003B223034E4B2023B62441C709A42D3
:1008700000D899E03B235A4663449A1A012358460C
:100880005B4201E0C45C01334946C918CC709A420E
:10089000F8D116A98C462E22434662449446FB1A90
:1008A0006344B2E6A419013315605660BC607B60F6
:1008B000072B57DC083205E61A00DB431100DB1773
:1008C0001940672309910D921393D0E40124159BDD
:1008D0004A46E41A2D2353708EE601232B401593CC
:1008E00000D09DE6CB430A00DB171A400992BEE414
:1008F000179B002B27DB16ABDB7F9946139B472BFF
:100900001DDC3F4B1293FFF78EF9199A159B944605
:100910006344180002005A44D343DB170D921A4077
:100920000992A4E45B46002B12D1EB0710D40123FB
:1009300009930D939BE43300324DFFF7DAF9324B04
:100940001293FFF770F92D2316AAD3779946D5E7AE
:10095000199B581CDEE7239B129A9B1A18931F9B26
:10096000159331E63A000799089803F067F90028D3
:1009700001D0FEF7F3FDBC687B6832AAA2E5129AAB
:100980000D9B944663441C0043E4109B0999181D79
:100990001B689B46002B02DA01235B429B4653787F
:1009A00010900A9AFEF7BFFD16AA2E2394466344C0
:1009B0002BE65B460D93DAE516ABDC77FFF751F9D2
:1009C0000C23089A13600D3B0C93FEF7CDFD16AB7C
:1009D000DC77FFF760F916ABDC77FFF79BF816AB17
:1009E000DC77FFF7ECF816ABDC77FEF74AFE16ABC8
:1009F000DC77FEF728FF16ABDC77FEF7E0FDC0469C
:0C0A000080650110CC65011084650110B8
:100A0C00F0B5DE464E4645465746E0B5C3B08B467C
:100A1C0091461C000D930500079002F07FFD0368C2
:100A2C0018001A93FEF7C4FC1990002D04D0AB6B80
:100A3C000893002B00D1A9E05B465A460C21595E65
:100A4C00526E8BB2D20702D49A0500D4C7E0802232
:100A5C009201134209D10A435B4659469A81496E69
:100A6C00B64B0B4059464B6693B21A075ED55A46A5
:100A7C001269002A5AD01A221A400A2A6FD032ABB5
:100A8C002593002325AFBB607B60189300240023C3
:100A9C00169317940023DA46CB4632AE14931B936D
:100AAC000A935B461B78002B00D141E25C46252B58
:100ABC0002D11CE0252B03D001342378002BF9D173
:100ACC005B46E51A0FD03360BB6875605B19BB6081
:100ADC007B6801337B60072B5CDC08360A9B9C46E9
:100AEC00AC4463460A932378002B00D120E2631CAC
:100AFC009B46002316AAD37701225242914600222C
:100B0C000B922032944620326378904600210024C8
:100B1C0000255A460132089118002038582801D96E
:100B2C0000F018FC864980000858874659460798FB
:100B3C0001F0C4FB5B4600280CD05B6EDB0705D4D0
:100B4C005B469B899B0501D400F0FCFB01235B42B7
:100B5C000A933CE01A229B891A400A2A8FD15A46E2
:100B6C000E21525E002A8ADB5A46526ED20705D4F9
:100B7C009B0503D45B46986DFDF7E0FC23004A46C9
:100B8C005946079801F07AFA0A9020E00798FCF78A
:100B9C00F1FE51E73A005146079803F015F9002889
:100BAC0009D132AE9AE73A005146079803F00CF996
:100BBC00002800D1B4E1D3465A465B46526E9B895D
:100BCC00D20702D49A0500D4B5E35B06BED40A98CA
:100BDC0043B03CBC90469946A246AB46F0BD5B4642
:100BEC00986DFDF7A9FC5B460C21595E8BB22EE784
:100BFC000021303B1800089B09959B460D00AB006B
:100C0C005D1913786D0045191800511C30380A0015
:100C1C000928F4D9594693460B95099D08915A46D3
:100C2C007AE708991378002C00D073E7012120345F
:100C3C0070E7012308991D4313786BE70899139308
:100C4C009346002901D001F00AFA3E4B1493AB06EF
:100C5C0000D437E307220D9B0733934301329446AC
:100C6C009C4462465C681B680E930F940D920223A1
:100C7C00EA070DD50E990F9A0800104308D03021C1
:100C8C001EAA11704C206946091809781D43517031
:100C9C00002216A9CA774A46013200D197E10022F8
:100CAC00904680222900914309910E990F9A0800D1
:100CBC00104300D08EE14A46002A01D000F02DFEF0
:100CCC00002B01D000F012FD0120030032AA2B40B2
:100CDC000C93129208D02723302128AAD15416AA9B
:100CEC0094464833634412934B4608930C9B9945A6
:100CFC0000DA0893002315934346002B02D0089B7F
:100D0C00013308930223099A1A40109202D0089BCF
:100D1C00023308938423099ABC681A40119241D17A
:100D2C000B9B089A9D1A002D3CDD074A7B68904668
:100D3C00102D28DD220044460CE0C046FFDFFFFFEB
:100D4C00DC6501106467011084670110103D0836E2
:100D5C00102D16DD10211032013334607160BA6031
:100D6C007B60072BF2DD3A005146079803F02CF814
:100D7C00002800D01FE7103DBA687B6832AE102DFA
:100D8C00E8DCA046140042466419013332607560F9
:100D9C00BC607B60072B01DD00F028FD16ABDB7F10
:100DAC00083698464346002B10D016AA1F239446AB
:100DBC0063443360012373607B6801340133BC608E
:100DCC007B60072B01DD00F005FC0836109B002B27
:100DDC000DD01EAB3360022373607B680234013389
:100DEC00BC607B60072B01DD00F001FC0836119B19
:100DFC00802B00D1B4E34B460C9A9B1A9846002BDF
:100E0C0032DD42467B68CA4D102A21DD1022914604
:100E1C002200444603E0103C0836102C16DD4946EF
:100E2C001032013335607160BA607B60072BF2DDE4
:100E3C003A005146079802F0C7FF002800D0BAE6E6
:100E4C00103CBA687B6832AE102CE8DCA04614006B
:100E5C0042464444013335607260BC607B60072BB2
:100E6C0001DD00F0EEFB0836099BDB0500D50FE336
:100E7C00129B33600C9B9C4673607B68644401330B
:100E8C00BC607B60072B00DDF6E20836099B5B0734
:100E9C0039D50B9B089A9D1A002D34DDA54A7B6829
:100EAC00904610229146102D04DC1BE0103D0836B4
:100EBC00102D17DD9F4A103432604A4601337260A0
:100ECC00BC607B60072BF1DD3A005146079802F0BD
:100EDC007BFF002800D06EE6103DBC687B6832AE0C
:100EEC00102DE7DC42466419013324C6BC607B60DC
:100EFC00072B08DD3A005146079802F065FF0028E1
:100F0C0000D058E6BC680B9A089B9A4200DA1A008B
:100F1C000A9B9C46944463460A93002C00D042E6FC
:100F2C0000237B605B461B7832AE002B00D0BDE506
:100F3C00BB68D346002B01D000F085FF00237B60FB
:100F4C003AE613930D9B93461C1D1B6816A91A00B9
:100F5C0012930023CB77002A01D100F040FE4B46C0
:100F6C00013301D100F09FFE4A4600211298FDF793
:100F7C0033FE002801D100F0E9FD129BC21A16AB1A
:100F8C00DB7F0C929846D343DB171A400023089260
:100F9C000D94099599461593AEE613939346AB06BB
:100FAC0000D476E107220D9B16A907339343013237
:100FBC0094469C4462465C681B680D920022CA777A
:100FCC004A460E930F940123013200D067E60022AB
:100FDC0090460995012B00D1D8E0022B00D113E3E8
:100FEC000E980F994B4632AA089391460C9600E046
:100FFC00A1464A0794464B466546C2085C1E072329
:10100C0015432A000340CE083033237028003100EA
:10101C003243EDD10E900F9108994A4689460999B1
:10102C0012940C9EC90700D5D4E332AB1B1B0C9356
:10103C005AE60D980899036804300B930D900B98A1
:10104C001378002800DB65E540420B900420054333
:10105C0060E5137801212B245CE508991378F5E7FA
:10106C00531C9B4613782A2B01D100F0D1FF18009A
:10107C000022303891465A46092800D9CFE5089B02
:10108C004946A34699468B005B185B0019181378E8
:10109C00541C1800303822000928F4D94A468946D5
:1010AC0021005C468B4608925A4635E508999346D2
:1010BC00002901D000F0C0FF0D9A08CA0D92AA06B3
:1010CC0001D400F04AFC0A9A1A60D2175A60E8E47C
:1010DC0013939346AB0600D4C8E007220D9B07334D
:1010EC009343013294469C4462465C681B680D92A3
:1010FC000E930F940023CBE50D9993460B680E4A83
:10110C000E9300230F9302331D431EAB1A807822DB
:10111C000B1D0D93094B139214930223B8E513780E
:10112C0008996C2B01D100F038FD10200543F1E437
:10113C009467011084670110307800006467011017
:10114C00089913939346002901D000F079FF1023DE
:10115C001D43AB0600D4F8E207220D9B07339343E3
:10116C00013294469C4462465C681B680E930F9453
:10117C000D920F9B002B00DAFAE216ABDB7F984640
:10118C004A460123013200D08BE509950E9B0F9C3A
:10119C00002C00D0F1E0092B00D9EEE027220E9BA9
:1011AC0028A930338B54012316AA94460C936E3322
:1011BC006344129398E5089913939346002901D040
:1011CC0000F046FF07220D9B073393431A0018CA01
:1011DC0098460D92012216931794640064085242AB
:1011EC00DA4B40462100F1F723FF002800D0C1E381
:1011FC000122D64B524240462100EFF7E7FA002875
:10120C0000D0B7E31698179900220023EFF7D4FA11
:10121C00002801D000F075FC16ABDB7F9846139BC1
:10122C00472B01DD00F03BFDC94B129380239D43FE
:10123C007D3B08930C9300230995994615935BE528
:10124C00802308991D43137864E4634608991D4371
:10125C0013785FE4082308991D4313785AE4139319
:10126C0010231D439346AB0600D536E70D9A08CAEA
:10127C000D92EA0602D46A0600D59BB20E930023A7
:10128C000F9305E5139310231D439346AB0600D52E
:10129C0088E60D9A08CA0D92EA0602D46A0600D5B1
:1012AC009BB20E9300230F930133F1E4089913932F
:1012BC009346002901D000F0C7FEA64B1493AB0651
:1012CC0000D5C7E40D9A08CA0D92EA0600D55BE278
:1012DC006A0600D458E29BB20E9300230F93C6E427
:1012EC000D9993460A68202008926A4612181278C3
:1012FC00139328AB1A70002216A8C2770A1D0D9200
:10130C000122099508920022904601320C9200228B
:10131C00129391461592F5E408991393934600297C
:10132C0000D116E716ABDC7713E7434608991D434B
:10133C001378FFF7EFFB5B46986DFDF7FFF85B4604
:10134C009B8942E45B46986DFDF7F8F801235B42FC
:10135C000A933CE4089913939346002901D000F0BA
:10136C0082FE139A002A00D1E2E528AB1A70002203
:10137C0016A9CA7709950132C4E74A460E9C0F9DFF
:10138C0032ABB1461E000892200029000A2200232D
:10139C00EFF7B6FA013E30323270002320002900FC
:1013AC000A22EFF7ADFA030004000D000B43EBD15A
:1013BC003200089B12964E46994632AB9B1A0E94FD
:1013CC000F950C9390E4082189467A68189901349A
:1013DC00531CB144012900DCDBE1129ABC60326081
:1013EC0001227B607260072B00DD79E24A461A9974
:1013FC0001331160199A4946944664444A60BC60B2
:10140C0098467B60072B00DD78E208239C46E1447C
:10141C004346169817994E465D1C189B0022013BBB
:10142C001093002311950C950836EFF7BFF900289F
:10143C0000D061E1129A7D60013213004A461360BC
:10144C00109B9C4664445360BC60072D00DDB0E1EA
:10145C00434602330C934B461033B1461E004A46AA
:10146C0021AB13601B9B9C4653600C9B6444BC607B
:10147C007B60072B00DC09E53A005146079802F027
:10148C00A3FC002801D0FFF796FBBC6832AEFDE44C
:10149C00139B652B97DD1698179900220023EFF705
:1014AC0085F9002800D1D9E02B4B0134336001239E
:1014BC0073607B68BC6001337B60072B00DD12E33B
:1014CC0008361F9B189A934203DB099BDB0700D459
:1014DC0014E31A9BBA683360199B9C4673607B6853
:1014EC00624401331400BA607B60072B00DD5AE3C1
:1014FC000836189B013B9846002B00DCC6E442469C
:10150C007B68164D102A00DC0EE210229146220058
:10151C00444604E00836103C102C00DC02E249463C
:10152C001032013335607160BA607B60072BF1DDDE
:10153C003A005146079802F047FC002801D0FFF70B
:10154C003AFBBA687B6832AEE5E7C046FFFFEF7F37
:10155C0040670110506701108067011094670110FB
:10156C000B9B089A9B1A9846002B00DC43E44246DE
:10157C007B68DA4D102A20DD2200444603E0103C43
:10158C000836102C17DD10211032013335607160D4
:10159C00BA607B60072BF2DD3A005146079802F0E7
:1015AC0013FC002801D0FFF706FB103CBA687B68DF
:1015BC0032AE102CE7DCA046140042464444013302
:1015CC0035607260BC607B60072B00DDB8E10836CB
:1015DC00FFF711FC3A005146079802F0F5FB002882
:1015EC0001D0FFF7E8FABC6832AEFFF7EFFB3A0028
:1015FC005146079802F0E8FB002801D0FFF7DBFA10
:10160C00BC6832AEFFF7F3FB0F200E9A0F9BB4466B
:10161C0032A90400149D14402C5D1E0715090139D4
:10162C002E430C701C092300340032001C43F0D1F3
:10163C000E920F9332AB5B1A129166460C93FFF726
:10164C0053FB3A005146079802F0BEFB002801D02C
:10165C00FFF7B1FABC6832AEFFF706FC1F99002900
:10166C0000DC08E2159B1D00189B9D4200DD1D004F
:10167C00002D0BDD129B641933607B6875600133A0
:10168C00BC607B60072B00DD3CE30836EB43DB17CB
:10169C001D40159B5B1B9846002B00DCC1E04246AD
:1016AC007B688E4D102A00DC8DE2102221009146C1
:1016BC0044463200564604E00832103C102C00DC44
:1016CC007DE248461031013315605060B9607B6093
:1016DC00072BF1DD3A003100079802F075FB00286A
:1016EC0000D0BBE3B9687B6832AAE6E700230C9311
:1016FC0032AB1293FFF7F8FA109B002B00DCAEE62E
:10170C00102B01DC00F05BFC2100744D1C0010263A
:10171C004A46119B05E00832103C102C00DC22E2FA
:10172C000133103115605660B9607B60072BF2DD18
:10173C003A005146079802F047FB002801D0FFF70A
:10174C003AFAB9687B6832AAE6E70D9A08CA0D9294
:10175C00EA0606D46A0604D51BB20E93DB170F9368
:10176C0007E50E93DB170F930F9B002B00DB04E5B3
:10177C000E990F9A00244B4294410E930F942D23F3
:10178C0016AAD3779846FBE40E9300230F93FFF72A
:10179C006EFA01210998014200D01EE61298716080
:1017AC003060BC607B60072B03DC931C0C93103601
:1017BC0055E63A005146079802F006FB002801D086
:1017CC00FFF7F9F97B68BC6801330C9332AB34AE8C
:1017DC00994644E6302B00D113E23023023A1370C1
:1017EC0032AB9B1A0C931292FFF77EFA3A005146D9
:1017FC00079802F0E9FA002801D0FFF7DCF916ABE4
:10180C00DB7FBC68984632AEFFF7CCFA3A00514603
:10181C00079802F0D9FA002801D0FFF7CCF9BC6880
:10182C0032AE1F9B189A934248DB099AD20745D4D3
:10183C001899159ACB1A8A1A1D00934200DD1500CF
:10184C00002D0EDD1599129A8C46624432607A682E
:10185C00641901327560BC607A60072A00DD63E1AF
:10186C000836EA43D21715405B1B9846002B01DC67
:10187C00FFF70CFB42467B68184D102A54DD1022F2
:10188C0091462200444603E00836103C102C49DDFA
:10189C0049461032013335607160BA607B60072BAA
:1018AC00F2DD3A005146079802F08EFA002801D07A
:1018BC00FFF781F9BA687B6832AEE6E71A9A3260B4
:1018CC00199A944672607A6864440132BC607A60FA
:1018DC00072A00DD09E20836AAE7C0469467011022
:1018EC003A005146079802F06FFA002801D0FFF732
:1018FC0062F932AABC687B68914677E53A0051469A
:10190C00079802F061FA002801D0FFF754F97B68C0
:10191C00BC68984632AB99467AE5012B01D0FFF7AB
:10192C005CFB3BE4A0461400424644440133356062
:10193C007260BC607B60072B01DCFFF7A6FA9BE5AD
:10194C003A005146079802F03FFA002801D0FFF701
:10195C0032F9BC6832AEFFF74EFAEA0606D46A06D4
:10196C0004D56A46128D1A80FFF79BF80A9A1A6002
:10197C00FFF797F81698179902000B00F1F758FB30
:10198C00002800D0E4E22023139A9A4313000C920F
:10199C004A46013200D1D6E0472B00D1BEE180236C
:1019AC005B002B430993179B002B00DABDE1169AC1
:1019BC000893002390461093139B662B00D1C0E133
:1019CC00462B00D12CE20C9B452B00D1F1E123AB33
:1019DC00049320AB03931FAB02934B46019302235A
:1019EC00424600930798089B00F08EFD139B1290C3
:1019FC00672B00D030E3129B1A004A441400EA070C
:101A0C0000D404E10023002240460899EEF7CEFEF4
:101A1C002300002809D1239B3021A34205D25A1C54
:101A2C0023921970239B9C42F9D8129A9B1A1893F3
:101A3C001F9B15930C9B472B00D1F0E0139B662B3F
:101A4C0000D0F4E0159B002B00DCAFE24B46002BE2
:101A5C0000D08AE2EB0700D587E2159B08930C9324
:101A6C00109B002B00D024E116ABDB7F98460023A3
:101A7C009946FFF741F9E04B013433600123736061
:101A8C007B68BC6001337B60072B40DC0836002987
:101A9C0007D1189B002B04D1099BDB0701D4FFF75E
:101AAC00F5F91A9B3360199B9C4673607B68644400
:101ABC000133BC607B60072B00DD6CE13200083227
:101ACC00002900DACDE112990133116018997B607D
:101ADC008C4664445160BC60072B00DDCCE40832BA
:101AEC001600FFF7D3F93A005146079802F06CF94B
:101AFC00002801D0FFF75FF832AEE2E4BC68FFF7D4
:101B0C00C5F92D2316AAD3779846FFF788FB3A0020
:101B1C005146079802F058F9002801D0FFF74BF80E
:101B2C001F99BC6832AEB2E73A005146079802F0F2
:101B3C004BF9002801D0FFF73EF8189B1F9ABC68A0
:101B4C009B1A32AE8DE60623994628E716ABDB7F4F
:101B5C000D9498464B4608930C930023099599468F
:101B6C001593FFF7C9F801330C93130010949146A9
:101B7C000C0008334A461560109A494694464A6050
:101B8C000C9A6444BC607A60072A00DD11E61E00E2
:101B9C0001320C920836994661E4634601321D43CA
:101BAC001378FEF7B7FF3A005146079802F00CF98C
:101BBC00002801D0FEF7FFFFBC6832AE99E4A046C6
:101BCC00B2460C0016004246444401333560726044
:101BDC00BC607B60072B00DD18E6083621E64B461F
:101BEC000893062B01D906230893089B0D940C939C
:101BFC000023984699461593804B09951293FFF74D
:101C0C0081F8129A32AB9B1A0C93FFF76DF8239A5A
:101C1C00D31A18931F9B15930C9B472B07D1159B1D
:101C2C00DA1C01DB99454CDA139B023B13932C22F3
:101C3C00159B4C215C1E16AB9B186A4652181278E9
:101C4C001F941A70002C00DAA7E12D212B2316AA61
:101C5C0052181370092C00DD2FE12E21302316AA07
:101C6C00521813702F2216AB9B1830341C7022ABF9
:101C7C0021AA9B1A189A9C46110061441B930C9143
:101C8C00012A00DC7EE1199B0C9A9C466244D343EA
:101C9C00DB170C921A40002308921593E0E6584B80
:101CAC001293FFF7C3FA1298FDF782FB0200FFF7BD
:101CBC0066F92D2316AAD377984600239946FFF789
:101CCC001EF8159B18998B4200DA9BE0EA0700D4AA
:101CDC0034E1199B159A9C4662440C92D343DB1752
:101CEC001A40672308921393BAE63A0051460798B4
:101CFC0002F06AF8002801D0FEF75DFF1F9BBC685C
:101D0C0032AE95E53A005146079802F05DF800288E
:101D1C0001D0FEF750FFBC6832AEB7E44B46002B47
:101D2C0000D03CE60123994639E68022169B179C8D
:101D3C001206984694462300634408932D2310936F
:101D4C003AE623AB049320AB03931FAB02934B46B1
:101D5C0001930323424600930798089B00F0D4FBA1
:101D6C0003004B441C004B4612901193129B1B78A2
:101D7C00302B02D01F9BE41844E60022002340467F
:101D8C000899EEF713FD0028F4D10123119A9B1A40
:101D9C001F93E41836E63A005146079802F014F8FF
:101DAC00002801D0FEF707FF1F99BC687B6832AA98
:101DBC0086E64B465A1C23AB049320AB03931FAB14
:101DCC00029302231192019200934246089B0798BA
:101DDC0000F09AFB1290139B472B00D012E1EB07FB
:101DEC0000D408E1119A129B944663441C00139B87
:101DFC00462BBBD006E6C046806701107867011001
:101E0C0044670110199B189A9C46159B62440C92CE
:101E1C00002B00DD62E7159A0C9B981A421C5CE7BC
:101E2C0023AB049320AB03931FAB02934B4601935C
:101E3C000323424600930798089B00F065FB4B4632
:101E4C0012901193CEE73A005146079801F0BCFF6F
:101E5C00002801D1FFF772F8FEF7AEFEB346FEF78D
:101E6C00ABFE4E42824D10311CDA1021884603E045
:101E7C000832103E102E15DD41461034013315602A
:101E8C005160BC607B60072BF2DD3A00514607982D
:101E9C0001F09AFF002801D0FEF78DFEBC687B682C
:101EAC0032AAE6E7A419013315605660BC607B606A
:101EBC00072B00DD92E0083205E616AA3B23944678
:101ECC006344B146A8461E0000E02E0020000A2103
:101EDC00EEF73EFC751E3031297020000A21EEF71A
:101EEC0051FB04000928F0DC32002B0016A94E46E9
:101EFC004546914698468C4613003B223034E4B25A
:101F0C00023B62441C709A4200D890E03B234A4644
:101F1C0063449A1A012348465B4201E0C45C0133D6
:101F2C0021A9C918CC709A42F8D116A98C462E2238
:101F3C00434662449446FB1A634499E61A00DB4319
:101F4C001100DB171940672308910C92139387E556
:101F5C00179B002B3ADB16ABDB7F9846139B472B6A
:101F6C0030DC444B1293FFF761F9199A159B944698
:101F7C006344180002004A44D343DB170C921A4006
:101F8C0008926DE501232B40159300D07BE6CB43E3
:101F9C000A00DB171A40089262E50124159B16AA69
:101FAC00E41A2D231F395218137053E64B46002B9D
:101FBC0011D1EB070FD4012308930C9350E5330098
:101FCC002B4DD7E52C4B1293FFF730F92D2316AA86
:101FDC00D3779846C2E7199B581CCBE73A00514679
:101FEC00079801F0F1FE002801D0FEF7E4FDBC6873
:101FFC007B6832AA67E5239B129A9B1A18931F9B46
:10200C0015930CE6129A119B944663441C00F9E458
:10201C000D9B0899181D1B689946002B02DA0123A9
:10202C005B42994653780D905A46FEF773FD16AAFB
:10203C002E23944663441BE616ABDC77FFF73CF883
:10204C0016ABDC77FFF783F816ABDC77FFF735F9C7
:10205C0016ABDC77FFF7B6F84B461193BBE616AB25
:10206C00DC77FEF7F2FD16ABDC77FFF77AF9C046AA
:0C207C0094670110486701104C670110C8
:10208800F0B5150002221E4C1F008B89A54493430E
:102098006A4693814B6E06001993CB8916A8D381A3
:1020A800CB690C0007934B6A09931AAB009304930E
:1020B8008023DB000293059300230693FCF73AFA8A
:1020C8002A003B0069463000FEF79CFC051E0EDA2C
:1020D8006B469B895B0603D54022A3891343A381E2
:1020E8001698FCF729FA2800064B9D44F0BD69466E
:1020F8003000FBF7BBFB0028EAD001256D42E7E77B
:0821080094FBFFFF6C040000D2
:1021100010B50B000349020008688168FEF776FCE1
:0821200010BDC046900700202D
:1021280030B504009BB01800002A2DDB82236D46D1
:102138009B00AB8100910491002A13D00123013A3E
:102148005B4202920592EB8102001E9B69462000C9
:10215800FDF77EF9431C01DA8B2323600023009AE4
:1021680013700CE001235B4202920592EB8102009E
:102178001E9B69462000FDF76BF9431C01DB1BB071
:1021880030BD8B232360FAE78B2301202360404274
:04219800F5E7C04661
:10219C0010B50400054882B00068009313000A00D3
:1021AC002100FFF7BBFF02B010BDC0469007002016
:1021BC00F8B506000D001400002802D0836B002B2C
:1021CC004BD0A369A3600C23E25E91B20B071FD521
:1021DC002369002B1CD0FF20EFB20540802080012A
:1021EC00014226D022686169D31A99422CDD013351
:1021FC00A1680139A160511C2160177062699A4273
:10220C002ED0A389DB0701D50A2D29D02800F8BDD3
:10221C002100300000F052F8002827D1FF20EFB247
:10222C00054080200C23E25E800191B223690142BB
:10223C00D8D10243616EA2810E4A0A40626661697E
:10224C002268D31A9942D2DC21003000FBF70CFB38
:10225C0000280BD122680123CAE7FBF78BFBB0E700
:10226C0021003000FBF700FB0028CFD001256D4288
:08227C00CCE7C046FFDFFFFFC5
:10228400002904D0FF2A04D801200A7070470020D6
:0C229400FCE78A23036001204042F7E7CA
:1022A00070B50500080011000022064C22601A00DB
:1022B000F8F760FF431C00D070BD2368002BFBD0F3
:0822C0002B60F9E7AC89022054
:1022C800334B70B5050018680C00002802D0836BEA
:1022D800002B3DD00C23E25E93B219070DD521697E
:1022E800002915D0DA0722D50023A36063690020EE
:1022F8005B42A361002922D070BDD90640D55B0797
:1023080029D4216908231343A3819BB20029E9D169
:10231800A0228020920080001A408242E2D0210050
:102328002800FCF73FF9A3892169DA07DCD40022E9
:102338009B0700D46269A26000200029DCD10C222E
:10234800A35E1A06D8D540221343A3810138D3E7E8
:10235800FBF712FBBEE7216B00290AD023004033AC
:10236800994204D02800F8F7B1FA0C23E25E002362
:10237800236324239A430023216963602160C1E712
:1023880009232B60402301201A43A2814042B3E76E
:04239800900700208A
:10239C00002370B5064C050008002360F8F776FEA4
:1023AC00431C00D070BD2368002BFBD02B60F9E7D9
:0423BC00AC890220C6
:1023C000F0B5454680465746DE464E464346E0B5A4
:1023D0001B690D6985B00F000020AB4200DA92E066
:1023E00014239C468C446246013DAB000292D618F1
:1023F000142242449146994433680192591C4B4639
:102400001868EEF73BF8041E46D0029A0023924665
:10241000002001994A46A446B1465446BB46AA4606
:1024200006000D001F000392634604CC1004000C4C
:102430005843120C5A43C019030CD2182B680004DD
:102440001904090C8919170C000C1204091A120C32
:102450001B0C9B1A0A149B1809041E14090C1B045C
:10246000194302C5A145DFD2039B4E4699461B681E
:10247000644655465F46002B0ED14B46019A043BFD
:102480009A4204D306E0043B013D9A4202D2196805
:102490000029F8D043461D613900404601F0B0FAEA
:1024A00000282FDB029B01340020A4461900019F65
:1024B0003B6810C91A04120C10182204120C821A5C
:1024C0001B0C200C1B1A10141B1812041814120CCD
:1024D0001B04134308C78E42EAD2019A644694460D
:1024E000AB006344196800290CD1043B9A4204D321
:1024F00006E0043B013D9A4202D219680029F8D057
:1025000043461D61200005B03CBC90469946A2465A
:04251000AB46F0BD29
:10251400F0B557464E46DE464546E0B516001F0068
:10252400016C9DB0040002960397002908D0012392
:10253400426C93404A608B6001F03CF800232364B2
:102544003D1E00DAB8E10023299A13602A00CC4B1F
:102554001A409A4200D1BBE1029E039F002200234D
:1025640030003900EEF726F9002813D00123289A09
:1025740013602A9B002B00D1D4E1C24B2A9A13602A
:10258400013B9A4650461DB03CBC90469946A24633
:10259400AB46F0BD1AAB01931BAB009332003B007A
:1025A400200001F0D7FA2B0D834600D0ADE11A9B31
:1025B40098461B9B43441E00B34BF318202B01DCAD
:1025C40000F096FC4022D31A9D40B04B0298F318B9
:1025D400D8402843F0F7BCFD0123AD4D16934919AB
:1025E400751E0022AB4BF0F7DFF9AB4AAB4BEFF7AC
:1025F40069FFAB4AAB4BEFF73FF8060028000F002A
:10260400F0F76CFDA84AA94BEFF75CFF02000B0042
:1026140030003900EFF730F806000F00F0F728FD1E
:1026240000220690002330003900EEF7C9F8002894
:102634000DD0069B18009946F0F750FD3B00320080
:10264400EEF7B8F8434258414B461B1A0693012350
:10265400069E0A93162E10D89549F300C9180868E7
:102664004968029A039BEEF7BFF8002801D100F0F5
:1026740045FC0023013E06960A9343465D1B002356
:1026840004932B00013B984604D501235B1B049360
:1026940000239846069B002B00DA8AE29C460993A5
:1026A40000239946E044269B092B00D93DE10126ED
:1026B400052B02DD0026043B2693269B032B01D128
:1026C40000F043FD01DC00F0F9FC269B042B01D152
:1026D40000F06EFC01230893269B052B01D000F02B
:1026E400F3FC279A069B944663440B9301330793A8
:1026F4001F1E00DC01270023079D63640021172FA0
:1027040000DC20E1012204335B00180014301100C6
:102714000132B842F8D96164200000F023FF8246F8
:1027240020640E2D00D816E11B9B002B00DA22E258
:10273400069A0E2A00DD1EE25D4BD2009B181A6831
:102744005B6804920593279B002B01DA00F03BFCA5
:10275400029E039F049A059B30003900EFF7A8FA04
:10276400F0F786FC8146F0F7B9FC049A059BEFF775
:10277400A9FE02000B0030003900F0F715F95346AA
:102784005D1C4B46524630331370079B06000F0006
:10279400012B45D00022474BEFF794FE0022002383
:1027A40006000F00EEF706F8002800D069E30222C5
:1027B400079B5244534402931500A1460EE00022A5
:1027C4003C4BEFF77FFE0022002306000F0001358B
:1027D400EDF7F0FF002801D000F0C2FC049A059B3D
:1027E40030003900EFF764FAF0F742FC0400F0F728
:1027F40075FC049A059BEFF765FE02000B003000A0
:102804003900F0F7D1F822006B1E30321A70029BA7
:1028140006000F00A846AB42D1D14B46A1461C008E
:1028240032003B0030003900EEF726FF049A059B86
:1028340006000F00EDF7D8FF00280CD1049A059B81
:1028440030003900EDF7B6FF002800D119E34B46FC
:10285400DB0700D415E36B1E1978504607E0984255
:1028640001D100F002FD023D29781D00013B1A0050
:102874003929F4D082460291029E0136167000E393
:102884000000F07FB567011032040000120400005C
:10289400000010FE0000F83F61436F63A787D23F3A
:1028A400B3C8608B288AC63FFB799F501344D33F3B
:1028B400E0670110000024400123299A7D006D087F
:1028C40013602A00BF4B03951A409A4200D043E696
:1028D400BD4B289A1360029B002B0CD12D030AD107
:1028E4002A9B002B01D100F0ABFDB84B9A4608336C
:1028F4002A9A136046E62A9B002B02D1B44B9A46CF
:1029040040E6B34B9A460333F2E73A03B14D120B58
:102914001543B14A29009D181A9B3000984600239C
:1029240016935EE6AD4B9A462CE601250023012260
:1029340001266D42269308920795279300230021D0
:102944006364079B0B93200000F00CFE8246206416
:102954000E2D00D9E8E6002E00D1E5E6029A039B8D
:10296400069F0E920F93002F00DC52E30F213B00D1
:102974000B40DA009A4B9B181D685E680C950D9607
:102984003D11EB0601D400F008FC964B0D401A6A89
:102994005B6A0E980F99EFF78BF90323109011914E
:1029A4000293002D18D00C980D99230001274C4652
:1029B40099468C4E2F4206D0029B01330293326813
:1029C4007368EFF77FFD6D100836002DF2D14B468A
:1029D400A1461C000C900D910C9A0D9B1098119916
:1029E400EFF766F90C900D910A9B002B09D00C9817
:1029F4000D990022774BEDF7E3FE002801D000F09B
:102A040082FC0298F0F76AFB0C9A0D9BEFF75AFDD3
:102A1400754B0022EEF730FE744B0500CE18079B71
:102A2400002B00D16FE3069B1893079B10930C981F
:102A34000D99F0F71DFB129513960600109D684B37
:102A44006A1ED2009B18303619685A68F3B256468B
:102A540001361491159202931796F0F73FFB02008A
:102A64000B000C980D99EFF79FFF149A159B060025
:102A740008980F00002800D1ADE300205C49EFF76F
:102A840017F9129A139BEFF78FFF6B4652461B7A86
:102A94000C900D91137032003B00EDF7A5FE002859
:102AA40001D000F0BDFC32003B0000204949EFF7A3
:102AB4007BFF0C9A0D9BEDF783FE002801D000F0FC
:102AC400B1FC012D00D178E34A4614924246199292
:102AD4005A46179B554402951294109299460C9CA1
:102AE4000D9DD34612E032003B0000203949EFF738
:102AF4005BFF22002B00EDF763FE002801D000F0FD
:102B040065FC029BD146534500D14EE30022394B6C
:102B140020002900EFF7D6FC0022364B04000D00FC
:102B240030003900EFF7CEFC0F000600F0F7A0FAF2
:102B34008046F0F7D3FA02000B0030003900EFF7BB
:102B440033FF01234B449A4643463033DBB2984665
:102B54004B4642461A7022002B0006000F00EDF788
:102B64002FFE0028BFD0109B5546DA469B46189B83
:102B7400129C069385E1089A002A3DD0269A012AE0
:102B840000DC05E2079B5D1E4B46A94500DAEAE23C
:102B94005D1B079B002B00DA15E39C46049AE04476
:102BA4001700624404920121200000F09DFD0600FC
:102BB40025E0049A069BD21A5B42994600230492AC
:102BC400099370E50000F07F0F270000A46701104F
:102BD400B06701100000F03F01FCFFFFB467011073
:102BE400E0670110B867011000001C400000C0FC41
:102BF4000000E03F000024404D460026049F002FC3
:102C04000DDD4346002B0ADD3B00474500DD92E124
:102C1400049AFF1AD21A04924246D31A98464B4693
:102C2400002B0ED0089B002B05D04B465B1B99460E
:102C3400002D00D081E159464A46200000F01AFEDA
:102C440083460121200000F04FFD099A8146002AA5
:102C540000D037E1269B012B00DC53E101231F2028
:102C64004344184000D12BE120231B1A042B00DC21
:102C7400E0E31C23181A049B3F189C4684446346D3
:102C840080440493049B002B05DD59461A00200060
:102C940000F050FE83464346002B05DD494642467C
:102CA400200000F047FE81460A9B002B7AD1079B47
:102CB400002B00DCF5E1089B002B00D190E0002FF5
:102CC40000DD50E1099B0496002B00D0D0E1079A67
:102CD40053469446013B9C44634608930123029A5D
:102CE4005D461A405346D046CB4607920A9359464E
:102CF4002800FFF763FB03000990303331002800FC
:102D0400029300F07BFE049A07005946200000F06D
:102D14008FFEC3688146002B00D0CEE0010028005E
:102D240000F06CFE82464946200000F043FC524607
:102D3400269B134303D1079B002B00D125E3002FCF
:102D440000DA19E2269B1F4303D1079B002B00D115
:102D540012E243465F1C5346002B00DDA2E26A46A2
:102D64004346127A1A70089B434500D1A9E2002316
:102D740029000A22200000F027FC049B05009E4243
:102D840000D190E0310000230A22200000F01CFC56
:102D9400002306000A220499200000F015FCB8461E
:102DA4000490A4E74946584600F028FE002800DBBA
:102DB4007DE7069B5946013B06930A220023200027
:102DC40000F002FC089B8346002B00D012E30B9B0F
:102DD400002B04DC269B022B00DD35E30B9B0793C1
:102DE400079B5746984623005C46B3464E46994691
:102DF40007E0210000230A22484600F0E5FB2F00EB
:102E0400040031002000FFF7D9FA534630307D1C0E
:102E14003870EB1A4345ECDB4B460027B1465E465F
:102E2400A3461C00029001225946200000F082FDB6
:102E34004946834600F0E2FD6B1E1A78002800DC48
:102E440098E0514606E0994200D182E1023D2A7899
:102E54001D00013B392AF6D08A4601321A704946D0
:102E6400200000F0A7FB002E0BD0002F05D0B742A6
:102E740003D03900200000F09DFB3100200000F059
:102E840099FB5946200000F095FB00232B70069B0C
:102E9400289A013313602A9B002B01D1FFF772FBA0
:102EA4001D60FFF76FFB310000230A22200000F0B1
:102EB4008BFBB8460600049019E701239A4632E7D3
:102EC4001C20D8E60100200000F0D4FC269B81469B
:102ED400012B00DCE0E0002309934B461B6903331C
:102EE4009B004B44586800F0B5FB20231B1AB6E640
:102EF40020220298D31A9840FFF76CFB00230A9310
:102F0400FFF7BBFB029B002B00D0A7E602980399B6
:102F140000220B0309D1DA4B0B4206D0049B013289
:102F24000133049301239C46E044099B0992002B3E
:102F340000D193E6D1E743466AE62A003100200037
:102F440000F098FC5A4601000600200000F0D6FB71
:102F540059460500200000F02DFB4B46AB46002BE4
:102F640000D16EE667E631003A00200000F0E2FC92
:102F74000600A7E6002808D10299C90700D560E732
:102F840003E0023D2A781D00013B302AF9D066E7B0
:102F9400169A002A00D19CE1BA4A94466344049AE2
:102FA400984494469C4463464D4617000493FAE5BE
:102FB40001230893279B002B00DCC0E00B930793AD
:102FC4001F00FFF798FB079B002B01DDFFF7C0FBF9
:102FD40000D0B0E0049805990022AB4BEFF772FAE9
:102FE400029A039BEDF70AFC002300269946002869
:102FF4005FD1534652465D1C31231370069B013347
:1030040006934946200000F0D5FA002E00D034E79C
:1030140037E7069B002B00D16DE10E980F995D42B6
:103024000F239A4A2B40DB00D3181A685B68EFF72A
:1030340049FA2D110C900D91002D00D1ECE10222E2
:1030440000230127924E02922F4207D0029B0133A4
:10305400029332687368EFF735FA01236D1008366E
:10306400002DF1D1002B00D1BEE40C900D91BBE4F6
:103074007168200000F076FA3100050033690C31E4
:103084009A1C92000C30FBF711FE0122290020004B
:1030940000F050FC04901AE6029B002B00D135E7A7
:1030A40019E7269B022B00DC05E6079B002B00D1C9
:1030B40013E1279B5546DB430693A2E700230893BD
:1030C400269B022B00D175E70023002163642000B6
:1030D40000F048FA0023279301330893023B824609
:1030E40020640B930793FFF71FFB0298EFF7F6FF9B
:1030F4000C9A0D9BEFF7E6F9664B0022EEF7BCFA4B
:103104000500654BCE1800220C980D995E4BEFF725
:103114004BFC2A00330002900391EDF765FB002875
:1031240055D18021090673182A0002980399EDF7F6
:1031340047FB002841D0002300269946B9E7012324
:10314400012507932793FFF7F9FB00230893FFF763
:10315400C8FA069B8A460133069331230B707EE638
:1031640045464C468DE6EE1A099BA9469C46B44456
:103174006346002509930CE50A9A53469246424653
:10318400D946AB46551C002B00DDE3E06A464346B6
:10319400127A37001A70049E61E60E9A0F9B109201
:1031A400119302230293FFF7FCFB149BDA46994622
:1031B400199B129C9846109B9B460E9A0F9B029259
:1031C4000393FFF7B1FA049B079A9F1AEBE40023D9
:1031D400002699460DE712981399EFF773F96A469A
:1031E4005346127A0C900D911A70109B179D012B67
:1031F40027D0109B534402934B46C146A0462C0053
:1032040010930022254B30003900EFF75BF90F00D3
:103214000600EFF72DFF0500EFF760FF0B0002003B
:1032240039003000EFF7C0FB3035029B25700134C4
:1032340006000F00A342E4D1109B4446C8469946B9
:10324400029D00220C980D99154BEEF715FA3200E9
:103254003B00EDF7B5FA002800D1A2E0189A6B1EE6
:10326400197806925046FFF702FB069B824601330B
:1032740006933023020003700293FFF7FDFAC04661
:103284000000F07F3304000000001440E0670110E8
:10329400B867011000001C400000C0FC000024407E
:1032A4000000E03F0A9BD9469A46029BAB463D008C
:1032B400392B61D04246029B370001331370049EC0
:1032C400CDE50A9BD9469A46AB463D003700049E9D
:1032D400A9E536231A9A9B1A61E64946052220007D
:1032E40000F072F981460100584600F087FB00287F
:1032F40000DD7EE6DDE60E9A0F9B0C920D93022311
:103304000293FFF771FB079B002B00D1EDE60B9FA7
:10331400002F00DC51E70C980D99069B0022013B1D
:1033240018934B4BEFF7CEF805000E0002980C955E
:103334000D960130EFF7D2FE2A003300EFF7C2F802
:10334400444B0022EEF798F9434B0500CE18109732
:10335400FFF76DFB59460122200000F0EBFA4946C5
:10336400834600F04BFB00283CDD029B392B03D045
:10337400099B3133029309E739234246370013701E
:10338400049E39226B1E514664E50A9BD9469A462F
:103394004346AB465D1C029B392BEDD0002FE7DC86
:1033A400F4E60C9A0D9B00202C49EFF7FDFA32004D
:1033B4003B00EDF719FA002801D1FEE61D006B1E53
:1033C4001A78302AFAD0189B06935AE55546DA46FD
:1033D400109A4B469346189A4146129C06925046C0
:1033E400FFF745FA002800D0D0E6029BDB0700D4A3
:1033F400CCE6BAE7002331000A22200000F0E4F80A
:103404000B9B0600002B01DD079358E4269B022B3F
:103414001ADC0B9B079352E402230293FFF7E4FAAE
:10342400179DD0E7189B179D069302995346504663
:10343400FFF71DFA042B00D124E43C23181A1AE4E4
:10344400074B9A46FFF79EF80B9B07932DE6C04661
:103454000000244000001C400000C0FC0000E03FCD
:04346400A467011048
:10346800F0B5D6464F4646460B78C0B5722B3FD0CE
:10347800772B37D0612B07D01623036000201CBCA4
:1034880090469946A246F0BD822384209B009A4626
:103498000124400080235B02994680231B01984643
:1034A8001C2310279C460326022501310B78002B8C
:1034B8000ED0622B13D0782B0ED02B2BF5D1634670
:1034C800013198430B78B44338432C43002BF0D197
:1034D80053461C431460D2E743461C43E5E74B467A
:1034E8001C43E2E7C023DB009A4601240820D1E709
:0C34F800002300249A460420CCE7C046C4
:10350400002370B5064C050008002360F7F79CFE05
:10351400431C00D070BD2368002BFBD02B60F9E75F
:04352400AC8902204C
:10352800034B1B68586B002800D10248F0307047E5
:0835380090070020C00B0020E9
:1035400070B50500080011000022064C22601A0028
:10355000F7F7E9FE431C00D070BD2368002BFBD0B9
:083560002B60F9E7AC890220A1
:1035680070B50400C06C0D0000280AD0AB00C31869
:10357800186800280FD002681A6000230361C3602E
:1035880070BD212204212000F7F7ECF8E064002840
:10359800ECD10020F4E70126AE40721D9200012113
:1035A8002000F7F7DFF80028F3D045608660E4E7ED
:1035B800002906D04B689A00C36C9B181A680A60E9
:0435C80019607047CF
:1035CC00F8B5CE4647468146080080B50D000C691B
:1035DC001F0000211430036801311E04360C5643C1
:1035EC001B0C5343F619370CDB1936041F0C360C25
:1035FC001B049B1908C08C42EDDC002F08D0AB6873
:10360C00A3420ADD231D9B00EB1801345F602C6183
:10361C0028000CBC90469946F8BD6B684846591C6E
:10362C00FFF79CFF29002B6980469A1C92000C31F5
:10363C000C30FBF737FB6B689A004B46DB6C9B1826
:0C364C001A682A601D604546DCE7C04695
:103658000300020C0020002A01D11B0410301A0EAE
:1036680001D108301B021A0F01D104301B019A0F37
:1036780001D102309B00002B02DB5B0001D5013039
:0836880070472020FCE7C0465A
:1036900003685A0709D00022D90704D49A071ED517
:1036A00001225B0803601000704719040022002902
:1036B00001D11B0C1032FF21194201D108321B0A23
:1036C000190701D104321B09990701D102329B0865
:1036D000D90702D45B0806D001320360E3E79B08F8
:0C36E00003600222DFE72022DDE7C04685
:1036EC0010B50C000121FFF739FF01234461036180
:0436FC0010BDC046F7
:10370000F0B557464E464546DE46E0B514690E69AB
:1037100085B00F001500A64204DA3300170026001A
:103720000D001C0033199846BB687968434500DAE0
:103730000131FFF719FF14220300944663449A46AF
:1037400043469B0019005144029003918A4504D2DC
:103750005346002204C39942FCD83B0014339C46D4
:1037600001931423B2006244A4009C462300AC449D
:10377000634400939C4562D2914608E0240C32D108
:1037800004239B46009BDC44DA44634557D96346D7
:103790001C682604360CF1D0554600224C46019F89
:1037A00002CF28680B041B0C73430004000C1B1889
:1037B000994691442A680B0C100C4A4649467343BB
:1037C000120C1B189B1809041A0C090C1B040B4340
:1037D000AB4608C5BC42E3D85B465A606346A14687
:1037E0001C68240CCCD0534600221B684946504626
:1037F0001E009146019D2A88360C624392194A4464
:103800001B0416041B0C33434668036037043F0C4B
:10381000B94608CD120C1B0C63434B449B181A0C81
:10382000834691460430A942E5D85F467B60042375
:103830009B46009BDC448946DA446345A7D843464F
:10384000002B0EDD039B043B1A68002A09D1424677
:1038500003E0043B1968002902D1013A002AF8D19B
:103860009046029B424618001A6105B03CBC904647
:083870009946A246AB46F0BDEB
:10387800F8B54746CE46032380B5884607001400AE
:1038880013403AD1A410464626D0BD6C002D3DD039
:10389800012346469846002399464346234208D1C9
:1038A800641019D0286800281BD00500434623421D
:1038B800F6D02A0031003800FFF71EFF002E1AD07C
:1038C800FA6C736894469B0063441A68641032600B
:1038D8001E600600002CE5D130000CBC90469946CD
:1038E800F8BD2A0029003800FFF706FF4B4628607C
:1038F80003600500DAE70600D2E70B4A013B9B00AC
:103908009A580023FFF75EFE8046BBE70121380086
:10391800FFF726FE054B05004361012303610023E1
:10392800B8640360B4E7C046A868011071020000DB
:10393800F0B5DE4657464E464546E0B50D002B69C4
:1039480056119B46B3445B465C1CAB6883B0019040
:10395800170049689C4203DD01315B009C42FBDC97
:103968000198FFF7FDFD030084461433002E06DDA1
:103978000022B100591804C39942FCD10B002969EF
:103988002A008E001F2114323940961989460029D1
:1039980029D020214846091A884600271900484698
:1039A80013688A4683403B4308C1434680CADF40C8
:1039B8009642F4D853465F60002F01D05C4602342B
:1039C80063466046013C1C616B689A00019BDB6C96
:1039D8009B181A682A601D6003B03CBC9046994643
:1039E800A246AB46F0BD02CA02C39642E8D902CA53
:0839F80002C39642F7D8E3E791
:103A00000A69036930B50500981A12D1920014357D
:103A10001431AB18891801E09D420AD2043B0439E5
:103A20001C680A689442F7D094428041012398436D
:043A3000013030BD74
:103A3400F8B5454657464E461400DE46E0B50E003E
:103A4400250013690A698846D71A14361435002FDD
:103A540016D19B00F218EB1802E0B24200D86FE0D6
:103A6400043A1168043B8C4619688C45F5D00AD297
:103A740033002E001D0043460127A0461C0002E02F
:103A8400002FF5DB002743465968FFF76BFD4346DB
:103A940081461B69C7609C469800236982469B0047
:103AA40098464F46B244A8441437002000E026004C
:103AB40004CD34009346594608CC09041A04120C68
:103AC4001218090C521A190C5B461B0CCB1A111450
:103AD4005B1812041814120C1B04391D13433B60A9
:103AE4000F00A845E3D8A24515D908CC1A04120C36
:103AF400121815141B0C5B1912041814120C1B0455
:103B0400134308C7A245F0D85246961B053EB60893
:103B14000136B60089190439002B07D101235B4211
:103B2400984604390B68C444002BF7D04B466246D0
:103B34001A6148463CBC90469946A246AB46F8BD3D
:103B44000021FFF70FFD0123036100238146436138
:043B5400EFE7C04691
:103B5800F0B501211C0083B01500089FFFF700FD98
:103B68002303640006001B0B640D02D0802252035D
:103B780013430193002D19D068460095FFF784FD83
:103B8800002830D1009B019D7361B5616B1E9D417A
:103B980001353561002C14D0194B9C4635236444FB
:103BA8002418181A099B3C60186019E001A8FFF74F
:103BB8006BFD019B20307361012301253361002CCB
:103BC800EAD1104B9C46104B6044EB189B00F3184D
:103BD80038605869FFF73CFD6D01099B281A186089
:103BE800300003B0F0BD019D20232A001B1A9A4023
:103BF8001300C540009A019513437361C5E7C04699
:0C3C0800CDFBFFFFCEFBFFFFFFFFFF3FE7
:103C140070B50500080011000022064C22601A004D
:103C2400F7F716FB431C00D070BD2368002BFBD0B4
:083C34002B60F9E7AC890220C6
:103C3C00F0B557464E46DE464546E0B5936883B030
:103C4C0001900E009246002B6CD0136808688D68AA
:103C5C001F0044E09022B389D20013422ED0316968
:103C6C00421A9346706942001218D00F8218601CD9
:103C7C00521058449046904201D980460200802050
:103C8C00C000034237D011000198F6F7D3FD051E92
:103C9C0053D05A463169FBF705F8B389294A1340CA
:103CAC0080221343B381434628005A463561A0460F
:103CBC002500584473619B1A3060B36042464946F4
:103CCC00FBF734F8B3685D1B3368B560434433606D
:103CDC00180053469B681C1B53469C6022D03B68C3
:103CEC007C6899460837A846002CF8D0AC42B1D273
:103CFC002500A046E2E70198F6F708FD051ED2D193
:103D0C00019C31692000F6F7DFFD0C232360402273
:103D1C00B38901201343B381524600234042936080
:103D2C00536003E0002352460020536003B03CBCB8
:103D3C0090469946A246AB46F0BD0C23019A1360FF
:083D4C00E5E7C0467FFBFFFF25
:103D5400F8B54E464546DE4657464B6EE0B58046BE
:103D64000E0091469B0430D513689A469368002B45
:103D740029D05246146852689346970818D00025F3
:103D840003E001350434AF4210D0320021684046CC
:103D940000F072F8431CF4D14A4600239360536048
:103DA4003CBC90469946A246AB46F8BD4B469B6840
:103DB4005A4603218A439B1A4A4693600822944632
:103DC400E244002BD5D10020E6E7FAF7BDF9E3E79A
:103DD400936810B5002B02D0FFF7BAFF10BD5360F3
:043DE4000020FBE7D9
:103DE800F0B5CE46474680B583B081468846140074
:103DF800FAF792FB012803D14346013BFE2B2ED94B
:103E0800230001AF5C3342463900484600F060F8B1
:103E18000600431C29D000281FD03978002507E068
:103E280023685A1C226019700135B54215D2795D94
:103E3800A368013BA360002BF2DAA269934201DB7D
:103E48000A29EDD122004846FEF7B4F9431CEBD10C
:103E580003B00CBC90469946F0BD4046F8E743468F
:103E680001AFD9B239700126D8E74022A38913439C
:043E7800A381EDE74E
:103E7C0070B514000C23D25E636E0E00050091B277
:103E8C00DB0701D48B051AD580239B01194204D181
:103E9C001A43A281626E134363662800220031002C
:103EAC00FFF79CFF636E0500DB0702D4A3899B051B
:103EBC0001D5280070BDA06DFAF740FBF9E7A06DA5
:0C3ECC00FAF73AFB0C23E25E91B2DDE74E
:103ED80070B51D00124B84B01B6804005B6B002991
:103EE8000CD0002B08D0E0201E582B002000B04733
:103EF800431C0ED004B070BD0A4BF4E7002B0DD064
:103F0800E02201A99E5820002B000022B047431C44
:103F1800F0D100232B608A332360EBE7014BEFE7F6
:083F280090070020C00B0020EF
:103F300058220120014B40421A607047AC89022090
:103F400058220120014B40421A607047AC89022080
:103F5000AA500050AAF100F1AAFEEE10AAF200F257
:103F6000AAFEFF01020000000300000004000000A0
:103F70000500000006000000070000000800000027
:103F8000090000000E00000000000000000000001A
:103F90000000000000000000000000000000000021
:103FA0000000000000000000000000000000000011
:103FB0000000000000000000000000000000000001
:103FC00005000000E803000005000000AC2600200A
:103FD00010000000000000000000000000000000D1
:103FE00000000000000000000000000000000000D1
:103FF00000000000000000000000000000000000C1
:1040000000000000000000000000000000000000B0
:104010000000000000100000084801104448011092
:10402000CD760010AD7600102C4801100400000081
:10403000DE4501100B000000F80802201C00000003
:104040000A0D0010460C00106A0C0010080C00103D
:104050006A0C0010E60C00106A0C0010080C00102E
:10406000460C0010460C0010E60C0010080C001066
:104070003C0D00103C0D00103C0D0010F20C001027
:10408000460C0010460C00106A0C0010060C0010C4
:104090006A0C0010E60C00106A0C0010060C0010F0
:1040A000460C0010460C0010E60C0010060C001028
:1040B0003C0D00103C0D00103C0D0010F00C0010E9
:1040C00034100010DE0F0010DE0F00100C11001075
:1040D000DA0F0010DA0F0010021100100C1100109E
:1040E000DA0F001002110010DA0F00100C1100108E
:1040F00010110010101100101011001018110010F4
:10410000581F0010CA1D00100E1E0010721D001056
:104110000E1E0010FE1E00100E1E0010721D00105C
:10412000CA1D0010CA1D0010FE1E0010721D0010D6
:104130006A1D00106A1D00106A1D00100C1F00107F
:10414000802600108225001082250010A028001073
:104150007C2500107C25001088280010A028001065
:104160007C250010882800107C250010A028001055
:10417000962800109628001096280010A4280010F9
:0C418000FD3E00105F3900105D3900109A
:10418C000000000000000000F93A0010853B001010
:10419C0083390010D9390010853C0010953D001072
:1041AC00FD3C0010653E001089390010F5390010F7
:0441BC00953A001020
:1041C0005261737062657272795069205069636FD1
:0141D00000EE
:1041D4000000000000000000D13F0010ED3F00107F
:1041E4006D990010FD8E0010A58B0010A98C001095
:1041F400219A0010AF870010B1870010A59C001011
:10420400F99C00103D880010E140001005420010A8
:104214000D880010C93F0010B1410010DD410010AD
:10422400258800106D410010853F0010893F001063
:104234008B3F00108D3F0010A93F00100540001077
:104244004940001085400010B1400010BF430010E9
:08425400C7430010CF43001026
:10425C001003410072006400750069006E006F006D
:10426C000000000000000000214600103546001040
:08427C00D94A00102D85001045
:104284000000000000000000494600105D460010D8
:084294001F4C00102D850010E5
:10429C000000000000000000F94500100D46001061
:0842AC00DD4300102D85001018
:0C42B400B14D00105F3900105D390010A2
:0742C000802500000000084A
:0442C800FFFFFFFFF6
:0E42CC005F72785F73697A65203D3D20300097
:1042DA005F74785F6C6973742E656D7074792829C0
:1042EA00005F72785F6C6973742E656D70747928DB
:0242FA00290099
:1042FC00433A5C55736572735C6B616C69625C41CB
:10430C007070446174615C4C6F63616C5C4172648D
:10431C0075696E6F31355C7061636B616765735C79
:10432C0061726475696E6F5C6861726477617265E5
:10433C005C6D6265645F7270323034305C342E3682
:10434C002E305C636F7265735C61726475696E6F3D
:10435C005C5553425C5553424344432E637070008A
:10436C007265736F6C7665722E76616C6964282940
:01437C000040
:104380000000000000000000A5450010D945001005
:10439000F9430010134900102B490010E5460010A6
:1043A000054D0010EF45001071460010E543001068
:1043B000EB43001001490010F1430010D7430010F7
:0843C000D9430010DB4300109B
:1043C8001603430044004300200044004500560003
:0643D8004900430045000E
:0C43E000255300105F3900105D390010FB
:0C43EC00155300105F3900105D390010FF
:0743F8005553426576740085
:1043FF00433A5C55736572735C6B616C69625C41C7
:10440F007070446174615C4C6F63616C5C41726489
:10441F0075696E6F31355C7061636B616765735C75
:10442F0061726475696E6F5C6861726477617265E1
:10443F005C6D6265645F7270323034305C342E367E
:10444F002E305C636F7265735C61726475696E6F39
:10445F002F6D6265642F706C6174666F726D2F695A
:10446F006E636C7564652F706C6174666F726D2FFF
:10447F0043616C6C6261636B2E6800626F6F6C28B6
:07448F002A7468697329001B
:10449800000000000000000041500010C55000104E
:1044A800F9430010134900102B490010E54600108D
:1044B800054D0010EF45001071460010E54300104F
:1044C800EB43001001490010F1430010E14E0010C9
:1044D80069510010DB430010754E0010A94E001002
:1044E80035520010E54D0010054E00104D3C0010EF
:1044F800B13C00103D3D0010094E0010C53A0010B7
:104508003D3B00100D4E0010D8FEFFFF00000000DC
:1045180095500010F55000100FA50010D9A40010F8
:1045280041A50010D5A40010D5A40010D5A40010F2
:1045380045A5001049A5001045A50010B94D00106B
:10454800BF4D0010C94D0010CD4D0010D34D0010C7
:10455800D94D0010DD4D0010914E0010C94E0010CD
:10456800DF4D0010E14D0010D4FEFFFF00000000F9
:10457800AD500010DD500010C0FEFFFF000000002D
:10458800E33A00106F3B0010833900100B4E001007
:104598006D3C00107F3D0010E53C0010F552001006
:0C45A800EF4D0010074E00101D4E0010DB
:0C45B40000000000000000008753001011
:0B45C0005254582056352E352E330083
:1045CB007274785F74696D6572007274785F696478
:1045DB006C650073696E676C65746F6E5F6D757477
:1045EB006578004E6F7420616C6C6F776564206921
:1045FB006E2049535220636F6E7465787400537943
:10460B007374656D206973206F7574206F66206DF0
:10461B00656D6F727900506172616D6574657220A2
:10462B006572726F72005265736F75726365206E7F
:10463B006F7420617661696C61626C65004F7065A7
:10464B00726174696F6E206E6F7420636F6D706C26
:10465B00657465642077697468696E207468652079
:10466B0074696D656F757420706572696F64005540
:10467B006E7370656369666965642052544F53208D
:10468B006572726F7200666C6173685F6F666673DA
:10469B00202B20636F756E74203C3D205049434F97
:1046AB005F464C4153485F53495A455F4259544505
:1046BB0053002E2F6D6265642D6F732F74617267BB
:1046CB006574732F5441524745545F5241535042C6
:1046DB004552525950492F5441524745545F5250FD
:1046EB00323034302F7069636F2D73646B2F72709F
:1046FB00325F636F6D6D6F6E2F686172647761727D
:10470B00655F666C6173682F666C6173682E6300FE
:10471B00636F6E6E6563745F696E7465726E616CE8
:10472B005F666C61736820262620666C6173685F18
:10473B00657869745F78697020262620666C6173D2
:10474B00685F72616E67655F6572617365202626AF
:10475B0020666C6173685F666C7573685F63616319
:10476B00686500636F6E6E6563745F696E74657206
:10477B006E616C5F666C61736820262620666C61C7
:10478B0073685F657869745F786970202626206688
:10479B006C6173685F72616E67655F70726F677271
:1047AB00616D20262620666C6173685F666C75737D
:1047BB00685F636163686500636F6E6E6563745FEA
:1047CB00696E7465726E616C5F666C6173682026CE
:1047DB002620666C6173685F657869745F786970B1
:1047EB0020262620666C6173685F666C7573685F44
:0647FB00636163686500C4
:0448040000000000B0
:10480800D545011000000000B42700204400000036
:10481800B8110020000200000100000001000000A3
:04482800000000008C
:10482C000000000000000000EC2600203400000016
:08483C002027002050000000BD
:10484400CB45011000000000702700204400000048
:10485400B81300200003000028000000010000003D
:044864000000000050
:104868006D616C6C6F635F6D7574657800656E76ED
:074878005F6D7574657800A7
:10487F006D61696E00507265206D61696E2074689C
:10488F0072656164206E6F74206372656174656414
:10489F00004661696C656420746F20737461727473
:0648AF002052544F53009B
:0848B500556E6B6E6F776E000B
:1048BD00434D5349532D52544F53206572726F72AD
:1048CD003A20537461636B206F766572666C6F77F7
:1048DD0000434D5349532D52544F53206572726FFF
:1048ED00723A20495352205175657565206F766572
:1048FD0072666C6F7700434D5349532D52544F538D
:10490D00206572726F723A20557365722054696D0D
:10491D0065722043616C6C6261636B2051756575C6
:10492D0065206F766572666C6F7700434D53495302
:10493D002D52544F53206572726F723A2053544466
:10494D0020432F432B2B206C696272617279206C8E
:10495D0069627370616365206E6F74206176616941
:10496D006C61626C6500434D5349532D52544F5346
:10497D00206572726F723A2053544420432F432B9B
:10498D002B206C696272617279206D757465782067
:10499D00696E697469616C697A6174696F6E20669C
:1049AD0061696C656400434D5349532D52544F5307
:1049BD00206572726F723A20556E6B6E6F776E0056
:1049D000EE45011009460110214601103146011033
:0849E000484601107A4601105F
:1049E8002E2F6D6265642D6F732F706C6174666F06
:1049F800726D2F696E636C7564652F706C61746677
:104A08006F726D2F53696E676C65746F6E50747238
:104A18002E680070203D3D207265696E7465727065
:104A28007265745F636173743C54202A3E28265F64
:064A3800646174612900B5
:104A3E002E2F6D6265642D6F732F647269766572A9
:104A4E00732F736F757263652F53657269616C4254
:104A5E006173652E637070005F7374617469635F58
:0F4A6E0070696E6D6170203D3D204E554C4C00BF
:104A80000000000000000000097C0010097C0010FC
:084A9000B58000102581001023
:104A98000000000000000000097C0010097C0010E4
:104AA800E98200100D830010318300108983001003
:104AB8004B82001057820010638200106B82001036
:104AC800B1820010CD820010738200108CFFFFFFAE
:104AD80000000000FD82001021830010B183001047
:104AE80079830010518200106F82001047820010F5
:104AF80067820010E17A0010EF7A00105D820010E2
:104B0800B94D0010BF4D0010C94D0010BD820010F6
:0C4B1800D9820010A1820010DD4D0010B9
:104B24002E2F6D6265642D6F732F647269766572C2
:104B3400732F7573622F736F757263652F41737969
:104B44006E634F702E637070005F77616974203DEF
:074B54003D204E554C4C00C2
:0E4B5B005F6C697374203D3D204E554C4C003C
:104B6C000000000000000000000000000000000039
:084B7C00815300102D8500108B
:104B84002E2F6D6265642D6F732F64726976657262
:104B9400732F7573622F736F757263652F5553424C
:104BA4004465766963652E637070005F6C6F636B38
:074BB4006564203E20300083
:104BBB00446576696365207374617465206973203D
:104BCB0022506F776572656422206F7220224465D4
:084BDB00746163686564220047
:104BE30054686520656E64706F696E742069732004
:0F4BF3006E6F7420696E64657861626C652E0068
:104C02005F7472616E736665722E757365725F632F
:104C1200616C6C6261636B203D3D2052657175650C
:0B4C2200737458666572446F6E650085
:104C2D0054686520737461636B20697320776169C3
:104C3D0074696E67206F6E206120757365722063D5
:104C4D00616C6C6261636B20666F722074686520A5
:104C5D0062756666657220746F2066696C6C206F74
:0A4C6D0072207374617475732E00D9
:104C77005F7472616E736665722E757365725F63BA
:104C8700616C6C6261636B203D3D20536574436FBB
:0C4C97006E66696775726174696F6E006B
:104CA3005F7472616E736665722E757365725F638E
:104CB300616C6C6261636B203D3D20536574496E8A
:084CC30074657266616365000F
:104CCB005F7472616E736665722E757365725F6366
:104CDB00616C6C6261636B203D3D20526571756543
:034CEB00737400DF
:0E4CEE0021636F6E6669677572656428290020
:104CFC005468652073697A65206F66207468652036
:104D0C006461746120746F20726561642069732022
:104D1C006C657373207468616E20746865206D61B6
:104D2C0078207061636B65742073697A6520666F97
:104D3C0072207468697320656E64706F696E742E6E
:014D4C000066
:104D4D0054686520656E64706F696E742069732098
:104D5D006E6F7420696E64657861626C650053696D
:104D6D007A65206265696E67207772697474656E05
:0F4D7D0020697320746F6F206C617267652E0060
:104D8C002128696E666F2D3E666C61677320262044
:104D9C00454E44504F494E545F454E41424C45445C
:104DAC0029006D61785F7061636B65745F73697AFC
:0A4DBC0065203C3D20313032340008
:0E4DC600215F696E697469616C697A656400C9
:104DD40000000000000000000000000000000000CF
:104DE4006D990010FD8E0010A58B0010A98C001089
:104DF400219A0010AF870010B1870010A59C001005
:104E0400F99C00103D880010BD87001081530010EC
:104E14000D88001015880010358800101D880010BA
:104E2400258800102D880010853F0010893F001050
:104E34008B3F0010AD870010815300108153001088
:104E44008153001081530010815300108188001099
:084E5400AD8800105D8800101C
:044E5C00040309043E
:104E600016033000310032003300340035003600C4
:064E700037003800390094
:104E7600160355005300420020004400450056002A
:064E860049004300450055
:084E8C00080355005300420029
:104E940012036D006200650064002E006F00720052
:024EA4006700A5
:064EA6000603300031009C
:104EAC002E2F6D6265642D6F732F68616C2F736F7D
:104EBC00757263652F6D6265645F63726974696393
:104ECC00616C5F73656374696F6E5F6170692E638B
:104EDC0000216172655F696E7465727275707473AE
:0B4EEC005F656E61626C656428290040
:104EF70070696E6D6170206E6F7420666F756E6479
:104F070020666F72207065726970686572616C00E7
:104F17002E2F6D6265642D6F732F68616C2F736F11
:104F2700757263652F6D6265645F7469636B657223
:104F37005F6170692E63006D617463685F74696394
:104F47006B20213D2071756575652D3E7469636B16
:0B4F57005F6C6173745F726561640041
:104F62005469636B6572206672657175656E6379EB
:104F7200206973207A65726F005469636B657220D1
:104F82006E756D626572206F662062697420697346
:104F92002067726561746572207468616E203332B5
:104FA200206F72206C657373207468616E203420E8
:054FB200626974730048
:084FB800C04F01108011002020
:104FC00031A2001099D5001001D600100BD60010A8
:104FD000A5D50010F9D500101DA2001079D500103C
:044FE00000000000CD
:084FE40064656661756C7400E0
:104FEC000000000000000000DDA2001049A300102A
:104FFC0000000000000000000000000000000000A5
:10500C008153001081530010815300108153001004
:10501C0047820010D9A30010E17A0010EF7A00103B
:10502C00DDA30010B94D0010BF4D0010C94D00108C
:10503C00CD4D0010D34D0010D94D0010DD4D00109A
:10504C002F002E2F6D6265642D6F732F706C617441
:10505C00666F726D2F736F757263652F46696C6521
:10506C00506174682E637070006C656E20213D2059
:02507C00300002
:10507E00772B0053747265616D206F626A206661D2
:06508E00696C75726500FB
:10509400000000000000000000000000000000000C
:1050A400815300108153001081530010815300106C
:1050B40047820010D9A30010E17A0010EF7A0010A3
:1050C400DDA30010B94D0010BF4D0010C94D0010F4
:1050D400CD4D0010D34D0010D94D0010DD4D001002
:1050E400FCFFFFFF000000000000000000000000C3
:1050F40000000000000000000000000000000000AC
:105104000FA50010D9A4001041A50010D5A40010CB
:10511400D5A40010D5A4001045A5001049A5001081
:1051240045A50010B94D0010BF4D0010C94D001029
:10513400CD4D0010D34D0010D94D0010DD4D0010A1
:105144008153001081530010DF4D0010E14D001019
:10515400FCFFFFFF00000000000000000000000052
:105164000A52252D34643A202530386C58000A53ED
:10517400502020203A202530386C580A4C522020E8
:10518400203A202530386C580A50432020203A20F9
:105194002530386C580A78505352203A202530383C
:1051A4006C580A50535020203A202530386C580A45
:1051B4004D535020203A202530386C58000A435073
:1051C4005549443A202530386C58000A4D6F6465BF
:1051D400203A20546872656164000A50726976202E
:1051E4003A2055736572000A50726976203A20504D
:1051F400726976696C65676564000A4D6F64652041
:105204003A2048616E646C6572000A537461636B82
:105214003A20505350000A537461636B3A204D5343
:02522400500038
:105226000A2B2B204D6265644F53204661756C74C2
:105236002048616E646C6572202B2B0A0A466175E4
:105246006C74547970653A20004D656D4D616E61E0
:1052560067654661756C74004275734661756C745A
:105266000055736167654661756C740048617264C8
:105276004661756C74000A0A436F6E746578743AF9
:10528600000A0A2D2D204D6265644F532046617534
:105296006C742048616E646C6572202D2D0A0A00BC
:1052A6004661756C7420657863657074696F6E000D
:0552B6002E2E2E0A005F
:1052BB002E2F6D6265642D6F732F706C6174666F2A
:1052CB00726D2F736F757263652F6D6265645F63AB
:1052DB007269746963616C2E6300637269746963CC
:1052EB00616C5F73656374696F6E5F7265656E7415
:1052FB0072616E63795F636F756E746572203C20AB
:0B530B0055494E5433325F4D415800AD
:105316003C756E6E616D65643E00203C68616E642E
:105326006C65723E000A0A2B2B204D6265644F5352
:10533600204572726F7220496E666F202B2B0A45CC
:1053460072726F72205374617475733A20307825C7
:105356005820436F64653A202564204D6F64756C50
:10536600653A2025640A4572726F72204D65737323
:105376006167653A20004B65726E656C20457272F6
:105386006F723A203078256C582C2000546872656C
:1053960061643A203078256C582C20004D75746570
:1053A600783A203078256C582C200053656D617052
:1053B600686F72653A203078256C582C20004D6550
:1053C6006D6F7279506F6F6C3A203078256C582C5F
:1053D60020004576656E74466C6167733A203078B6
:1053E600256C582C200054696D65723A203078255A
:1053F6006C582C20004D6573736167655175657532
:10540600653A203078256C582C20004173736572FC
:1054160074696F6E206661696C65643A20000A4C97
:105426006F636174696F6E3A203078256C58000A94
:1054360046696C653A20002B2564000A4572726F36
:10544600722056616C75653A203078256C58000AD2
:1054560043757272656E74205468726561643A2091
:10546600257325732049643A203078256C582045E9
:105476006E7472793A203078256C582053746163C3
:105486006B53697A653A203078256C5820537461DD
:10549600636B4D656D3A203078256C582053503A31
:1054A600203078256C5820000A466F72206D6F7286
:1054B6006520696E666F2C2076697369743A206878
:1054C600747470733A2F2F6D6265642E636F6D2F3F
:1054D600732F6572726F723F6572726F723D3078AC
:1054E60025303858266F737665723D256C642663C1
:1054F6006F72653D30782530386C5826636F6D7055
:105506003D2564267665723D256C75267467743D67
:105516005241535042455252595F50495F50494398
:105526004F000A2D2D204D6265644F53204572723F
:0C5536006F7220496E666F202D2D0A0058
:105542002E2F6D6265642D6F732F706C6174666FA0
:10555200726D2F736F757263652F6D6265645F7212
:10556200657461726765742E637070002867756177
:1055720072642026204358415F47554152445F4D93
:0A55820041534B29203D3D2030002D
:10558C002867756172642026204358415F47554156
:10559C0052445F4D41534B29203D3D204358415FC0
:1055AC0047554152445F494E49545F494E5F5052F2
:0755BC004F47524553530015
:1055C3004572726F72202D2077726974696E67203D
:1055D300746F20612066696C6520696E20616E209E
:1055E300495352206F7220637269746963616C203E
:0C55F30073656374696F6E0D0A000D0093
:1055FF004572726F72202D2072656164696E67202B
:10560F0066726F6D20612066696C6520696E20611E
:10561F006E20495352206F722063726974696361FF
:0C562F006C2073656374696F6E0D0A00D7
:10563B004F70657261746F72206E6577206F757431
:0D564B00206F66206D656D6F72790D0A008D
:10565800000000000000000055AE0010F1B300107B
:10566800D5AE001085AE001041AE001051AE00104E
:10567800478200104DAE0010E17A0010EF7A00105A
:1056880047AE0010B94D0010BF4D0010C94D0010B5
:10569800CD4D0010D34D0010A5AE0010DD4D00100B
:1056A800FFFFFFFF00000000FFFFFFFF01000000F9
:0856B800FFFFFFFF00000000EE
:0856C0002F737464657272001F
:0756C8002F737464696E008A
:0856CF002F7374646F75740001
:1056D7002E2F6D6265642D6F732F706C6174666F0A
:1056E700726D2F736F757263652F6D6265645F737B
:1056F700746174732E6300737461747320213D2089
:055707004E554C4C0062
:10570C002E2F6D6265642D6F732F72746F732F73F0
:10571C006F757263652F4576656E74466C61677341
:09572C002E637070005F696400D7
:105735006170706C69636174696F6E5F756E6E61BF
:105745006D65645F6576656E745F666C6167730031
:105755006170706C69636174696F6E5F756E6E619F
:105765006D65645F6D75746578002E2F6D62656477
:105775002D6F732F72746F732F736F757263652F2F
:105785004D757465782E637070005F6964207C7C4C
:10579500206D6265645F6765745F6572726F725FC5
:0E57A500696E5F70726F6772657373282900FA
:1057B3004D75746578206C6F636B206661696C65E9
:0257C300640080
:1057C5004D7574657820756E6C6F636B20666169C5
:0457D5006C6564009B
:1057D9002E2F6D6265642D6F732F72746F732F7323
:1057E9006F757263652F53656D6170686F72652E91
:1057F900637070005F696420213D206E756C6C7068
:03580900747200B6
:10580C0053656D6170686F72652061637175697243
:09581C0065206661696C65640099
:105825002E2F6D6265642D6F732F72746F732F73D6
:105835006F757263652F5468697354687265616426
:105845002E6370700028666C616773203D3D206F84
:1058550073466C6167734572726F7254696D656FDB
:1058650075742026262072656C5F74696D6520212C
:105875003D20776169745F666F725F7533325F666D
:105885006F726576657229207C7C2028666C61675D
:1058950073203D3D206F73466C6167734572726F6F
:1058A500725265736F757263652026262072656C6A
:1058B5005F74696D65203D3D2072656C5F74696D2F
:0A58C500652E7A65726F282929000C
:0F58CF00737461747573203D3D206F734F4B00F0
:1058DE006170706C69636174696F6E5F756E6E6115
:0B58EE006D65645F74687265616400A2
:1058FC00000000000000000079B90010BDB90010D4
:10590C000100000000000000004003400500000002
:10591C0001000000008003400900000001000000AD
:10592C00008003400D000000000000000040034018
:10593C0011000000000000000040034015000000B2
:10594C00010000000080034019000000010000006D
:10595C00008003401D0000000000000000400340D8
:0C596C00FFFF0000FFFFFFFF0000000035
:105978000000000000000000004003400400000098
:105988000100000000800340080000000100000042
:10599800008003400C0000000000000000400340AD
:1059A8001000000000000000004003401400000048
:1059B8000100000000800340180000000100000002
:1059C800008003401C00000000000000004003406D
:0C59D800FFFF0000FFFFFFFF00000000C9
:1059E4000000000000000000D1BA00107DBC0010CF
:1059F40011BE0010CDBD0010D3BA0010D9BA0010EA
:105A04008DBC0010FDBA0010FDBA001001BB0010DF
:105A140011BB001021BB001025BB001035BB0010CA
:105A24003DBB0010B1BC001041BB0010C9BC00104C
:105A3400F5BC00106DBB00108DBB001001BC001044
:105A440005BC001021BC00103DBC001035BD001089
:0C5A540071BD001001BC001091BE0010DC
:105A6000800E00003F0100003F0100003F010000E8
:105A70003F0100003F0100003F0100003F01000026
:105A80003F0100003F0100003F0100003F01000016
:105A90003F0100003F0100003F0100003F01000006
:045AA0003F010000C2
:105AA4002E2F6D6265642D6F732F74617267657438
:105AB400732F5441524745545F524153504245520B
:105AC400525950492F5441524745545F5250323035
:105AD40034302F6770696F5F6170692E63006F6285
:105AE4006A2D3E70696E20213D202850696E4E61FA
:065AF4006D65294E430020
:105AFA0068775F69735F636C61696D656428626961
:105B0A0074732C206269745F696E64657829002E4B
:105B1A002F6D6265642D6F732F746172676574737C
:105B2A002F5441524745545F5241535042455252B5
:105B3A005950492F5441524745545F5250323034DC
:105B4A00302F7069636F2D73646B2F7270325F63CD
:105B5A006F6D6D6F6E2F68617264776172655F63D6
:0D5B6A006C61696D2F636C61696D2E6300C5
:0F5B770068775F636C61696D5F636C6561720075
:105B86007372635F66726571203E3D206672657151
:105B9600002E2F6D6265642D6F732F7461726765B9
:105BA60074732F5441524745545F524153504245F6
:105BB60052525950492F5441524745545F52503220
:105BC6003034302F7069636F2D73646B2F727032AF
:105BD6005F636F6D6D6F6E2F68617264776172655A
:105BE6005F636C6F636B732F636C6F636B732E6392
:015BF60000AE
:105BF700636C6F636B5F636F6E6669677572650071
:105C0700666C6173685F72616E67655F6572617309
:025C1700650026
:105C1900666C6173685F72616E67655F70726F67EA
:045C290072616D0037
:0D5C2D00666C6173685F646F5F636D640097
:105C3A0030783163203D3D20282A696E7374293EED
:105C4A003E313175002E2F6D6265642D6F732F748E
:105C5A006172676574732F5441524745545F5241CC
:105C6A005350424552525950492F54415247455474
:105C7A005F5250323034302F7069636F2D73646B0A
:105C8A002F7270325F636F6D6D6F6E2F6861726411
:0F5C9A00776172655F6972712F6972712E630095
:105CA900212864656C7461203E3E203131752900DC
:105CB90063757272656E74203D3D205F5F756E6815
:105CC900616E646C65645F757365725F697271207A
:105CD9007C7C2063757272656E74203D3D2068611D
:065CE9006E646C657200A0
:105CEF0021657863657074696F6E207C7C206578A0
:105CFF0063657074696F6E203D3D206E756D202B4E
:0A5D0F002031360066616C736500F8
:105D190069735F7368617265645F6972715F7261EB
:105D2900775F68616E646C657228736C6F745F6805
:105D3900616E646C65722900657863657074696F5A
:085D49006E00666F756E6400C8
:105D51006972715F7365745F6578636C7573697679
:0A5D6100655F68616E646C65720096
:0C5D6B006D616B655F6272616E636800C1
:105D7700696E736572745F6272616E63685F616E8C
:075D8700645F6C696E6B00A4
:0F5D8E007265736F6C76655F6272616E63680039
:105D9D006972715F72656D6F76655F68616E646C57
:035DAD006572001C
:105DB0006972715F6164645F7461696C5F746F5F65
:0A5DC000667265655F6C697374001C
:105DCA006662646976203E3D2031362026262066AA
:105DDA0062646976203C3D20333230002E2F6D629A
:105DEA0065642D6F732F746172676574732F5441E4
:105DFA00524745545F5241535042455252595049B5
:105E0A002F5441524745545F5250323034302F702C
:105E1A0069636F2D73646B2F7270325F636F6D6D80
:105E2A006F6E2F68617264776172655F706C6C2F38
:105E3A00706C6C2E630028706F73745F64697631BE
:105E4A00203E3D203120262620706F73745F6469DE
:105E5A007631203C3D2037292026262028706F7372
:105E6A00745F64697632203E3D20312026262070F8
:105E7A006F73745F64697632203C3D203729007065
:105E8A006F73745F64697632203C3D20706F73745F
:105E9A005F64697631007265665F6D687A203C3DA1
:105EAA00202876636F5F66726571202F203136294C
:015EBA0000E7
:095EBB00706C6C5F696E69740083
:105EC400486172647761726520616C61726D20252E
:105ED4006420616C726561647920636C61696D65CD
:025EE400640058
:105EE60075735F73696E63655F626F6F74203C3DA7
:105EF60020494E5436345F4D4158002E2F6D626551
:105F0600642D6F732F746172676574732F544152D9
:105F16004745545F52415350424552525950492FBA
:105F26005441524745545F5250323034302F7069D5
:105F3600636F2D73646B2F636F6D6D6F6E2F70695A
:105F4600636F5F626173652F696E636C7564652F3D
:0D5F56007069636F2F74797065732E680099
:105F630074696D65725F68772D3E696E7473202660
:105F7300203175203C3C20616C61726D5F6E756DE4
:105F8300002E2F6D6265642D6F732F7461726765C8
:105F930074732F5441524745545F52415350424505
:105FA30052525950492F5441524745545F5250322F
:105FB3003034302F7069636F2D73646B2F727032BE
:105FC3005F636F6D6D6F6E2F686172647761726569
:0F5FD3005F74696D65722F74696D65722E63005E
:105FE2007570646174655F75735F73696E63655F15
:055FF200626F6F7400F6
:105FF70068617264776172655F616C61726D5F730E
:0A60070065745F74617267657400D0
:106011004E6F7420657870656374696E6720444DB6
:1060210020746F2062652066756E6374696F6E20DF
:10603100380068775F6C696E655F73746174652899
:1060410029203D3D204C535F4A002E2F6D6265642F
:106051002D6F732F746172676574732F54415247AA
:1060610045545F52415350424552525950492F5461
:1060710041524745545F5250323034302F7069637A
:106081006F2D73646B2F7270325F636F6D6D6F6E06
:106091002F7069636F5F6669782F727032303430A8
:1060A1005F7573625F6465766963655F656E756D63
:1060B10065726174696F6E2F7270323034305F7542
:1060C10073625F6465766963655F656E756D657240
:0860D1006174696F6E2E63001B
:1060D90068775F656E756D65726174696F6E5F660D
:0E60E90069785F666F7263655F6C735F6A0053
:1060F7006D616E756661637475726572203D3D20D2
:106107004D414E5546414354555245525F525049B1
:10611700002E2F6D6265642D6F732F746172676532
:1061270074732F5441524745545F5241535042456F
:1061370052525950492F5441524745545F52503299
:106147003034302F7069636F2D73646B2F72703228
:106157005F636F6D6D6F6E2F7069636F5F706C61DA
:1061670074666F726D2F706C6174666F726D2E63DB
:106177000070617274203D3D20504152545F52506F
:026187003200E4
:106189007270323034305F636869705F766572733C
:04619900696F6E00BC
:10619D002C2066756E6374696F6E3A20006173739F
:1061AD00657274696F6E2022257322206661696C99
:1061BD0065643A2066696C6520222573222C206C5B
:0C61CD00696E65202564257325730A00A7
:1061D90031203D3D202875696E747074725F742991
:1061E9006C2D3E7370696E5F6C6F636B002E2F6D43
:1061F9006265642D6F732F746172676574732F54B0
:1062090041524745545F52415350424552525950A9
:10621900492F5441524745545F5250323034302F40
:106229007069636F2D73646B2F7270325F636F6D6A
:106239006D6F6E2F7069636F5F72756E74696D65CE
:0B6249002F72756E74696D652E630086
:106254000A2A2A2A2050414E4943202A2A2A0A007F
:0D62640072756E74696D655F696E69740016
:106271002E2F6D6265642D6F732F74617267657463
:10628100732F5441524745545F5241535042455236
:10629100525950492F5441524745545F5250323060
:1062A10034302F70776D6F75745F6170692E630084
:0C62B1006F626A20213D204E554C4C00CD
:1062BD00496E76616C69642073657269616C2070DA
:0462CD00696E730083
:1062D100556E737570706F72746564207061726948
:0362E100747900CD
:0362E400000201B4
:0862E80040420F0020000000FD
:0162F00000AD
:1062F4000020202020202020202028282828282092
:106304002020202020202020202020202020202089
:1063140020881010101010101010101010101010F1
:1063240010040404040404040404041010101010E1
:1063340010104141414141410101010101010101AB
:1063440001010101010101010101010110101010FD
:10635400101042424242424202020202020202027D
:1063640002020202020202020202020210101010D1
:1063740020000000000000000000000000000000F9
:106384000000000000000000000000000000000009
:1063940000000000000000000000000000000000F9
:1063A40000000000000000000000000000000000E9
:1063B40000000000000000000000000000000000D9
:1063C40000000000000000000000000000000000C9
:1063D40000000000000000000000000000000000B9
:1063E40000000000000000000000000000000000A9
:0163F40000A8
:0463F80098070020E2
:1063FC0043000000504F53495800000000000000BB
:04640C002E0000005E
:046410000A0000007E
:1064140064F60010B0F50010B0F500105AF6001044
:10642400B0F50010B0F50010B0F50010B0F5001094
:10643400B0F50010B0F500103EF6001036F600106E
:10644400B0F500102CF60010DEF50010B0F50010C9
:10645400D4F5001078F5001078F5001078F50010E8
:1064640078F5001078F5001078F5001078F5001034
:1064740078F5001078F50010B0F50010B0F50010B4
:10648400B0F50010B0F50010B0F50010B0F5001034
:10649400B0F50010B0F50010B0F50010B0F5001024
:1064A40054FC0010B0FB0010B0F50010B0FB00105D
:1064B400B0F50010B0F50010B0F50010B0F5001004
:1064C400A6FB0010B0F50010B0F5001082FB001020
:1064D400B0F50010B0F50010B0F50010B0F50010E4
:1064E400B0F50010BCFC0010B0F50010B0F50010C1
:1064F40088FC0010B0F50010B0F50010B0F50010E5
:10650400B0F50010B0F50010B0F50010B0F50010B3
:10651400B0F50010B0F50010B0F50010AEF80010A2
:1065240038F80010B0FB0010B0FB0010B0FB0010F6
:1065340078FB001038F80010B0F50010B0F500102A
:1065440068FB0010B0F5001008FB0010E2FA001020
:1065540042FB001038FB0010B0F50010D6F7001015
:10656400B0F500105AF70010B0F50010B0F50010A7
:0465740074F60010A9
:10657800494E4600696E66004E414E006E616E00DF
:106588003031323334353637383941424344454661
:106598000000000030313233343536373839616223
:1065A8006364656600000000286E756C6C29000045
:0465B80030000000AF
:1065BC0020202020202020202020202020202020CF
:1065CC0030303030303030303030303030303030BF
:1065DC002E0C011060130110601301103E0C011001
:1065EC00601301106013011060130110601301108F
:1065FC0060130110601301103E1001105E100110A9
:10660C0060130110661001106C1001106013011062
:10661C004C120110FC0B0110FC0B0110FC0B0110B7
:10662C00FC0B0110FC0B0110FC0B0110FC0B0110FE
:10663C00FC0B0110FC0B0110601301106013011016
:10664C00601301106013011060130110601301102E
:10665C00601301106013011060130110601301101E
:10666C004C110110C211011060130110C211011064
:10667C0060130110601301106013011060130110FE
:10668C006012011060130110601301106A120110E6
:10669C0060130110601301106013011060130110DE
:1066AC00601301109012011060130110601301109F
:1066BC00B812011060130110601301106013011067
:1066CC0060130110601301106013011060130110AE
:1066DC00601301106013011060130110EC12011013
:1066EC0024130110C2110110C2110110C2110110AA
:1066FC0036130110241301106013011060130110E4
:10670C002A11011060130110B8100110DC100110D7
:10671C000411011056120110601301104E0F0110DC
:10672C0060130110A60F011060130110601301100B
:04673C00480C0110F4
:10674000494E4600696E66004E414E006E616E0015
:106750003031323334353637383941424344454697
:106760000000000030313233343536373839616259
:106770006364656600000000286E756C6C2900007B
:0467800030000000E5
:106784002020202020202020202020202020202005
:1067940030303030303030303030303030303030F5
:1067A400496E66696E697479000000004E614E009E
:0467B40030000000B1
:1067B8000080E03779C34143176E05B5B5B89346F5
:1067C800F5F93FE9034F384D321D30F94877825AC1
:0867D8003CBF737FDD4F157516
:1067E000000000000000F03F000000000000244016
:1067F00000000000000059400000000000408F40F1
:10680000000000000088C34000000000006AF8405B
:106810000000000080842E4100000000D01263417F
:106820000000000084D797410000000065CDCD41F5
:10683000000000205FA00242000000E876483742D6
:10684000000000A2941A6D42000040E59C30A24274
:106850000000901EC4BCD64200003426F56B0C43E9
:106860000080E03779C3414300A0D8855734764390
:1068700000C84E676DC1AB43003D9160E458E143F1
:10688000408CB5781DAF154450EFE2D6E41A4B4466
:1068900092D54D06CFF08044F64AE1C7022DB544AB
:0868A000B49DD9794378EA4464
:0C68A80005000000190000007D00000049
:0868B400189AFE7F01000000AC
:1068BC0070B50B4B441C0B4DFF34082102781202AF
:1068CC0053401EB25A0093B2002E01DA6A4093B2C2
:1068DC0001390029F5D101308442EED1180070BD88
:1068EC00FFFF000021100000084A10B51378002BA0
:1068FC000AD18023064807495B051C68C450043341
:10690C008B42FAD10123137010BDC046ED08022052
:10691C00902400100001001010B5024B0133984771
:10692C0010BDC04690240020431E9841054B0230F8
:10693C001B6800025840C0239B001840024B186093
:10694C007047C0460C8001400C9001408023F0B58C
:10695C000A1804000D0085B09B039A4205D9412109
:10696C001D4B1E4A1E4800F003F9182614273388C5
:10697C001C493888984733881B49039038889847B6
:10698C0033881A49029038889847338801901849FF
:10699C0038889847039B0600002B07D0029B002BDE
:1069AC0004D0019B002B01D0002803D14921114BAD
:1069BC000A4AD7E7FFF798FF039B9847029B984733
:1069CC0080222000D82329005202019CA047B04706
:1069DC00FFF7A2FF05B0F0BD91460110075C011056
:1069EC00BD460110494600004558000052450000C4
:1069FC00464300001B4701108023F0B5140085B0FE
:106A0C001218050003919B039A4205D958211D4B7E
:106A1C001D4A1E4800F0ACF81826142733881C4970
:106A2C003888984733881B490290388898473388B0
:106A3C00194901903888984733880090174938884D
:106A4C009847029B0600002B07D0019B002B04D01B
:106A5C00009B002B01D0002803D16021104B0A4A67
:106A6C00D7E7FFF741FF029B9847019B984722000D
:106A7C0028000399009B9847B047FFF74DFF05B0DE
:106A8C00F0BDC04691460110195C0110BD460110C5
:106A9C004946000045580000525000004643000093
:106AAC006E470110F0B51826142485B03388019078
:106ABC0002912088274917009847338826490500FA
:106ACC0020889847338803902449208898470600EB
:106ADC00002D04D0039B002B01D0002805D1802170
:106AEC001F4B204A204800F043F8FFF7FDFEA84753
:106AFC00039B98470020FFF717FFC0223B00082597
:106B0C00022052053900194307D10120FFF70CFF71
:106B1C00B047FFF701FF05B0F0BD916A0C002C40A7
:106B2C0001420BD0002F09D0D91B0D2906D8019991
:106B3C00013F09781166019901310191002CE1D0D6
:106B4C00002BDFD0116E029C013B21702100013122
:106B5C000291D7E749460000455800004643000023
:106B6C00C34701102D5C0110BD4601100000000050
:106B7C0001B40248844601BC604700BFCDCF001071
:106B8C000000000001FF00000000000000000000F9
:106B9C0000000000000000000100000000000000E8
:106BAC0000000000000000000200000000000000D7
:106BBC0000000000000000000300000000000000C6
:106BCC0000000000000000000400000000000000B5
:106BDC0000000000000000000500000000000000A4
:106BEC000000000000000000060000000000000093
:106BFC000000000000000000070000000000000082
:106C0C000000000000000000080000000000000070
:106C1C00000000000000000009000000000000005F
:106C2C0000000000000000000A000000000000004E
:106C3C0000000000000000000B000000000000003D
:106C4C0000000000000000000C000000000000002C
:106C5C0000000000000000000D000000000000001B
:106C6C0000000000000000000E000000000000000A
:106C7C0000000000000000000F00000000000000F9
:106C8C0000000000000000001000000000000000E8
:106C9C0000000000000000001100000000000000D7
:106CAC0000000000000000001200000000000000C6
:106CBC0000000000000000001300000000000000B5
:106CCC0000000000000000001400000000000000A4
:106CDC000000000000000000150000000000000093
:106CEC000000000000000000160000000000000082
:106CFC000000000000000000170000000000000071
:106D0C00000000000000000018000000000000005F
:106D1C00000000000000000019000000000000004E
:106D2C0000000000000000001A000000000000003D
:106D3C0000000000000000001B000000000000002C
:106D4C0000000000000000001C000000000000001B
:106D5C0000000000000000001D000000000000000A
:106D6C00000000000000000008000000C0450110F9
:106D7C00D3B3FB0200000000000000000000000084
:106D8C0000000000000000000000000000000000F7
:106D9C0000000000000000000000000000000000E7
:106DAC0000000000000000000000000000000000D7
:106DBC0000000000000000000000000000000000C7
:106DCC0000000000000000000000000000000000B7
:106DDC0000000000000000000000000000000000A7
:106DEC000000000000000000000000000000000097
:106DFC000000000000000000000000000000000087
:106E0C000000000000000000000000000000000076
:106E1C00557A001089A10010FFFFFFFFFFFFFFFF55
:106E2C00FFFFFFFF0000000000000000000000005A
:106E3C000000000000000000000000000000000046
:106E4C000000000000000000000000000000000036
:106E5C000000000000000000000000000000000026
:106E6C000000000000000000000000000000000016
:106E7C000000000000000000000000000000000006
:106E8C0000000000000000000000000000000000F6
:106E9C0000000000000000000000000000000000E6
:106EAC0000000000000000000000000000000000D6
:106EBC0000000000000000000000000000000000C6
:106ECC0000000000000000000000000000000000B6
:106EDC0000000000000000000000000000000000A6
:106EEC000000000000000000000000000000000096
:106EFC000000000000000000000000000000000086
:106F0C000000000000000000000000000000000075
:106F1C000000000000000000405973070000000052
:106F2C000000010000000000000000000000020052
:106F3C000000000000000000000003000000000042
:106F4C00000000000000FF000000000000B54868D1
:106F5C0001318E460047704609380149884700BD0B
:106F6C00C1C700101000000000000000000000006D
:106F7C00503300004C3300005433000052330000F7
:106F8C00980700200000000000000000840A002088
:106F9C00EC0A0020540B0020000000000000000050
:106FAC0000000000000000000000000000000000D5
:106FBC0000000000000000000000000000000000C5
:106FCC0000000000000000000000000000000000B5
:106FDC0000000000000000000000000000000000A5
:106FEC000000000000000000000000000000000095
:106FFC000000000000000000000000000000000085
:10700C000000000000000000000000000000000074
:10701C000000000000000000000000000000000064
:10702C000000000000000000000000000000000054
:10703C0001000000000000000E33CDAB34126DE6F1
:10704C00ECDE05000B00000000000000000000005A
:10705C000000000000000000000000000000000024
:10706C000000000000000000000000000000000014
:10707C000000000000000000000000000000000004
:10708C0000000000000000000000000000000000F4
:10709C0000000000000000000000000000000000E4
:1070AC0000000000000000000000000000000000D4
:1070BC0000000000000000000000000000000000C4
:1070CC0000000000000000000000000000000000B4
:1070DC0000000000000000000000000000000000A4
:1070EC000000000000000000000000000000000094
:1070FC000000000000000000000000000000000084
:10710C000000000000000000000000000000000073
:10711C000000000000000000000000000000000063
:10712C000000000000000000000000000000000053
:10713C000000000000000000000000000000000043
:10714C000000000000000000000000000000000033
:10715C000000000000000000000000000000000023
:10716C000000000000000000000000000000000013
:10717C000000000000000000000000000000000003
:10718C0000000000000000000000000000000000F3
:10719C0000000000000000000000000000000000E3
:1071AC0000000000000000000000000000000000D3
:1071BC0000000000000000000000000000000000C3
:1071CC0000000000000000000000000000000000B3
:1071DC0000000000000000000000000000000000A3
:1071EC000000000000000000000000000000000093
:1071FC000000000000000000000000000000000083
:10720C000000000000000000000000000000000072
:10721C000000000000000000000000000000000062
:10722C000000000000000000000000000000000052
:10723C000000000000000000000000000000000042
:10724C000000000000000000000000000000000032
:10725C000000000000000000000000000000000022
:10726C000000000000000000000000000000000012
:10727C000000000000000000000000000000000002
:10728C0000000000000000000000000000000000F2
:10729C0000000000000000000000000000000000E2
:1072AC0000000000000000000000000000000000D2
:1072BC0000000000000000000000000000000000C2
:1072CC0000000000000000000000000000000000B2
:1072DC0000000000000000000000000000000000A2
:1072EC000000000000000000000000000000000092
:1072FC000000000000000000000000000000000082
:10730C000000000000000000000000000000000071
:10731C000000000000000000000000000000000061
:10732C000000000000000000000000000000000051
:10733C000000000000000000000000000000000041
:10734C000000000000000000000000000000000031
:10735C000000000000000000000000000000000021
:10736C000000000000000000000000000000000011
:10737C000000000000000000000000000000000001
:10738C0000000000000000000000000000000000F1
:10739C0000000000000000000000000000000000E1
:1073AC0000000000000000000000000000000000D1
:1073BC00430000000000000000000000000000007E
:1073CC0000000000000000000000000000000000B1
:1073DC00430000000000000000000000000000005E
:1073EC000000000000000000000000000000000091
:1073FC00430000000000000000000000000000003E
:10740C000000000000000000000000000000000070
:10741C00430000000000000000000000000000001D
:10742C000000000000000000000000000000000050
:10743C0043000000000000000000000000000000FD
:10744C000000000000000000000000000000000030
:10745C0043000000000000000000000000000000DD
:10746C000000000000000000000000000000000010
:10747C0043000000000000000000000000000000BD
:10748C0000000000000000000000000000000000F0
:10749C0085220110B9EB001000000000F46201100D
:1074AC000C640110086401100864011008640110D8
:1074BC0008640110086401100864011008640110CC
:1074CC000864011008640110FFFFFFFFFFFFFFFFBE
:1074DC00FFFFFFFFFFFF000001004153434949003C
:1074EC000000000000000000000000000000000090
:1074FC000000000000000000000041534349490017
:10750C00000000000000000000000000000000006F
:10751C00000000000000000000000000000000005F
:10752C00000000002C0D00202C0D0020340D00203C
:10753C00340D00203C0D00203C0D0020440D00209B
:10754C00440D00204C0D00204C0D0020540D00204B
:10755C00540D00205C0D00205C0D0020640D0020FB
:10756C00640D00206C0D00206C0D0020740D0020AB
:10757C00740D00207C0D00207C0D0020840D00205B
:10758C00840D00208C0D00208C0D0020940D00200B
:10759C00940D00209C0D00209C0D0020A40D0020BB
:1075AC00A40D0020AC0D0020AC0D0020B40D00206B
:1075BC00B40D0020BC0D0020BC0D0020C40D00201B
:1075CC00C40D0020CC0D0020CC0D0020D40D0020CB
:1075DC00D40D0020DC0D0020DC0D0020E40D00207B
:1075EC00E40D0020EC0D0020EC0D0020F40D00202B
:1075FC00F40D0020FC0D0020FC0D0020040E0020DA
:10760C00040E00200C0E00200C0E0020140E002086
:10761C00140E00201C0E00201C0E0020240E002036
:10762C00240E00202C0E00202C0E0020340E0020E6
:10763C00340E00203C0E00203C0E0020440E002096
:10764C00440E00204C0E00204C0E0020540E002046
:10765C00540E00205C0E00205C0E0020640E0020F6
:10766C00640E00206C0E00206C0E0020740E0020A6
:10767C00740E00207C0E00207C0E0020840E002056
:10768C00840E00208C0E00208C0E0020940E002006
:10769C00940E00209C0E00209C0E0020A40E0020B6
:1076AC00A40E0020AC0E0020AC0E0020B40E002066
:1076BC00B40E0020BC0E0020BC0E0020C40E002016
:1076CC00C40E0020CC0E0020CC0E0020D40E0020C6
:1076DC00D40E0020DC0E0020DC0E0020E40E002076
:1076EC00E40E0020EC0E0020EC0E0020F40E002026
:1076FC00F40E0020FC0E0020FC0E0020040F0020D5
:10770C00040F00200C0F00200C0F0020140F002081
:10771C00140F00201C0F00201C0F0020240F002031
:10772C00240F00202C0F00202C0F0020340F0020E1
:10773C00340F00203C0F00203C0F0020440F002091
:10774C00440F00204C0F00204C0F0020540F002041
:10775C00540F00205C0F00205C0F0020640F0020F1
:10776C00640F00206C0F00206C0F0020740F0020A1
:10777C00740F00207C0F00207C0F0020840F002051
:10778C00840F00208C0F00208C0F0020940F002001
:10779C00940F00209C0F00209C0F0020A40F0020B1
:1077AC00A40F0020AC0F0020AC0F0020B40F002061
:1077BC00B40F0020BC0F0020BC0F0020C40F002011
:1077CC00C40F0020CC0F0020CC0F0020D40F0020C1
:1077DC00D40F0020DC0F0020DC0F0020E40F002071
:1077EC00E40F0020EC0F0020EC0F0020F40F002021
:1077FC00F40F0020FC0F0020FC0F002004100020D0
:10780C00041000200C1000200C100020141000207C
:10781C00141000201C1000201C100020241000202C
:10782C00241000202C1000202C10002034100020DC
:10783C00341000203C1000203C100020441000208C
:10784C00441000204C1000204C100020541000203C
:10785C00541000205C1000205C10002064100020EC
:10786C00641000206C1000206C100020741000209C
:10787C00741000207C1000207C100020841000204C
:10788C00841000208C1000208C10002094100020FC
:10789C00941000209C1000209C100020A4100020AC
:1078AC00A4100020AC100020AC100020B41000205C
:1078BC00B4100020BC100020BC100020C41000200C
:1078CC00C4100020CC100020CC100020D4100020BC
:1078DC00D4100020DC100020DC100020E41000206C
:1078EC00E4100020EC100020EC100020F41000201C
:1078FC00F4100020FC100020FC10002004110020CB
:10790C00041100200C1100200C1100201411002077
:10791C00141100201C1100201C1100202411002027
:10792C0024110020FFFFFFFF00000200450400109F
:10793C0091380010AD020010053F00102D530010BF
:08794C0041550010F95600102E
:10796000314BF0B5202207001C0085B09869104209
:10797000FCD1AA221A602023A2691A42FCD1F82362
:1079800020222360A3691340FCD123602033A56922
:107990001D40FCD1F8232360EFF3108672B6FF314F
:1079A000090A0B020193019B9D4229D12023A26960
:1079B0001A42FCD1AA2323608A3BA2691A42FCD155
:1079C000F42320222360A3691340FCD123602033D9
:1079D000A2691A42FCD1F4232360743BA2691A42C3
:1079E000FCD00822A3691340FCD186F310880F4A0B
:1079F0000393039B934213D8039B01330393F8E74C
:107A00002B0504D1802128004901C0F757F88022B6
:107A10007919280052000135C0F7A6F8FF35C2E7F2
:107A2000034B044A1A60FEE7004003407F841E00B7
:087A30000CED00E00400FA0572
:04000005100001D511
:00000001FF
